"timestamp","city","hour","day_of_week","month","day_of_year","hour_sin","hour_cos","month_sin","month_cos","doy_sin","doy_cos","is_weekend","is_peak_hour","is_night","season","temp_c","humidity_pct","windspeed_kmh","winddir_deg","windgusts_kmh","pressure_hpa","uv_index","dew_point_c","cloudcover_pct","visibility_m","precipitation_mm","rain_mm","heat_index_c","wind_chill_c","apparent_temp_delta","weathercode","aqi","dominant_poll","pm25_iaqi","pm10_iaqi","no2_iaqi","o3_iaqi","co_iaqi","so2_iaqi","aqi_cat_ordinal","aqi_cat_label","pollution_accumulation_idx","ventilation_idx","humidity_pm25_interaction","uv_o3_interaction","temp_range_c","temp_variance","wind_variance","aqi_lag_1h","aqi_lag_3h","aqi_lag_6h","aqi_lag_24h","aqi_rolling_3h_mean","aqi_rolling_3h_std","aqi_rolling_6h_mean","aqi_rolling_24h_mean","aqi_rolling_24h_max","aqi_change_rate_1h","aqi_change_rate_6h","aqi_change_rate_24h","target_aqi_current","target_aqi_cat_current","target_pm25_day1_avg","target_pm25_day2_avg","target_aqi_cat_day1","target_aqi_cat_day2","target_trend_direction"
"2026-02-09T00:00:00+00:00","Lahore","0","0","2","40","0.0","1.0","0.866025","0.5","0.635432","0.772157","0","0","1","0","12.0","72","2.3","141","3.2","1013.6","0","7.1","100","","0.0","0.0","","","-1.1","3","71","pm25","98","41","18","39","2","4","1","Moderate","73.287","3.2394","70.56","0","","","","","","","","","","","","","","","","71","1","98","98","1","1","0"
"2026-02-09T01:00:00+00:00","Lahore","1","0","2","40","0.258819","0.965926","0.866025","0.5","0.635432","0.772157","0","0","1","0","11.4","74","2.6","155","4.3","1014.1","0","6.9","100","","0.0","0.0","","","-1.1","3","71","pm25","98","41","18","39","2","4","1","Moderate","65.5846","3.662","72.52","0","","","","71.0","","","","","","","","","","","","71","1","98","98","1","1","0"
"2026-02-09T02:00:00+00:00","Lahore","2","0","2","40","0.5","0.866025","0.866025","0.5","0.635432","0.772157","0","0","1","0","11.4","73","2.9","158","4.7","1014.6","0","6.7","99","","0.0","0.0","","","-1.3","3","71","pm25","98","41","18","39","2","4","1","Moderate","58.4621","4.0845","71.54","0","","","","71.0","","","","","","","","","0.0","","","71","1","98","98","1","1","0"
"2026-02-09T03:00:00+00:00","Lahore","3","0","2","40","0.707107","0.707107","0.866025","0.5","0.635432","0.772157","0","0","1","0","12.9","65","5.7","152","10.1","1015.2","0","6.4","88","","0.0","0.0","","","-1.8","3","71","pm25","98","41","18","39","2","4","1","Moderate","28.3684","8.0282","63.7","0","","","","71.0","71.0","","","71.0","0.0","","","","0.0","","","71","1","98","98","1","1","0"
"2026-02-09T04:00:00+00:00","Lahore","4","0","2","40","0.866025","0.5","0.866025","0.5","0.635432","0.772157","0","0","1","0","15.8","54","3.5","114","11.5","1015.9","0","6.6","100","","0.0","0.0","","","-1.4","3","71","pm25","98","41","18","39","2","4","1","Moderate","43.12","4.9296","52.92","0","","","","71.0","71.0","","","71.0","0.0","","","","0.0","","","71","1","98","98","1","1","0"
"2026-02-09T05:00:00+00:00","Lahore","5","0","2","40","0.965926","0.258819","0.866025","0.5","0.635432","0.772157","0","0","1","0","19.0","45","3.2","117","13.0","1016.2","0","6.7","100","","0.0","0.0","","","-1.4","3","71","pm25","98","41","18","39","2","4","1","Moderate","44.4062","4.507","44.1","0","","","","71.0","71.0","","","71.0","0.0","","","","0.0","","","71","1","98","98","1","1","0"
"2026-02-09T06:00:00+00:00","Lahore","6","0","2","40","1.0","0.0","0.866025","0.5","0.635432","0.772157","0","0","0","0","21.4","39","3.8","121","15.1","1016.5","0","7.1","100","","0.0","0.0","","","-1.3","3","71","pm25","98","41","18","39","2","4","1","Moderate","35.8474","5.3521","38.22","0","","","","71.0","71.0","71.0","","71.0","0.0","71.0","","","0.0","0.0","","71","1","98","98","1","1","0"
"2026-02-09T07:00:00+00:00","Lahore","7","0","2","40","0.965926","-0.258819","0.866025","0.5","0.635432","0.772157","0","1","0","0","23.2","33","3.6","147","16.6","1016.2","0","6.1","100","","0.0","0.0","","","-1.4","3","71","pm25","98","41","18","39","2","4","1","Moderate","36.2056","5.0704","32.34","0","","","","71.0","71.0","71.0","","71.0","0.0","71.0","","","0.0","0.0","","71","1","98","98","1","1","0"
"2026-02-09T08:00:00+00:00","Lahore","8","0","2","40","0.866025","-0.5","0.866025","0.5","0.635432","0.772157","0","1","0","0","24.2","29","1.9","119","15.5","1015.2","0","5.2","99","","0.0","0.0","","","-1.2","3","71","pm25","98","41","18","39","2","4","1","Moderate","66.5368","2.6761","28.42","0","","","","71.0","71.0","71.0","","71.0","0.0","71.0","","","0.0","0.0","","71","1","98","98","1","1","0"
"2026-02-09T09:00:00+00:00","Lahore","9","0","2","40","0.707107","-0.707107","0.866025","0.5","0.635432","0.772157","0","1","0","0","24.8","27","2.7","90","14.0","1014.3","0","4.7","100","","0.0","0.0","","","-1.7","3","71","pm25","98","41","18","39","2","4","1","Moderate","46.0963","3.8028","26.46","0","","","","71.0","71.0","71.0","","71.0","0.0","71.0","","","0.0","0.0","","71","1","98","98","1","1","0"
"2026-02-09T10:00:00+00:00","Lahore","10","0","2","40","0.5","-0.866025","0.866025","0.5","0.635432","0.772157","0","0","0","0","24.4","29","6.2","83","17.6","1013.9","0","5.2","100","","0.0","0.0","","","-2.1","3","71","pm25","98","41","18","39","2","4","1","Moderate","20.3903","8.7324","28.42","0","","","","71.0","71.0","71.0","","71.0","0.0","71.0","","","0.0","0.0","","71","1","98","98","1","1","0"
"2026-02-09T11:00:00+00:00","Lahore","11","0","2","40","0.258819","-0.965926","0.866025","0.5","0.635432","0.772157","0","0","0","0","23.0","41","11.0","85","25.2","1014.0","0","8.9","100","","0.0","0.0","","","-1.9","3","71","pm25","98","41","18","39","2","4","1","Moderate","12.5618","15.493","40.18","0","","","","71.0","71.0","71.0","","71.0","0.0","71.0","","","0.0","0.0","","71","1","98","98","1","1","0"
"2026-02-09T12:00:00+00:00","Lahore","12","0","2","40","0.0","-1.0","0.866025","0.5","0.635432","0.772157","0","0","0","0","20.8","53","11.7","89","25.9","1013.9","0","10.8","96","","0.0","0.0","","","-1.5","3","71","pm25","98","41","18","39","2","4","1","Moderate","12.8154","16.4789","51.94","0","","","","71.0","71.0","71.0","","71.0","0.0","71.0","","","0.0","0.0","","71","1","98","98","1","1","0"
"2026-02-09T13:00:00+00:00","Lahore","13","0","2","40","-0.258819","-0.965926","0.866025","0.5","0.635432","0.772157","0","0","0","0","19.6","57","8.7","107","22.7","1014.4","0","10.9","100","","0.0","0.0","","","-1.0","3","71","pm25","98","41","18","39","2","4","1","Moderate","17.6851","12.2535","55.86","0","","","","71.0","71.0","71.0","","71.0","0.0","71.0","","","0.0","0.0","","71","1","98","98","1","1","0"
"2026-02-09T14:00:00+00:00","Lahore","14","0","2","40","-0.5","-0.866025","0.866025","0.5","0.635432","0.772157","0","0","0","0","19.1","62","7.9","103","16.2","1015.2","0","11.7","100","","0.0","0.0","","","-0.6","3","71","pm25","98","41","18","39","2","4","1","Moderate","20.0962","11.1268","60.76","0","","","","71.0","71.0","71.0","","71.0","0.0","71.0","","","0.0","0.0","","71","1","98","98","1","1","0"
"2026-02-09T15:00:00+00:00","Lahore","15","0","2","40","-0.707107","-0.707107","0.866025","0.5","0.635432","0.772157","0","0","0","0","18.7","64","7.1","100","15.5","1015.5","0","11.9","98","","0.0","0.0","","","-0.5","3","71","pm25","98","41","18","39","2","4","1","Moderate","22.6366","10.0","62.72","0","","","","71.0","71.0","71.0","","71.0","0.0","71.0","","","0.0","0.0","","71","1","98","98","1","1","0"
"2026-02-09T16:00:00+00:00","Lahore","16","0","2","40","-0.866025","-0.5","0.866025","0.5","0.635432","0.772157","0","0","0","0","17.5","69","7.4","91","13.7","1016.1","0","11.8","77","","0.0","0.0","","","-0.5","2","71","pm25","98","41","18","39","2","4","1","Moderate","22.3811","10.4225","67.62","0","","","","71.0","71.0","71.0","","71.0","0.0","71.0","","","0.0","0.0","","71","1","98","98","1","1","0"
"2026-02-09T17:00:00+00:00","Lahore","17","0","2","40","-0.965926","-0.258819","0.866025","0.5","0.635432","0.772157","0","1","0","0","16.0","76","4.7","94","13.7","1016.2","0","11.7","32","","0.0","0.0","","","-0.2","1","71","pm25","98","41","18","39","2","4","1","Moderate","36.6979","6.6197","74.48","0","","","","71.0","71.0","71.0","","71.0","0.0","71.0","","","0.0","0.0","","71","1","98","98","1","1","0"
"2026-02-09T18:00:00+00:00","Lahore","18","0","2","40","-1.0","-0.0","0.866025","0.5","0.635432","0.772157","0","1","0","0","15.4","78","5.2","88","8.3","1016.3","0","11.6","70","","0.0","0.0","","","-0.3","2","71","pm25","98","41","18","39","2","4","1","Moderate","33.5462","7.3239","76.44","0","","","","71.0","71.0","71.0","","71.0","0.0","71.0","","","0.0","0.0","","71","1","98","98","1","1","0"
"2026-02-09T19:00:00+00:00","Lahore","19","0","2","40","-0.965926","0.258819","0.866025","0.5","0.635432","0.772157","0","1","0","0","15.2","78","6.5","77","11.2","1016.2","0","11.4","79","","0.0","0.0","","","-0.4","2","71","pm25","98","41","18","39","2","4","1","Moderate","26.8369","9.1549","76.44","0","","","","71.0","71.0","71.0","","71.0","0.0","71.0","","","0.0","0.0","","71","1","98","98","1","1","0"
"2026-02-09T20:00:00+00:00","Lahore","20","0","2","40","-0.866025","0.5","0.866025","0.5","0.635432","0.772157","0","0","0","0","14.9","79","7.4","67","13.3","1015.9","0","11.4","88","","0.0","0.0","","","-0.7","3","71","pm25","98","41","18","39","2","4","1","Moderate","23.7054","10.4225","77.42","0","","","","71.0","71.0","71.0","","71.0","0.0","71.0","","","0.0","0.0","","71","1","98","98","1","1","0"
"2026-02-09T21:00:00+00:00","Lahore","21","0","2","40","-0.707107","0.707107","0.866025","0.5","0.635432","0.772157","0","0","0","0","13.8","85","7.6","76","14.0","1015.2","0","11.2","100","","0.0","0.0","","","-0.8","3","71","pm25","98","41","18","39","2","4","1","Moderate","23.8553","10.7042","83.3","0","","","","71.0","71.0","71.0","","71.0","0.0","71.0","","","0.0","0.0","","71","1","98","98","1","1","0"
"2026-02-09T22:00:00+00:00","Lahore","22","0","2","40","-0.5","0.866025","0.866025","0.5","0.635432","0.772157","0","0","1","0","13.4","86","7.7","87","14.4","1014.8","0","11.0","99","","0.0","0.0","","","-0.9","3","71","pm25","98","41","18","39","2","4","1","Moderate","23.6727","10.8451","84.28","0","","","","71.0","71.0","71.0","","71.0","0.0","71.0","","","0.0","0.0","","71","1","98","98","1","1","0"
"2026-02-09T23:00:00+00:00","Lahore","23","0","2","40","-0.258819","0.965926","0.866025","0.5","0.635432","0.772157","0","0","1","0","12.6","89","5.6","90","14.0","1014.8","0","10.8","100","","0.0","0.0","","","-0.6","3","71","pm25","98","41","18","39","2","4","1","Moderate","33.075","7.8873","87.22","0","","","","71.0","71.0","71.0","","71.0","0.0","71.0","","","0.0","0.0","","71","1","98","98","1","1","0"
"2026-02-10T00:00:00+00:00","Lahore","0","1","2","41","0.0","1.0","0.866025","0.5","0.64863","0.761104","0","0","1","0","12.0","92","4.1","67","9.7","1015.6","0","10.8","100","","0.0","0.0","","","-0.3","3","65","pm25","109","28","18","53","5","6","1","Moderate","51.0439","6.3077","100.28","0","","","","71.0","71.0","71.0","71.0","71.0","0.0","71.0","71.0","71.0","0.0","0.0","0.0","65","1","109","109","1","1","0"
"2026-02-10T01:00:00+00:00","Lahore","1","1","2","41","0.258819","0.965926","0.866025","0.5","0.64863","0.761104","0","0","1","0","11.9","93","4.2","102","7.9","1015.9","0","10.8","100","","0.0","0.0","","","-0.4","3","65","pm25","109","28","18","53","5","6","1","Moderate","50.0881","6.4615","101.37","0","","","","65.0","71.0","71.0","71.0","69.0","2.83","70.0","70.75","71.0","-6.0","-1.0","-0.25","65","1","109","109","1","1","-1"
"2026-02-10T02:00:00+00:00","Lahore","2","1","2","41","0.5","0.866025","0.866025","0.5","0.64863","0.761104","0","0","1","0","11.6","94","2.2","355","6.8","1017.1","0","10.6","100","","0.0","0.0","","","-0.2","3","65","pm25","109","28","18","53","5","6","1","Moderate","96.1182","3.3846","102.46","0","","","","65.0","71.0","71.0","71.0","67.0","2.83","69.0","70.5","71.0","0.0","-1.0","-0.25","65","1","109","109","1","1","0"
"2026-02-10T03:00:00+00:00","Lahore","3","1","2","41","0.707107","0.707107","0.866025","0.5","0.64863","0.761104","0","0","1","0","12.6","88","4.4","12","10.8","1017.6","0","10.8","99","","0.0","0.0","","","-0.4","3","65","pm25","109","28","18","53","5","6","1","Moderate","46.5727","6.7692","95.92","0","","","","65.0","65.0","71.0","71.0","65.0","0.0","68.0","70.25","71.0","0.0","-1.0","-0.25","65","1","109","109","1","1","0"
"2026-02-10T04:00:00+00:00","Lahore","4","1","2","41","0.866025","0.5","0.866025","0.5","0.64863","0.761104","0","0","1","0","15.0","76","3.1","31","11.9","1018.1","0","10.9","97","","0.0","0.0","","","-0.2","3","65","pm25","109","28","18","53","5","6","1","Moderate","61.8839","4.7692","82.84","0","","","","65.0","65.0","71.0","71.0","65.0","0.0","67.0","70.0","71.0","0.0","-1.0","-0.25","65","1","109","109","1","1","0"
"2026-02-10T05:00:00+00:00","Lahore","5","1","2","41","0.965926","0.258819","0.866025","0.5","0.64863","0.761104","0","0","1","0","17.8","65","3.7","23","14.8","1018.2","0","11.0","90","","0.0","0.0","","","-0.3","3","65","pm25","109","28","18","53","5","6","1","Moderate","48.6081","5.6923","70.85","0","","","","65.0","65.0","71.0","71.0","65.0","0.0","66.0","69.75","71.0","0.0","-1.0","-0.25","65","1","109","109","1","1","0"
"2026-02-10T06:00:00+00:00","Lahore","6","1","2","41","1.0","0.0","0.866025","0.5","0.64863","0.761104","0","0","0","0","19.8","58","7.3","9","19.1","1018.8","0","11.2","31","","0.0","0.0","","","-0.7","1","65","pm25","109","28","18","53","5","6","1","Moderate","23.5918","11.2308","63.22","0","","","","65.0","65.0","65.0","71.0","65.0","0.0","65.0","69.5","71.0","0.0","0.0","-0.25","65","1","109","109","1","1","0"
"2026-02-10T07:00:00+00:00","Lahore","7","1","2","41","0.965926","-0.258819","0.866025","0.5","0.64863","0.761104","0","1","0","0","21.3","50","7.9","33","24.1","1018.2","0","10.4","30","","0.0","0.0","","","-1.0","1","65","pm25","109","28","18","53","5","6","1","Moderate","20.6962","12.1538","54.5","0","","","","65.0","65.0","65.0","71.0","65.0","0.0","65.0","69.25","71.0","0.0","0.0","-0.25","65","1","109","109","1","1","0"
"2026-02-10T08:00:00+00:00","Lahore","8","1","2","41","0.866025","-0.5","0.866025","0.5","0.64863","0.761104","0","1","0","0","22.2","43","7.8","40","23.8","1017.5","0","9.2","40","","0.0","0.0","","","-1.2","1","65","pm25","109","28","18","53","5","6","1","Moderate","19.9833","12.0","46.87","0","","","","65.0","65.0","65.0","71.0","65.0","0.0","65.0","69.0","71.0","0.0","0.0","-0.25","65","1","109","109","1","1","0"
"2026-02-10T09:00:00+00:00","Lahore","9","1","2","41","0.707107","-0.707107","0.866025","0.5","0.64863","0.761104","0","1","0","0","22.9","40","7.3","40","24.8","1016.6","0","8.4","34","","0.0","0.0","","","-1.4","1","65","pm25","109","28","18","53","5","6","1","Moderate","20.9041","11.2308","43.6","0","","","","65.0","65.0","65.0","71.0","65.0","0.0","65.0","68.75","71.0","0.0","0.0","-0.25","65","1","109","109","1","1","0"
"2026-02-10T10:00:00+00:00","Lahore","10","1","2","41","0.5","-0.866025","0.866025","0.5","0.64863","0.761104","0","0","0","0","22.9","38","8.5","24","23.8","1016.6","0","7.7","28","","0.0","0.0","","","-1.9","1","65","pm25","109","28","18","53","5","6","1","Moderate","17.6965","13.0769","41.42","0","","","","65.0","65.0","65.0","71.0","65.0","0.0","65.0","68.5","71.0","0.0","0.0","-0.25","65","1","109","109","1","1","0"
"2026-02-10T11:00:00+00:00","Lahore","11","1","2","41","0.258819","-0.965926","0.866025","0.5","0.64863","0.761104","0","0","0","0","22.2","39","12.3","18","29.2","1016.6","0","7.5","19","","0.0","0.0","","","-2.4","0","65","pm25","109","28","18","53","5","6","1","Moderate","12.3179","18.9231","42.51","0","","","","65.0","65.0","65.0","71.0","65.0","0.0","65.0","68.25","71.0","0.0","0.0","-0.25","65","1","109","109","1","1","0"
"2026-02-10T12:00:00+00:00","Lahore","12","1","2","41","0.0","-1.0","0.866025","0.5","0.64863","0.761104","0","0","0","0","21.9","43","8.5","58","31.0","1016.3","0","8.9","15","","0.0","0.0","","","-1.6","0","65","pm25","109","28","18","53","5","6","1","Moderate","18.3376","13.0769","46.87","0","","","","65.0","65.0","65.0","71.0","65.0","0.0","65.0","68.0","71.0","0.0","0.0","-0.25","65","1","109","109","1","1","0"
"2026-02-10T13:00:00+00:00","Lahore","13","1","2","41","-0.258819","-0.965926","0.866025","0.5","0.64863","0.761104","0","0","0","0","20.0","53","6.4","47","16.6","1017.3","0","10.1","22","","0.0","0.0","","","-0.9","1","65","pm25","109","28","18","53","5","6","1","Moderate","26.0578","9.8462","57.77","0","","","","65.0","65.0","65.0","71.0","65.0","0.0","65.0","67.75","71.0","0.0","0.0","-0.25","65","1","109","109","1","1","0"
"2026-02-10T14:00:00+00:00","Lahore","14","1","2","41","-0.5","-0.866025","0.866025","0.5","0.64863","0.761104","0","0","0","0","18.5","60","9.3","22","18.4","1018.6","0","10.4","20","","0.0","0.0","","","-1.3","1","65","pm25","109","28","18","53","5","6","1","Moderate","18.7527","14.3077","65.4","0","","","","65.0","65.0","65.0","71.0","65.0","0.0","65.0","67.5","71.0","0.0","0.0","-0.25","65","1","109","109","1","1","0"
"2026-02-10T15:00:00+00:00","Lahore","15","1","2","41","-0.707107","-0.707107","0.866025","0.5","0.64863","0.761104","0","0","0","0","17.2","68","9.6","23","19.1","1019.4","0","11.1","14","","0.0","0.0","","","-1.0","0","65","pm25","109","28","18","53","5","6","1","Moderate","19.075","14.7692","74.12","0","","","","65.0","65.0","65.0","71.0","65.0","0.0","65.0","67.25","71.0","0.0","0.0","-0.25","65","1","109","109","1","1","0"
"2026-02-10T16:00:00+00:00","Lahore","16","1","2","41","-0.866025","-0.5","0.866025","0.5","0.64863","0.761104","0","0","0","0","16.2","73","7.1","38","18.7","1020.2","0","11.3","21","","0.0","0.0","","","-0.6","1","65","pm25","109","28","18","53","5","6","1","Moderate","26.5592","10.9231","79.57","0","","","","65.0","65.0","65.0","71.0","65.0","0.0","65.0","67.0","71.0","0.0","0.0","-0.25","65","1","109","109","1","1","0"
"2026-02-10T17:00:00+00:00","Lahore","17","1","2","41","-0.965926","-0.258819","0.866025","0.5","0.64863","0.761104","0","1","0","0","15.8","74","8.2","15","15.8","1020.4","0","11.1","13","","0.0","0.0","","","-0.9","0","65","pm25","109","28","18","53","5","6","1","Moderate","23.1293","12.6154","80.66","0","","","","65.0","65.0","65.0","71.0","65.0","0.0","65.0","66.75","71.0","0.0","0.0","-0.25","65","1","109","109","1","1","0"
"2026-02-10T18:00:00+00:00","Lahore","18","1","2","41","-1.0","-0.0","0.866025","0.5","0.64863","0.761104","0","1","0","0","15.8","77","5.7","347","16.2","1020.1","0","11.8","16","","0.0","0.0","","","-0.3","0","65","pm25","109","28","18","53","5","6","1","Moderate","33.8474","8.7692","83.93","0","","","","65.0","65.0","65.0","71.0","65.0","0.0","65.0","66.5","71.0","0.0","0.0","-0.25","65","1","109","109","1","1","0"
"2026-02-10T19:00:00+00:00","Lahore","19","1","2","41","-0.965926","0.258819","0.866025","0.5","0.64863","0.761104","0","1","0","0","15.6","75","6.2","10","13.0","1020.0","0","11.1","17","","0.0","0.0","","","-0.6","0","65","pm25","109","28","18","53","5","6","1","Moderate","30.7661","9.5385","81.75","0","","","","65.0","65.0","65.0","71.0","65.0","0.0","65.0","66.25","71.0","0.0","0.0","-0.25","65","1","109","109","1","1","0"
"2026-02-10T20:00:00+00:00","Lahore","20","1","2","41","-0.866025","0.5","0.866025","0.5","0.64863","0.761104","0","0","0","0","14.8","75","5.0","358","11.9","1020.1","0","10.4","5","","0.0","0.0","","","-0.6","0","65","pm25","109","28","18","53","5","6","1","Moderate","38.15","7.6923","81.75","0","","","","65.0","65.0","65.0","71.0","65.0","0.0","65.0","66.0","71.0","0.0","0.0","-0.25","65","1","109","109","1","1","0"
"2026-02-10T21:00:00+00:00","Lahore","21","1","2","41","-0.707107","0.707107","0.866025","0.5","0.64863","0.761104","0","0","0","0","13.9","77","7.4","353","13.7","1020.1","0","10.0","1","","0.0","0.0","","","-1.0","0","65","pm25","109","28","18","53","5","6","1","Moderate","26.0716","11.3846","83.93","0","","","","65.0","65.0","65.0","71.0","65.0","0.0","65.0","65.75","71.0","0.0","0.0","-0.25","65","1","109","109","1","1","0"
"2026-02-10T22:00:00+00:00","Lahore","22","1","2","41","-0.5","0.866025","0.866025","0.5","0.64863","0.761104","0","0","1","0","13.4","76","9.5","345","19.1","1020.2","0","9.4","0","","0.0","0.0","","","-1.6","0","65","pm25","109","28","18","53","5","6","1","Moderate","20.1937","14.6154","82.84","0","","","","65.0","65.0","65.0","71.0","65.0","0.0","65.0","65.5","71.0","0.0","0.0","-0.25","65","1","109","109","1","1","0"
"2026-02-10T23:00:00+00:00","Lahore","23","1","2","41","-0.258819","0.965926","0.866025","0.5","0.64863","0.761104","0","0","1","0","12.9","75","10.1","349","20.2","1019.8","0","8.6","0","","0.0","0.0","","","-1.9","0","65","pm25","109","28","18","53","5","6","1","Moderate","18.8861","15.5385","81.75","0","","","","65.0","65.0","65.0","71.0","65.0","0.0","65.0","65.25","71.0","0.0","0.0","-0.25","65","1","109","109","1","1","0"
"2026-02-11T00:00:00+00:00","Lahore","0","2","2","42","0.0","1.0","0.866025","0.5","0.661635","0.749826","0","0","1","0","12.8","65","11.2","344","21.2","1020.3","0","6.4","0","","0.0","0.0","","","-2.6","0","73","pm25","100","37","9","53","5","3","1","Moderate","14.7321","15.3425","65.0","0","","","","65.0","65.0","65.0","65.0","65.0","0.0","65.0","65.0","65.0","0.0","0.0","0.0","73","1","100","100","1","1","0"
"2026-02-11T01:00:00+00:00","Lahore","1","2","2","42","0.258819","0.965926","0.866025","0.5","0.661635","0.749826","0","0","1","0","12.6","69","11.7","343","23.0","1020.7","0","7.2","0","","0.0","0.0","","","-2.4","0","73","pm25","100","37","9","53","5","3","1","Moderate","14.4444","16.0274","69.0","0","","","","73.0","65.0","65.0","65.0","67.67","3.77","66.33","65.33","73.0","8.0","1.3333","0.3333","73","1","100","100","1","1","1"
"2026-02-11T02:00:00+00:00","Lahore","2","2","2","42","0.5","0.866025","0.866025","0.5","0.661635","0.749826","0","0","1","0","12.4","73","11.2","338","23.0","1021.3","0","7.7","0","","0.0","0.0","","","-2.3","0","73","pm25","100","37","9","53","5","3","1","Moderate","15.4464","15.3425","73.0","0","","","","73.0","65.0","65.0","65.0","70.33","3.77","67.67","65.67","73.0","0.0","1.3333","0.3333","73","1","100","100","1","1","0"
"2026-02-11T03:00:00+00:00","Lahore","3","2","2","42","0.707107","0.707107","0.866025","0.5","0.661635","0.749826","0","0","1","0","13.4","68","10.7","340","22.0","1021.7","0","7.6","0","","0.0","0.0","","","-2.2","0","73","pm25","100","37","9","53","5","3","1","Moderate","15.7009","14.6575","68.0","0","","","","73.0","73.0","65.0","65.0","73.0","0.0","69.0","66.0","73.0","0.0","1.3333","0.3333","73","1","100","100","1","1","0"
"2026-02-11T04:00:00+00:00","Lahore","4","2","2","42","0.866025","0.5","0.866025","0.5","0.661635","0.749826","0","0","1","0","15.6","59","7.6","332","20.2","1022.2","0","7.4","0","","0.0","0.0","","","-1.8","0","73","pm25","100","37","9","53","5","3","1","Moderate","20.9211","10.411","59.0","0","","","","73.0","73.0","65.0","65.0","73.0","0.0","70.33","66.33","73.0","0.0","1.3333","0.3333","73","1","100","100","1","1","0"
"2026-02-11T05:00:00+00:00","Lahore","5","2","2","42","0.965926","0.258819","0.866025","0.5","0.661635","0.749826","0","0","1","0","18.4","49","7.1","319","21.2","1022.4","0","7.5","0","","0.0","0.0","","","-1.7","0","73","pm25","100","37","9","53","5","3","1","Moderate","20.9859","9.726","49.0","0","","","","73.0","73.0","65.0","65.0","73.0","0.0","71.67","66.67","73.0","0.0","1.3333","0.3333","73","1","100","100","1","1","0"
"2026-02-11T06:00:00+00:00","Lahore","6","2","2","42","1.0","0.0","0.866025","0.5","0.661635","0.749826","0","0","0","0","21.2","42","9.3","319","23.0","1022.4","0","7.7","38","","0.0","0.0","","","-1.9","1","73","pm25","100","37","9","53","5","3","1","Moderate","15.2688","12.7397","42.0","0","","","","73.0","73.0","73.0","65.0","73.0","0.0","73.0","67.0","73.0","0.0","0.0","0.3333","73","1","100","100","1","1","0"
"2026-02-11T07:00:00+00:00","Lahore","7","2","2","42","0.965926","-0.258819","0.866025","0.5","0.661635","0.749826","0","1","0","0","23.4","34","12.1","320","31.7","1021.6","0","6.7","25","","0.0","0.0","","","-2.2","1","73","pm25","100","37","9","53","5","3","1","Moderate","11.0744","16.5753","34.0","0","","","","73.0","73.0","73.0","65.0","73.0","0.0","73.0","67.33","73.0","0.0","0.0","0.3333","73","1","100","100","1","1","0"
"2026-02-11T08:00:00+00:00","Lahore","8","2","2","42","0.866025","-0.5","0.866025","0.5","0.661635","0.749826","0","1","0","0","24.4","30","12.8","318","33.5","1020.6","0","5.9","98","","0.0","0.0","","","-2.3","3","73","pm25","100","37","9","53","5","3","1","Moderate","10.1562","17.5342","30.0","0","","","","73.0","73.0","73.0","65.0","73.0","0.0","73.0","67.67","73.0","0.0","0.0","0.3333","73","1","100","100","1","1","0"
"2026-02-11T09:00:00+00:00","Lahore","9","2","2","42","0.707107","-0.707107","0.866025","0.5","0.661635","0.749826","0","1","0","0","24.8","29","12.4","317","33.5","1019.7","0","5.5","100","","0.0","0.0","","","-2.7","3","73","pm25","100","37","9","53","5","3","1","Moderate","10.4032","16.9863","29.0","0","","","","73.0","73.0","73.0","65.0","73.0","0.0","73.0","68.0","73.0","0.0","0.0","0.3333","73","1","100","100","1","1","0"
"2026-02-11T10:00:00+00:00","Lahore","10","2","2","42","0.5","-0.866025","0.866025","0.5","0.661635","0.749826","0","0","0","0","24.5","29","11.2","318","32.0","1019.3","0","5.4","98","","0.0","0.0","","","-2.7","3","73","pm25","100","37","9","53","5","3","1","Moderate","11.5179","15.3425","29.0","0","","","","73.0","73.0","73.0","65.0","73.0","0.0","73.0","68.33","73.0","0.0","0.0","0.3333","73","1","100","100","1","1","0"
"2026-02-11T11:00:00+00:00","Lahore","11","2","2","42","0.258819","-0.965926","0.866025","0.5","0.661635","0.749826","0","0","0","0","24.0","30","10.3","325","28.8","1019.0","0","5.4","91","","0.0","0.0","","","-2.6","3","73","pm25","100","37","9","53","5","3","1","Moderate","12.6214","14.1096","30.0","0","","","","73.0","73.0","73.0","65.0","73.0","0.0","73.0","68.67","73.0","0.0","0.0","0.3333","73","1","100","100","1","1","0"
"2026-02-11T12:00:00+00:00","Lahore","12","2","2","42","0.0","-1.0","0.866025","0.5","0.661635","0.749826","0","0","0","0","23.0","34","8.8","321","25.9","1019.0","0","6.2","37","","0.0","0.0","","","-2.3","1","73","pm25","100","37","9","53","5","3","1","Moderate","15.2273","12.0548","34.0","0","","","","73.0","73.0","73.0","65.0","73.0","0.0","73.0","69.0","73.0","0.0","0.0","0.3333","73","1","100","100","1","1","0"
"2026-02-11T13:00:00+00:00","Lahore","13","2","2","42","-0.258819","-0.965926","0.866025","0.5","0.661635","0.749826","0","0","0","0","21.2","39","4.8","318","19.1","1019.4","0","6.7","0","","0.0","0.0","","","-1.5","0","73","pm25","100","37","9","53","5","3","1","Moderate","28.9583","6.5753","39.0","0","","","","73.0","73.0","73.0","65.0","73.0","0.0","73.0","69.33","73.0","0.0","0.0","0.3333","73","1","100","100","1","1","0"
"2026-02-11T14:00:00+00:00","Lahore","14","2","2","42","-0.5","-0.866025","0.866025","0.5","0.661635","0.749826","0","0","0","0","20.3","42","5.2","297","10.4","1019.8","0","7.1","0","","0.0","0.0","","","-1.5","0","73","pm25","100","37","9","53","5","3","1","Moderate","27.3077","7.1233","42.0","0","","","","73.0","73.0","73.0","65.0","73.0","0.0","73.0","69.67","73.0","0.0","0.0","0.3333","73","1","100","100","1","1","0"
"2026-02-11T15:00:00+00:00","Lahore","15","2","2","42","-0.707107","-0.707107","0.866025","0.5","0.661635","0.749826","0","0","0","0","19.2","47","5.6","268","10.8","1019.6","0","7.6","0","","0.0","0.0","","","-1.4","0","73","pm25","100","37","9","53","5","3","1","Moderate","26.25","7.6712","47.0","0","","","","73.0","73.0","73.0","65.0","73.0","0.0","73.0","70.0","73.0","0.0","0.0","0.3333","73","1","100","100","1","1","0"
"2026-02-11T16:00:00+00:00","Lahore","16","2","2","42","-0.866025","-0.5","0.866025","0.5","0.661635","0.749826","0","0","0","0","18.1","52","5.9","259","11.5","1019.9","0","8.1","0","","0.0","0.0","","","-1.3","0","73","pm25","100","37","9","53","5","3","1","Moderate","25.7627","8.0822","52.0","0","","","","73.0","73.0","73.0","65.0","73.0","0.0","73.0","70.33","73.0","0.0","0.0","0.3333","73","1","100","100","1","1","0"
"2026-02-11T17:00:00+00:00","Lahore","17","2","2","42","-0.965926","-0.258819","0.866025","0.5","0.661635","0.749826","0","1","0","0","17.7","54","6.9","264","13.0","1019.8","0","8.3","0","","0.0","0.0","","","-1.4","0","73","pm25","100","37","9","53","5","3","1","Moderate","22.3188","9.4521","54.0","0","","","","73.0","73.0","73.0","65.0","73.0","0.0","73.0","70.67","73.0","0.0","0.0","0.3333","73","1","100","100","1","1","0"
"2026-02-11T18:00:00+00:00","Lahore","18","2","2","42","-1.0","-0.0","0.866025","0.5","0.661635","0.749826","0","1","0","0","17.2","60","8.0","279","15.8","1020.1","0","9.3","0","","0.0","0.0","","","-1.3","0","73","pm25","100","37","9","53","5","3","1","Moderate","20.0","10.9589","60.0","0","","","","73.0","73.0","73.0","65.0","73.0","0.0","73.0","71.0","73.0","0.0","0.0","0.3333","73","1","100","100","1","1","0"
"2026-02-11T19:00:00+00:00","Lahore","19","2","2","42","-0.965926","0.258819","0.866025","0.5","0.661635","0.749826","0","1","0","0","16.5","59","8.1","302","15.8","1019.7","0","8.5","0","","0.0","0.0","","","-1.6","0","73","pm25","100","37","9","53","5","3","1","Moderate","19.6296","11.0959","59.0","0","","","","73.0","73.0","73.0","65.0","73.0","0.0","73.0","71.33","73.0","0.0","0.0","0.3333","73","1","100","100","1","1","0"
"2026-02-11T20:00:00+00:00","Lahore","20","2","2","42","-0.866025","0.5","0.866025","0.5","0.661635","0.749826","0","0","0","0","15.1","63","6.0","321","15.8","1019.6","0","8.1","0","","0.0","0.0","","","-1.4","0","73","pm25","100","37","9","53","5","3","1","Moderate","27.1667","8.2192","63.0","0","","","","73.0","73.0","73.0","65.0","73.0","0.0","73.0","71.67","73.0","0.0","0.0","0.3333","73","1","100","100","1","1","0"
"2026-02-11T21:00:00+00:00","Lahore","21","2","2","42","-0.707107","0.707107","0.866025","0.5","0.661635","0.749826","0","0","0","0","13.8","67","5.1","324","11.2","1019.2","0","7.8","0","","0.0","0.0","","","-1.3","0","73","pm25","100","37","9","53","5","3","1","Moderate","32.7451","6.9863","67.0","0","","","","73.0","73.0","73.0","65.0","73.0","0.0","73.0","72.0","73.0","0.0","0.0","0.3333","73","1","100","100","1","1","0"
"2026-02-11T22:00:00+00:00","Lahore","22","2","2","42","-0.5","0.866025","0.866025","0.5","0.661635","0.749826","0","0","1","0","12.9","71","4.6","312","8.6","1018.7","0","7.8","0","","0.0","0.0","","","-1.2","0","73","pm25","100","37","9","53","5","3","1","Moderate","37.1739","6.3014","71.0","0","","","","73.0","73.0","73.0","65.0","73.0","0.0","73.0","72.33","73.0","0.0","0.0","0.3333","73","1","100","100","1","1","0"
"2026-02-11T23:00:00+00:00","Lahore","23","2","2","42","-0.258819","0.965926","0.866025","0.5","0.661635","0.749826","0","0","1","0","12.2","74","4.4","300","7.2","1018.2","0","7.7","0","","0.0","0.0","","","-1.2","0","73","pm25","100","37","9","53","5","3","1","Moderate","39.5455","6.0274","74.0","0","","","","73.0","73.0","73.0","65.0","73.0","0.0","73.0","72.67","73.0","0.0","0.0","0.3333","73","1","100","100","1","1","0"
"2026-02-12T00:00:00+00:00","Lahore","0","3","2","43","0.0","1.0","0.866025","0.5","0.674444","0.738326","0","0","1","0","11.6","80","4.7","293","7.6","1018.3","0","8.3","0","","0.0","0.0","","","-1.2","0","61","pm25","121","33","11","47","6","4","1","Moderate","46.3404","7.7049","96.8","0","","","","73.0","73.0","73.0","73.0","73.0","0.0","73.0","73.0","73.0","0.0","0.0","0.0","61","1","121","121","1","1","0"
"2026-02-12T01:00:00+00:00","Lahore","1","3","2","43","0.258819","0.965926","0.866025","0.5","0.674444","0.738326","0","0","1","0","11.4","81","5.2","284","9.7","1018.4","0","8.2","0","","0.0","0.0","","","-1.2","0","61","pm25","121","33","11","47","6","4","1","Moderate","42.1173","8.5246","98.01","0","","","","61.0","73.0","73.0","73.0","69.0","5.66","71.0","72.5","73.0","-12.0","-2.0","-0.5","61","1","121","121","1","1","-1"
"2026-02-12T02:00:00+00:00","Lahore","2","3","2","43","0.5","0.866025","0.866025","0.5","0.674444","0.738326","0","0","1","0","10.9","83","5.5","287","9.7","1018.6","0","8.1","2","","0.0","0.0","","","-1.2","0","61","pm25","121","33","11","47","6","4","1","Moderate","40.26","9.0164","100.43","0","","","","61.0","73.0","73.0","73.0","65.0","5.66","69.0","72.0","73.0","0.0","-2.0","-0.5","61","1","121","121","1","1","0"
"2026-02-12T03:00:00+00:00","Lahore","3","3","2","43","0.707107","0.707107","0.866025","0.5","0.674444","0.738326","0","0","1","0","13.0","71","7.3","298","12.6","1019.0","0","7.9","10","","0.0","0.0","","","-1.6","0","61","pm25","121","33","11","47","6","4","1","Moderate","28.3438","11.9672","85.91","0","","","","61.0","61.0","73.0","73.0","61.0","0.0","67.0","71.5","73.0","0.0","-2.0","-0.5","61","1","121","121","1","1","0"
"2026-02-12T04:00:00+00:00","Lahore","4","3","2","43","0.866025","0.5","0.866025","0.5","0.674444","0.738326","0","0","1","0","15.5","60","3.9","313","14.0","1019.7","0","7.8","0","","0.0","0.0","","","-1.1","0","61","pm25","121","33","11","47","6","4","1","Moderate","49.641","6.3934","72.6","0","","","","61.0","61.0","73.0","73.0","61.0","0.0","65.0","71.0","73.0","0.0","-2.0","-0.5","61","1","121","121","1","1","0"
"2026-02-12T05:00:00+00:00","Lahore","5","3","2","43","0.965926","0.258819","0.866025","0.5","0.674444","0.738326","0","0","1","0","18.4","49","3.0","343","14.0","1019.7","0","7.5","1","","0.0","0.0","","","-1.1","0","61","pm25","121","33","11","47","6","4","1","Moderate","60.0967","4.918","59.29","0","","","","61.0","61.0","73.0","73.0","61.0","0.0","63.0","70.5","73.0","0.0","-2.0","-0.5","61","1","121","121","1","1","0"
"2026-02-12T06:00:00+00:00","Lahore","6","3","2","43","1.0","0.0","0.866025","0.5","0.674444","0.738326","0","0","0","0","21.1","40","2.6","344","16.2","1019.9","0","7.2","0","","0.0","0.0","","","-1.0","0","61","pm25","121","33","11","47","6","4","1","Moderate","65.1538","4.2623","48.4","0","","","","61.0","61.0","61.0","73.0","61.0","0.0","61.0","70.0","73.0","0.0","0.0","-0.5","61","1","121","121","1","1","0"
"2026-02-12T07:00:00+00:00","Lahore","7","3","2","43","0.965926","-0.258819","0.866025","0.5","0.674444","0.738326","0","1","0","0","23.5","32","3.2","289","16.9","1019.1","0","5.8","0","","0.0","0.0","","","-0.9","0","61","pm25","121","33","11","47","6","4","1","Moderate","49.9125","5.2459","38.72","0","","","","61.0","61.0","61.0","73.0","61.0","0.0","61.0","69.5","73.0","0.0","0.0","-0.5","61","1","121","121","1","1","0"
"2026-02-12T08:00:00+00:00","Lahore","8","3","2","43","0.866025","-0.5","0.866025","0.5","0.674444","0.738326","0","1","0","0","24.7","28","5.2","274","20.2","1018.0","0","4.8","0","","0.0","0.0","","","-1.2","0","61","pm25","121","33","11","47","6","4","1","Moderate","29.7846","8.5246","33.88","0","","","","61.0","61.0","61.0","73.0","61.0","0.0","61.0","69.0","73.0","0.0","0.0","-0.5","61","1","121","121","1","1","0"
"2026-02-12T09:00:00+00:00","Lahore","9","3","2","43","0.707107","-0.707107","0.866025","0.5","0.674444","0.738326","0","1","0","0","25.4","25","5.6","274","20.9","1017.2","0","3.8","70","","0.0","0.0","","","-1.8","2","61","pm25","121","33","11","47","6","4","1","Moderate","27.0089","9.1803","30.25","0","","","","61.0","61.0","61.0","73.0","61.0","0.0","61.0","68.5","73.0","0.0","0.0","-0.5","61","1","121","121","1","1","0"
"2026-02-12T10:00:00+00:00","Lahore","10","3","2","43","0.5","-0.866025","0.866025","0.5","0.674444","0.738326","0","0","0","0","25.6","23","4.6","283","20.5","1016.4","0","3.0","87","","0.0","0.0","","","-2.3","3","61","pm25","121","33","11","47","6","4","1","Moderate","32.3543","7.541","27.83","0","","","","61.0","61.0","61.0","73.0","61.0","0.0","61.0","68.0","73.0","0.0","0.0","-0.5","61","1","121","121","1","1","0"
"2026-02-12T11:00:00+00:00","Lahore","11","3","2","43","0.258819","-0.965926","0.866025","0.5","0.674444","0.738326","0","0","0","0","25.5","23","4.3","272","17.3","1016.0","0","2.7","100","","0.0","0.0","","","-2.4","3","61","pm25","121","33","11","47","6","4","1","Moderate","34.6116","7.0492","27.83","0","","","","61.0","61.0","61.0","73.0","61.0","0.0","61.0","67.5","73.0","0.0","0.0","-0.5","61","1","121","121","1","1","0"
"2026-02-12T12:00:00+00:00","Lahore","12","3","2","43","0.0","-1.0","0.866025","0.5","0.674444","0.738326","0","0","0","0","24.2","26","5.8","268","14.8","1015.8","0","3.2","98","","0.0","0.0","","","-2.4","3","61","pm25","121","33","11","47","6","4","1","Moderate","26.2862","9.5082","31.46","0","","","","61.0","61.0","61.0","73.0","61.0","0.0","61.0","67.0","73.0","0.0","0.0","-0.5","61","1","121","121","1","1","0"
"2026-02-12T13:00:00+00:00","Lahore","13","3","2","43","-0.258819","-0.965926","0.866025","0.5","0.674444","0.738326","0","0","0","0","22.4","30","5.4","278","13.3","1016.0","0","4.2","99","","0.0","0.0","","","-2.2","3","61","pm25","121","33","11","47","6","4","1","Moderate","29.1296","8.8525","36.3","0","","","","61.0","61.0","61.0","73.0","61.0","0.0","61.0","66.5","73.0","0.0","0.0","-0.5","61","1","121","121","1","1","0"
"2026-02-12T14:00:00+00:00","Lahore","14","3","2","43","-0.5","-0.866025","0.866025","0.5","0.674444","0.738326","0","0","0","0","21.4","34","5.4","285","11.9","1016.4","0","5.1","98","","0.0","0.0","","","-2.0","3","61","pm25","121","33","11","47","6","4","1","Moderate","30.0259","8.8525","41.14","0","","","","61.0","61.0","61.0","73.0","61.0","0.0","61.0","66.0","73.0","0.0","0.0","-0.5","61","1","121","121","1","1","0"
"2026-02-12T15:00:00+00:00","Lahore","15","3","2","43","-0.707107","-0.707107","0.866025","0.5","0.674444","0.738326","0","0","0","0","20.2","38","5.0","268","10.4","1016.6","0","5.3","98","","0.0","0.0","","","-1.9","3","61","pm25","121","33","11","47","6","4","1","Moderate","33.396","8.1967","45.98","0","","","","61.0","61.0","61.0","73.0","61.0","0.0","61.0","65.5","73.0","0.0","0.0","-0.5","61","1","121","121","1","1","0"
"2026-02-12T16:00:00+00:00","Lahore","16","3","2","43","-0.866025","-0.5","0.866025","0.5","0.674444","0.738326","0","0","0","0","19.5","39","3.3","257","8.3","1016.9","0","5.3","99","","0.0","0.0","","","-1.6","3","61","pm25","121","33","11","47","6","4","1","Moderate","50.9667","5.4098","47.19","0","","","","61.0","61.0","61.0","73.0","61.0","0.0","61.0","65.0","73.0","0.0","0.0","-0.5","61","1","121","121","1","1","0"
"2026-02-12T17:00:00+00:00","Lahore","17","3","2","43","-0.965926","-0.258819","0.866025","0.5","0.674444","0.738326","0","1","0","0","18.8","41","1.5","284","5.4","1016.8","0","5.3","100","","0.0","0.0","","","-1.4","3","61","pm25","121","33","11","47","6","4","1","Moderate","113.74","2.459","49.61","0","","","","61.0","61.0","61.0","73.0","61.0","0.0","61.0","64.5","73.0","0.0","0.0","-0.5","61","1","121","121","1","1","0"
"2026-02-12T18:00:00+00:00","Lahore","18","3","2","43","-1.0","-0.0","0.866025","0.5","0.674444","0.738326","0","1","0","0","18.2","47","1.7","328","2.9","1016.8","0","6.8","100","","0.0","0.0","","","-1.0","3","61","pm25","121","33","11","47","6","4","1","Moderate","104.6294","2.7869","56.87","0","","","","61.0","61.0","61.0","73.0","61.0","0.0","61.0","64.0","73.0","0.0","0.0","-0.5","61","1","121","121","1","1","0"
"2026-02-12T19:00:00+00:00","Lahore","19","3","2","43","-0.965926","0.258819","0.866025","0.5","0.674444","0.738326","0","1","0","0","17.2","50","2.0","315","3.6","1016.9","0","6.8","100","","0.0","0.0","","","-1.1","3","61","pm25","121","33","11","47","6","4","1","Moderate","90.75","3.2787","60.5","0","","","","61.0","61.0","61.0","73.0","61.0","0.0","61.0","63.5","73.0","0.0","0.0","-0.5","61","1","121","121","1","1","0"
"2026-02-12T20:00:00+00:00","Lahore","20","3","2","43","-0.866025","0.5","0.866025","0.5","0.674444","0.738326","0","0","0","0","16.2","54","1.5","324","3.2","1016.6","0","6.8","99","","0.0","0.0","","","-1.0","3","61","pm25","121","33","11","47","6","4","1","Moderate","124.2267","2.459","65.34","0","","","","61.0","61.0","61.0","73.0","61.0","0.0","61.0","63.0","73.0","0.0","0.0","-0.5","61","1","121","121","1","1","0"
"2026-02-12T21:00:00+00:00","Lahore","21","3","2","43","-0.707107","0.707107","0.866025","0.5","0.674444","0.738326","0","0","0","0","15.2","57","2.0","333","2.9","1016.3","0","6.8","100","","0.0","0.0","","","-1.0","3","61","pm25","121","33","11","47","6","4","1","Moderate","94.985","3.2787","68.97","0","","","","61.0","61.0","61.0","73.0","61.0","0.0","61.0","62.5","73.0","0.0","0.0","-0.5","61","1","121","121","1","1","0"
"2026-02-12T22:00:00+00:00","Lahore","22","3","2","43","-0.5","0.866025","0.866025","0.5","0.674444","0.738326","0","0","1","0","14.2","61","3.2","297","5.0","1015.8","0","6.9","90","","0.0","0.0","","","-1.2","3","61","pm25","121","33","11","47","6","4","1","Moderate","60.8781","5.2459","73.81","0","","","","61.0","61.0","61.0","73.0","61.0","0.0","61.0","62.0","73.0","0.0","0.0","-0.5","61","1","121","121","1","1","0"
"2026-02-12T23:00:00+00:00","Lahore","23","3","2","43","-0.258819","0.965926","0.866025","0.5","0.674444","0.738326","0","0","1","0","13.4","65","3.6","288","5.4","1015.0","0","7.1","23","","0.0","0.0","","","-1.2","1","61","pm25","121","33","11","47","6","4","1","Moderate","55.4583","5.9016","78.65","0","","","","61.0","61.0","61.0","73.0","61.0","0.0","61.0","61.5","73.0","0.0","0.0","-0.5","61","1","121","121","1","1","0"
"2026-02-13T00:00:00+00:00","Lahore","0","4","2","44","0.0","1.0","0.866025","0.5","0.687053","0.726608","0","0","1","0","12.8","71","4.2","282","6.5","1015.0","0","7.7","75","","0.0","0.0","","","-1.3","2","72","pm25","113","52","12","46","3","5","1","Moderate","46.0071","5.8333","80.23","0","","","","61.0","61.0","61.0","61.0","61.0","0.0","61.0","61.0","61.0","0.0","0.0","0.0","72","1","113","113","1","1","0"
"2026-02-13T01:00:00+00:00","Lahore","1","4","2","44","0.258819","0.965926","0.866025","0.5","0.687053","0.726608","0","0","1","0","12.4","72","3.5","294","6.8","1015.0","0","7.6","19","","0.0","0.0","","","-1.1","0","72","pm25","113","52","12","46","3","5","1","Moderate","55.5314","4.8611","81.36","0","","","","72.0","61.0","61.0","61.0","64.67","5.19","62.83","61.46","72.0","11.0","1.8333","0.4583","72","1","113","113","1","1","1"
"2026-02-13T02:00:00+00:00","Lahore","2","4","2","44","0.5","0.866025","0.866025","0.5","0.687053","0.726608","0","0","1","0","12.1","74","3.8","295","5.4","1015.7","0","7.6","70","","0.0","0.0","","","-1.2","2","72","pm25","113","52","12","46","3","5","1","Moderate","51.7421","5.2778","83.62","0","","","","72.0","61.0","61.0","61.0","68.33","5.19","64.67","61.92","72.0","0.0","1.8333","0.4583","72","1","113","113","1","1","0"
"2026-02-13T03:00:00+00:00","Lahore","3","4","2","44","0.707107","0.707107","0.866025","0.5","0.687053","0.726608","0","0","1","0","13.9","66","6.2","296","9.0","1016.3","0","7.6","12","","0.0","0.0","","","-1.5","0","72","pm25","113","52","12","46","3","5","1","Moderate","30.2548","8.6111","74.58","0","","","","72.0","72.0","61.0","61.0","72.0","0.0","66.5","62.38","72.0","0.0","1.8333","0.4583","72","1","113","113","1","1","0"
"2026-02-13T04:00:00+00:00","Lahore","4","4","2","44","0.866025","0.5","0.866025","0.5","0.687053","0.726608","0","0","1","0","17.0","55","3.8","275","13.0","1017.0","0","7.9","0","","0.0","0.0","","","-1.2","0","72","pm25","113","52","12","46","3","5","1","Moderate","46.0921","5.2778","62.15","0","","","","72.0","72.0","61.0","61.0","72.0","0.0","68.33","62.83","72.0","0.0","1.8333","0.4583","72","1","113","113","1","1","0"
"2026-02-13T05:00:00+00:00","Lahore","5","4","2","44","0.965926","0.258819","0.866025","0.5","0.687053","0.726608","0","0","1","0","19.9","47","3.4","254","14.4","1017.2","0","8.3","0","","0.0","0.0","","","-1.0","0","72","pm25","113","52","12","46","3","5","1","Moderate","48.8559","4.7222","53.11","0","","","","72.0","72.0","61.0","61.0","72.0","0.0","70.17","63.29","72.0","0.0","1.8333","0.4583","72","1","113","113","1","1","0"
"2026-02-13T06:00:00+00:00","Lahore","6","4","2","44","1.0","0.0","0.866025","0.5","0.687053","0.726608","0","0","0","0","22.5","40","5.8","277","18.0","1017.2","0","8.4","0","","0.0","0.0","","","-1.2","0","72","pm25","113","52","12","46","3","5","1","Moderate","27.2759","8.0556","45.2","0","","","","72.0","72.0","72.0","61.0","72.0","0.0","72.0","63.75","72.0","0.0","0.0","0.4583","72","1","113","113","1","1","0"
"2026-02-13T07:00:00+00:00","Lahore","7","4","2","44","0.965926","-0.258819","0.866025","0.5","0.687053","0.726608","0","1","0","0","24.6","31","7.0","274","23.0","1016.6","0","6.4","0","","0.0","0.0","","","-1.3","0","72","pm25","113","52","12","46","3","5","1","Moderate","21.1471","9.7222","35.03","0","","","","72.0","72.0","72.0","61.0","72.0","0.0","72.0","64.21","72.0","0.0","0.0","0.4583","72","1","113","113","1","1","0"
"2026-02-13T08:00:00+00:00","Lahore","8","4","2","44","0.866025","-0.5","0.866025","0.5","0.687053","0.726608","0","1","0","0","25.8","26","7.5","278","24.1","1015.5","0","4.7","0","","0.0","0.0","","","-1.6","0","72","pm25","113","52","12","46","3","5","1","Moderate","18.984","10.4167","29.38","0","","","","72.0","72.0","72.0","61.0","72.0","0.0","72.0","64.67","72.0","0.0","0.0","0.4583","72","1","113","113","1","1","0"
"2026-02-13T09:00:00+00:00","Lahore","9","4","2","44","0.707107","-0.707107","0.866025","0.5","0.687053","0.726608","0","1","0","0","26.4","22","7.4","276","24.1","1014.4","0","3.2","0","","0.0","0.0","","","-2.3","0","72","pm25","113","52","12","46","3","5","1","Moderate","18.6297","10.2778","24.86","0","","","","72.0","72.0","72.0","61.0","72.0","0.0","72.0","65.12","72.0","0.0","0.0","0.4583","72","1","113","113","1","1","0"
"2026-02-13T10:00:00+00:00","Lahore","10","4","2","44","0.5","-0.866025","0.866025","0.5","0.687053","0.726608","0","0","0","0","26.5","21","7.9","281","23.4","1014.1","0","2.5","0","","0.0","0.0","","","-2.9","0","72","pm25","113","52","12","46","3","5","1","Moderate","17.3076","10.9722","23.73","0","","","","72.0","72.0","72.0","61.0","72.0","0.0","72.0","65.58","72.0","0.0","0.0","0.4583","72","1","113","113","1","1","0"
"2026-02-13T11:00:00+00:00","Lahore","11","4","2","44","0.258819","-0.965926","0.866025","0.5","0.687053","0.726608","0","0","0","0","26.0","22","7.5","287","23.0","1013.6","0","2.4","0","","0.0","0.0","","","-2.8","0","72","pm25","113","52","12","46","3","5","1","Moderate","18.3813","10.4167","24.86","0","","","","72.0","72.0","72.0","61.0","72.0","0.0","72.0","66.04","72.0","0.0","0.0","0.4583","72","1","113","113","1","1","0"
"2026-02-13T12:00:00+00:00","Lahore","12","4","2","44","0.0","-1.0","0.866025","0.5","0.687053","0.726608","0","0","0","0","24.7","24","6.3","283","20.5","1013.4","0","2.8","0","","0.0","0.0","","","-2.6","0","72","pm25","113","52","12","46","3","5","1","Moderate","22.2413","8.75","27.12","0","","","","72.0","72.0","72.0","61.0","72.0","0.0","72.0","66.5","72.0","0.0","0.0","0.4583","72","1","113","113","1","1","0"
"2026-02-13T13:00:00+00:00","Lahore","13","4","2","44","-0.258819","-0.965926","0.866025","0.5","0.687053","0.726608","0","0","0","0","22.7","30","5.4","290","13.7","1013.9","0","4.2","0","","0.0","0.0","","","-2.2","0","72","pm25","113","52","12","46","3","5","1","Moderate","27.2037","7.5","33.9","0","","","","72.0","72.0","72.0","61.0","72.0","0.0","72.0","66.96","72.0","0.0","0.0","0.4583","72","1","113","113","1","1","0"
"2026-02-13T14:00:00+00:00","Lahore","14","4","2","44","-0.5","-0.866025","0.866025","0.5","0.687053","0.726608","0","0","0","0","22.1","35","6.6","283","13.0","1014.5","0","5.8","0","","0.0","0.0","","","-2.0","0","72","pm25","113","52","12","46","3","5","1","Moderate","23.1136","9.1667","39.55","0","","","","72.0","72.0","72.0","61.0","72.0","0.0","72.0","67.42","72.0","0.0","0.0","0.4583","72","1","113","113","1","1","0"
"2026-02-13T15:00:00+00:00","Lahore","15","4","2","44","-0.707107","-0.707107","0.866025","0.5","0.687053","0.726608","0","0","0","0","20.8","40","5.2","299","12.6","1015.2","0","6.7","0","","0.0","0.0","","","-1.6","0","72","pm25","113","52","12","46","3","5","1","Moderate","30.4231","7.2222","45.2","0","","","","72.0","72.0","72.0","61.0","72.0","0.0","72.0","67.88","72.0","0.0","0.0","0.4583","72","1","113","113","1","1","0"
"2026-02-13T16:00:00+00:00","Lahore","16","4","2","44","-0.866025","-0.5","0.866025","0.5","0.687053","0.726608","0","0","0","0","19.2","45","2.3","29","8.6","1015.6","0","7.2","0","","0.0","0.0","","","-1.0","0","72","pm25","113","52","12","46","3","5","1","Moderate","71.2391","3.1944","50.85","0","","","","72.0","72.0","72.0","61.0","72.0","0.0","72.0","68.33","72.0","0.0","0.0","0.4583","72","1","113","113","1","1","0"
"2026-02-13T17:00:00+00:00","Lahore","17","4","2","44","-0.965926","-0.258819","0.866025","0.5","0.687053","0.726608","0","1","0","0","17.3","52","5.3","80","9.4","1016.0","0","7.2","0","","0.0","0.0","","","-1.5","0","72","pm25","113","52","12","46","3","5","1","Moderate","32.4075","7.3611","58.76","0","","","","72.0","72.0","72.0","61.0","72.0","0.0","72.0","68.79","72.0","0.0","0.0","0.4583","72","1","113","113","1","1","0"
"2026-02-13T18:00:00+00:00","Lahore","18","4","2","44","-1.0","-0.0","0.866025","0.5","0.687053","0.726608","0","1","0","0","16.2","62","4.5","113","9.7","1016.1","0","8.9","6","","0.0","0.0","","","-0.9","0","72","pm25","113","52","12","46","3","5","1","Moderate","40.68","6.25","70.06","0","","","","72.0","72.0","72.0","61.0","72.0","0.0","72.0","69.25","72.0","0.0","0.0","0.4583","72","1","113","113","1","1","0"
"2026-02-13T19:00:00+00:00","Lahore","19","4","2","44","-0.965926","0.258819","0.866025","0.5","0.687053","0.726608","0","1","0","0","15.9","66","3.3","126","7.2","1016.3","0","9.6","99","","0.0","0.0","","","-0.5","3","72","pm25","113","52","12","46","3","5","1","Moderate","56.8424","4.5833","74.58","0","","","","72.0","72.0","72.0","61.0","72.0","0.0","72.0","69.71","72.0","0.0","0.0","0.4583","72","1","113","113","1","1","0"
"2026-02-13T20:00:00+00:00","Lahore","20","4","2","44","-0.866025","0.5","0.866025","0.5","0.687053","0.726608","0","0","0","0","15.1","74","3.3","126","5.0","1016.0","0","10.4","48","","0.0","0.0","","","-0.4","1","72","pm25","113","52","12","46","3","5","1","Moderate","59.5818","4.5833","83.62","0","","","","72.0","72.0","72.0","61.0","72.0","0.0","72.0","70.17","72.0","0.0","0.0","0.4583","72","1","113","113","1","1","0"
"2026-02-13T21:00:00+00:00","Lahore","21","4","2","44","-0.707107","0.707107","0.866025","0.5","0.687053","0.726608","0","0","0","0","13.9","82","3.5","114","5.4","1015.8","0","11.0","0","","0.0","0.0","","","-0.2","0","72","pm25","113","52","12","46","3","5","1","Moderate","58.76","4.8611","92.66","0","","","","72.0","72.0","72.0","61.0","72.0","0.0","72.0","70.62","72.0","0.0","0.0","0.4583","72","1","113","113","1","1","0"
"2026-02-13T22:00:00+00:00","Lahore","22","4","2","44","-0.5","0.866025","0.866025","0.5","0.687053","0.726608","0","0","1","0","13.0","91","3.6","99","6.1","1015.5","0","11.5","15","","0.0","0.0","","","-0.1","0","72","pm25","113","52","12","46","3","5","1","Moderate","59.9528","5.0","102.83","0","","","","72.0","72.0","72.0","61.0","72.0","0.0","72.0","71.08","72.0","0.0","0.0","0.4583","72","1","113","113","1","1","0"
"2026-02-13T23:00:00+00:00","Lahore","23","4","2","44","-0.258819","0.965926","0.866025","0.5","0.687053","0.726608","0","0","1","0","12.4","95","3.2","87","6.1","1015.1","0","11.5","11","","0.0","0.0","","","-0.1","0","72","pm25","113","52","12","46","3","5","1","Moderate","68.8594","4.4444","107.35","0","","","","72.0","72.0","72.0","61.0","72.0","0.0","72.0","71.54","72.0","0.0","0.0","0.4583","72","1","113","113","1","1","0"
"2026-02-14T00:00:00+00:00","Lahore","0","5","2","45","0.0","1.0","0.866025","0.5","0.699458","0.714673","1","0","1","0","12.2","94","0.5","45","5.4","1015.1","0","11.3","53","","0.0","0.0","","","0.3","2","80","pm25","108","28","10","52","6","5","1","Moderate","419.04","0.625","101.52","0","","","","72.0","72.0","72.0","72.0","72.0","0.0","72.0","72.0","72.0","0.0","0.0","0.0","80","1","108","108","1","1","0"
"2026-02-14T01:00:00+00:00","Lahore","1","5","2","45","0.258819","0.965926","0.866025","0.5","0.699458","0.714673","1","0","1","0","11.9","95","0.2","90","1.1","1015.4","0","11.1","55","","0.0","0.0","","","0.3","2","80","pm25","108","28","10","52","6","5","1","Moderate","1053.0","0.25","102.6","0","","","","80.0","72.0","72.0","72.0","74.67","3.77","73.33","72.33","80.0","8.0","1.3333","0.3333","80","1","108","108","1","1","1"
"2026-02-14T02:00:00+00:00","Lahore","2","5","2","45","0.5","0.866025","0.866025","0.5","0.699458","0.714673","1","0","1","0","11.4","97","0.2","90","1.4","1015.8","0","10.9","60","","0.0","0.0","","","0.2","2","80","pm25","108","28","10","52","6","5","1","Moderate","1063.8","0.25","104.76","0","","","","80.0","72.0","72.0","72.0","77.33","3.77","74.67","72.67","80.0","0.0","1.3333","0.3333","80","1","108","108","1","1","0"
"2026-02-14T03:00:00+00:00","Lahore","3","5","2","45","0.707107","0.707107","0.866025","0.5","0.699458","0.714673","1","0","1","0","13.1","89","1.1","90","5.8","1016.4","0","11.2","4","","0.0","0.0","","","0.2","0","80","pm25","108","28","10","52","6","5","1","Moderate","185.5636","1.375","96.12","0","","","","80.0","80.0","72.0","72.0","80.0","0.0","76.0","73.0","80.0","0.0","1.3333","0.3333","80","1","108","108","1","1","0"
"2026-02-14T04:00:00+00:00","Lahore","4","5","2","45","0.866025","0.5","0.866025","0.5","0.699458","0.714673","1","0","1","0","17.5","68","1.6","63","9.0","1016.9","0","11.5","1","","0.0","0.0","","","0.2","0","80","pm25","108","28","10","52","6","5","1","Moderate","113.4","2.0","73.44","0","","","","80.0","80.0","72.0","72.0","80.0","0.0","77.33","73.33","80.0","0.0","1.3333","0.3333","80","1","108","108","1","1","0"
"2026-02-14T05:00:00+00:00","Lahore","5","5","2","45","0.965926","0.258819","0.866025","0.5","0.699458","0.714673","1","0","1","0","21.4","49","2.2","5","12.2","1016.8","0","10.2","0","","0.0","0.0","","","-0.2","0","80","pm25","108","28","10","52","6","5","1","Moderate","73.1455","2.75","52.92","0","","","","80.0","80.0","72.0","72.0","80.0","0.0","78.67","73.67","80.0","0.0","1.3333","0.3333","80","1","108","108","1","1","0"
"2026-02-14T06:00:00+00:00","Lahore","6","5","2","45","1.0","0.0","0.866025","0.5","0.699458","0.714673","1","0","0","0","23.8","40","5.2","331","17.3","1017.0","0","9.4","0","","0.0","0.0","","","-0.7","0","80","pm25","108","28","10","52","6","5","1","Moderate","29.0769","6.5","43.2","0","","","","80.0","80.0","80.0","72.0","80.0","0.0","80.0","74.0","80.0","0.0","0.0","0.3333","80","1","108","108","1","1","0"
"2026-02-14T07:00:00+00:00","Lahore","7","5","2","45","0.965926","-0.258819","0.866025","0.5","0.699458","0.714673","1","1","0","0","25.5","34","6.7","316","22.7","1015.8","0","8.6","8","","0.0","0.0","","","-0.7","0","80","pm25","108","28","10","52","6","5","1","Moderate","21.6","8.375","36.72","0","","","","80.0","80.0","80.0","72.0","80.0","0.0","80.0","74.33","80.0","0.0","0.0","0.3333","80","1","108","108","1","1","0"
"2026-02-14T08:00:00+00:00","Lahore","8","5","2","45","0.866025","-0.5","0.866025","0.5","0.699458","0.714673","1","1","0","0","26.4","30","7.4","309","24.1","1014.9","0","7.7","42","","0.0","0.0","","","-0.9","1","80","pm25","108","28","10","52","6","5","1","Moderate","18.973","9.25","32.4","0","","","","80.0","80.0","80.0","72.0","80.0","0.0","80.0","74.67","80.0","0.0","0.0","0.3333","80","1","108","108","1","1","0"
"2026-02-14T09:00:00+00:00","Lahore","9","5","2","45","0.707107","-0.707107","0.866025","0.5","0.699458","0.714673","1","1","0","0","26.9","28","7.6","308","24.5","1013.9","0","6.9","66","","0.0","0.0","","","-1.5","2","80","pm25","108","28","10","52","6","5","1","Moderate","18.1895","9.5","30.24","0","","","","80.0","80.0","80.0","72.0","80.0","0.0","80.0","75.0","80.0","0.0","0.0","0.3333","80","1","108","108","1","1","0"
"2026-02-14T10:00:00+00:00","Lahore","10","5","2","45","0.5","-0.866025","0.866025","0.5","0.699458","0.714673","1","0","0","0","27.0","27","6.8","307","23.8","1013.3","0","6.7","77","","0.0","0.0","","","-1.8","2","80","pm25","108","28","10","52","6","5","1","Moderate","20.1706","8.5","29.16","0","","","","80.0","80.0","80.0","72.0","80.0","0.0","80.0","75.33","80.0","0.0","0.0","0.3333","80","1","108","108","1","1","0"
"2026-02-14T11:00:00+00:00","Lahore","11","5","2","45","0.258819","-0.965926","0.866025","0.5","0.699458","0.714673","1","0","0","0","26.7","28","7.2","305","21.2","1012.7","0","6.4","9","","0.0","0.0","","","-2.0","0","80","pm25","108","28","10","52","6","5","1","Moderate","19.2","9.0","30.24","0","","","","80.0","80.0","80.0","72.0","80.0","0.0","80.0","75.67","80.0","0.0","0.0","0.3333","80","1","108","108","1","1","0"
"2026-02-14T12:00:00+00:00","Lahore","12","5","2","45","0.0","-1.0","0.866025","0.5","0.699458","0.714673","1","0","0","0","25.1","33","5.9","305","19.8","1012.8","0","7.7","3","","0.0","0.0","","","-1.4","0","80","pm25","108","28","10","52","6","5","1","Moderate","24.3458","7.375","35.64","0","","","","80.0","80.0","80.0","72.0","80.0","0.0","80.0","76.0","80.0","0.0","0.0","0.3333","80","1","108","108","1","1","0"
"2026-02-14T13:00:00+00:00","Lahore","13","5","2","45","-0.258819","-0.965926","0.866025","0.5","0.699458","0.714673","1","0","0","0","23.4","38","5.3","288","13.3","1013.3","0","8.1","3","","0.0","0.0","","","-1.3","0","80","pm25","108","28","10","52","6","5","1","Moderate","28.1208","6.625","41.04","0","","","","80.0","80.0","80.0","72.0","80.0","0.0","80.0","76.33","80.0","0.0","0.0","0.3333","80","1","108","108","1","1","0"
"2026-02-14T14:00:00+00:00","Lahore","14","5","2","45","-0.5","-0.866025","0.866025","0.5","0.699458","0.714673","1","0","0","0","22.6","41","7.1","279","14.0","1013.6","0","8.9","4","","0.0","0.0","","","-1.3","0","80","pm25","108","28","10","52","6","5","1","Moderate","21.4479","8.875","44.28","0","","","","80.0","80.0","80.0","72.0","80.0","0.0","80.0","76.67","80.0","0.0","0.0","0.3333","80","1","108","108","1","1","0"
"2026-02-14T15:00:00+00:00","Lahore","15","5","2","45","-0.707107","-0.707107","0.866025","0.5","0.699458","0.714673","1","0","0","0","21.5","45","5.8","274","14.0","1013.9","0","9.1","0","","0.0","0.0","","","-1.0","0","80","pm25","108","28","10","52","6","5","1","Moderate","27.0","7.25","48.6","0","","","","80.0","80.0","80.0","72.0","80.0","0.0","80.0","77.0","80.0","0.0","0.0","0.3333","80","1","108","108","1","1","0"
"2026-02-14T16:00:00+00:00","Lahore","16","5","2","45","-0.866025","-0.5","0.866025","0.5","0.699458","0.714673","1","0","0","0","20.3","48","5.4","256","11.2","1014.2","0","8.9","0","","0.0","0.0","","","-1.1","0","80","pm25","108","28","10","52","6","5","1","Moderate","29.6","6.75","51.84","0","","","","80.0","80.0","80.0","72.0","80.0","0.0","80.0","77.33","80.0","0.0","0.0","0.3333","80","1","108","108","1","1","0"
"2026-02-14T17:00:00+00:00","Lahore","17","5","2","45","-0.965926","-0.258819","0.866025","0.5","0.699458","0.714673","1","1","0","0","19.4","50","5.5","257","9.4","1013.9","0","8.8","0","","0.0","0.0","","","-1.1","0","80","pm25","108","28","10","52","6","5","1","Moderate","29.4545","6.875","54.0","0","","","","80.0","80.0","80.0","72.0","80.0","0.0","80.0","77.67","80.0","0.0","0.0","0.3333","80","1","108","108","1","1","0"
"2026-02-14T18:00:00+00:00","Lahore","18","5","2","45","-1.0","-0.0","0.866025","0.5","0.699458","0.714673","1","1","0","0","18.8","60","5.4","256","9.0","1014.4","0","10.8","0","","0.0","0.0","","","-0.6","0","80","pm25","108","28","10","52","6","5","1","Moderate","32.0","6.75","64.8","0","","","","80.0","80.0","80.0","72.0","80.0","0.0","80.0","78.0","80.0","0.0","0.0","0.3333","80","1","108","108","1","1","0"
"2026-02-14T19:00:00+00:00","Lahore","19","5","2","45","-0.965926","0.258819","0.866025","0.5","0.699458","0.714673","1","1","0","0","18.4","61","4.5","265","8.3","1014.0","0","10.8","0","","0.0","0.0","","","-0.4","0","80","pm25","108","28","10","52","6","5","1","Moderate","38.64","5.625","65.88","0","","","","80.0","80.0","80.0","72.0","80.0","0.0","80.0","78.33","80.0","0.0","0.0","0.3333","80","1","108","108","1","1","0"
"2026-02-14T20:00:00+00:00","Lahore","20","5","2","45","-0.866025","0.5","0.866025","0.5","0.699458","0.714673","1","0","0","0","17.4","65","5.6","277","8.3","1013.9","0","10.7","0","","0.0","0.0","","","-0.6","0","80","pm25","108","28","10","52","6","5","1","Moderate","31.8214","7.0","70.2","0","","","","80.0","80.0","80.0","72.0","80.0","0.0","80.0","78.67","80.0","0.0","0.0","0.3333","80","1","108","108","1","1","0"
"2026-02-14T21:00:00+00:00","Lahore","21","5","2","45","-0.707107","0.707107","0.866025","0.5","0.699458","0.714673","1","0","0","0","16.6","68","6.0","303","9.7","1014.0","0","10.6","0","","0.0","0.0","","","-0.7","0","80","pm25","108","28","10","52","6","5","1","Moderate","30.24","7.5","73.44","0","","","","80.0","80.0","80.0","72.0","80.0","0.0","80.0","79.0","80.0","0.0","0.0","0.3333","80","1","108","108","1","1","0"
"2026-02-14T22:00:00+00:00","Lahore","22","5","2","45","-0.5","0.866025","0.866025","0.5","0.699458","0.714673","1","0","1","0","16.0","70","6.1","330","11.9","1014.0","0","10.6","0","","0.0","0.0","","","-0.6","0","80","pm25","108","28","10","52","6","5","1","Moderate","30.0984","7.625","75.6","0","","","","80.0","80.0","80.0","72.0","80.0","0.0","80.0","79.33","80.0","0.0","0.0","0.3333","80","1","108","108","1","1","0"
"2026-02-14T23:00:00+00:00","Lahore","23","5","2","45","-0.258819","0.965926","0.866025","0.5","0.699458","0.714673","1","0","1","0","14.7","76","5.0","339","11.2","1013.8","0","10.5","0","","0.0","0.0","","","-0.6","0","80","pm25","108","28","10","52","6","5","1","Moderate","38.016","6.25","82.08","0","","","","80.0","80.0","80.0","72.0","80.0","0.0","80.0","79.67","80.0","0.0","0.0","0.3333","80","1","108","108","1","1","0"
"2026-02-15T00:00:00+00:00","Lahore","0","6","2","46","0.0","1.0","0.866025","0.5","0.711657","0.702527","1","0","1","0","13.8","79","2.0","27","7.9","1013.7","0","10.2","0","","0.0","0.0","","","-0.2","0","61","pm25","111","35","15","53","5","5","1","Moderate","99.345","3.2787","87.69","0","","","","80.0","80.0","80.0","80.0","80.0","0.0","80.0","80.0","80.0","0.0","0.0","0.0","61","1","111","111","1","1","0"
"2026-02-15T01:00:00+00:00","Lahore","1","6","2","46","0.258819","0.965926","0.866025","0.5","0.711657","0.702527","1","0","1","0","13.1","82","1.1","90","2.9","1013.9","0","10.2","0","","0.0","0.0","","","0.0","0","61","pm25","111","35","15","53","5","5","1","Moderate","183.6545","1.8033","91.02","0","","","","61.0","80.0","80.0","80.0","73.67","8.96","76.83","79.21","80.0","-19.0","-3.1667","-0.7917","61","1","111","111","1","1","-1"
"2026-02-15T02:00:00+00:00","Lahore","2","6","2","46","0.5","0.866025","0.866025","0.5","0.711657","0.702527","1","0","1","0","12.6","85","0.3","135","1.8","1014.2","0","10.1","0","","0.0","0.0","","","-0.1","0","61","pm25","111","35","15","53","5","5","1","Moderate","684.5","0.4918","94.35","0","","","","61.0","80.0","80.0","80.0","67.33","8.96","73.67","78.42","80.0","0.0","-3.1667","-0.7917","61","1","111","111","1","1","0"
"2026-02-15T03:00:00+00:00","Lahore","3","6","2","46","0.707107","0.707107","0.866025","0.5","0.711657","0.702527","1","0","1","0","14.1","77","3.4","174","7.6","1014.7","0","10.1","0","","0.0","0.0","","","-0.5","0","61","pm25","111","35","15","53","5","5","1","Moderate","57.7853","5.5738","85.47","0","","","","61.0","61.0","80.0","80.0","61.0","0.0","70.5","77.62","80.0","0.0","-3.1667","-0.7917","61","1","111","111","1","1","0"
"2026-02-15T04:00:00+00:00","Lahore","4","6","2","46","0.866025","0.5","0.866025","0.5","0.711657","0.702527","1","0","1","0","17.6","62","1.8","169","10.1","1015.5","0","10.4","0","","0.0","0.0","","","-0.2","0","61","pm25","111","35","15","53","5","5","1","Moderate","99.9","2.9508","68.82","0","","","","61.0","61.0","80.0","80.0","61.0","0.0","67.33","76.83","80.0","0.0","-3.1667","-0.7917","61","1","111","111","1","1","0"
"2026-02-15T05:00:00+00:00","Lahore","5","6","2","46","0.965926","0.258819","0.866025","0.5","0.711657","0.702527","1","0","1","0","21.0","50","1.6","243","12.2","1015.5","0","10.1","0","","0.0","0.0","","","-0.1","0","61","pm25","111","35","15","53","5","5","1","Moderate","104.0625","2.623","55.5","0","","","","61.0","61.0","80.0","80.0","61.0","0.0","64.17","76.04","80.0","0.0","-3.1667","-0.7917","61","1","111","111","1","1","0"
"2026-02-15T06:00:00+00:00","Lahore","6","6","2","46","1.0","0.0","0.866025","0.5","0.711657","0.702527","1","0","0","0","23.7","43","4.2","282","15.8","1015.5","0","10.2","0","","0.0","0.0","","","-0.3","0","61","pm25","111","35","15","53","5","5","1","Moderate","37.7929","6.8852","47.73","0","","","","61.0","61.0","61.0","80.0","61.0","0.0","61.0","75.25","80.0","0.0","0.0","-0.7917","61","1","111","111","1","1","0"
"2026-02-15T07:00:00+00:00","Lahore","7","6","2","46","0.965926","-0.258819","0.866025","0.5","0.711657","0.702527","1","1","0","0","26.0","34","6.3","290","21.6","1014.8","0","9.1","0","","0.0","0.0","","","-0.4","0","61","pm25","111","35","15","53","5","5","1","Moderate","23.6095","10.3279","37.74","0","","","","61.0","61.0","61.0","80.0","61.0","0.0","61.0","74.46","80.0","0.0","0.0","-0.7917","61","1","111","111","1","1","0"
"2026-02-15T08:00:00+00:00","Lahore","8","6","2","46","0.866025","-0.5","0.866025","0.5","0.711657","0.702527","1","1","0","0","27.3","26","9.0","296","26.3","1013.9","0","5.9","0","","0.0","0.0","26.46","","-1.5","0","61","pm25","111","35","15","53","5","5","1","Moderate","15.54","14.7541","28.86","0","","","","61.0","61.0","61.0","80.0","61.0","0.0","61.0","73.67","80.0","0.0","0.0","-0.7917","61","1","111","111","1","1","0"
"2026-02-15T09:00:00+00:00","Lahore","9","6","2","46","0.707107","-0.707107","0.866025","0.5","0.711657","0.702527","1","1","0","0","27.8","22","9.3","299","27.0","1013.1","0","4.4","0","","0.0","0.0","26.66","","-2.3","0","61","pm25","111","35","15","53","5","5","1","Moderate","14.5613","15.2459","24.42","0","","","","61.0","61.0","61.0","80.0","61.0","0.0","61.0","72.88","80.0","0.0","0.0","-0.7917","61","1","111","111","1","1","0"
"2026-02-15T10:00:00+00:00","Lahore","10","6","2","46","0.5","-0.866025","0.866025","0.5","0.711657","0.702527","1","0","0","0","27.8","23","8.4","295","26.6","1012.5","0","4.5","28","","0.0","0.0","26.69","","-2.5","1","61","pm25","111","35","15","53","5","5","1","Moderate","16.2536","13.7705","25.53","0","","","","61.0","61.0","61.0","80.0","61.0","0.0","61.0","72.08","80.0","0.0","0.0","-0.7917","61","1","111","111","1","1","0"
"2026-02-15T11:00:00+00:00","Lahore","11","6","2","46","0.258819","-0.965926","0.866025","0.5","0.711657","0.702527","1","0","0","0","27.5","23","7.4","293","24.1","1012.0","0","4.6","27","","0.0","0.0","26.49","","-2.4","1","61","pm25","111","35","15","53","5","5","1","Moderate","18.45","12.1311","25.53","0","","","","61.0","61.0","61.0","80.0","61.0","0.0","61.0","71.29","80.0","0.0","0.0","-0.7917","61","1","111","111","1","1","0"
"2026-02-15T12:00:00+00:00","Lahore","12","6","2","46","0.0","-1.0","0.866025","0.5","0.711657","0.702527","1","0","0","0","26.5","25","6.3","288","20.2","1012.1","0","4.7","54","","0.0","0.0","","","-2.1","2","61","pm25","111","35","15","53","5","5","1","Moderate","22.0238","10.3279","27.75","0","","","","61.0","61.0","61.0","80.0","61.0","0.0","61.0","70.5","80.0","0.0","0.0","-0.7917","61","1","111","111","1","1","0"
"2026-02-15T13:00:00+00:00","Lahore","13","6","2","46","-0.258819","-0.965926","0.866025","0.5","0.711657","0.702527","1","0","0","0","24.0","30","3.9","298","14.0","1012.5","0","5.6","6","","0.0","0.0","","","-1.7","0","61","pm25","111","35","15","53","5","5","1","Moderate","37.0","6.3934","33.3","0","","","","61.0","61.0","61.0","80.0","61.0","0.0","61.0","69.71","80.0","0.0","0.0","-0.7917","61","1","111","111","1","1","0"
"2026-02-15T14:00:00+00:00","Lahore","14","6","2","46","-0.5","-0.866025","0.866025","0.5","0.711657","0.702527","1","0","0","0","23.0","33","2.1","308","7.2","1012.9","0","5.8","10","","0.0","0.0","","","-1.3","0","61","pm25","111","35","15","53","5","5","1","Moderate","70.3","3.4426","36.63","0","","","","61.0","61.0","61.0","80.0","61.0","0.0","61.0","68.92","80.0","0.0","0.0","-0.7917","61","1","111","111","1","1","0"
"2026-02-15T15:00:00+00:00","Lahore","15","6","2","46","-0.707107","-0.707107","0.866025","0.5","0.711657","0.702527","1","0","0","0","22.0","38","1.0","338","4.0","1013.3","0","6.9","0","","0.0","0.0","","","-0.9","0","61","pm25","111","35","15","53","5","5","1","Moderate","153.18","1.6393","42.18","0","","","","61.0","61.0","61.0","80.0","61.0","0.0","61.0","68.12","80.0","0.0","0.0","-0.7917","61","1","111","111","1","1","0"
"2026-02-15T16:00:00+00:00","Lahore","16","6","2","46","-0.866025","-0.5","0.866025","0.5","0.711657","0.702527","1","0","0","0","20.1","40","0.9","90","1.8","1013.7","0","6.3","0","","0.0","0.0","","","-1.0","0","61","pm25","111","35","15","53","5","5","1","Moderate","172.6667","1.4754","44.4","0","","","","61.0","61.0","61.0","80.0","61.0","0.0","61.0","67.33","80.0","0.0","0.0","-0.7917","61","1","111","111","1","1","0"
"2026-02-15T17:00:00+00:00","Lahore","17","6","2","46","-0.965926","-0.258819","0.866025","0.5","0.711657","0.702527","1","1","0","0","17.9","48","5.2","112","8.6","1014.0","0","6.8","0","","0.0","0.0","","","-1.6","0","61","pm25","111","35","15","53","5","5","1","Moderate","31.5923","8.5246","53.28","0","","","","61.0","61.0","61.0","80.0","61.0","0.0","61.0","66.54","80.0","0.0","0.0","-0.7917","61","1","111","111","1","1","0"
"2026-02-15T18:00:00+00:00","Lahore","18","6","2","46","-1.0","-0.0","0.866025","0.5","0.711657","0.702527","1","1","0","0","16.8","61","5.4","105","9.7","1014.0","0","9.2","0","","0.0","0.0","","","-1.0","0","61","pm25","111","35","15","53","5","5","1","Moderate","33.0944","8.8525","67.71","0","","","","61.0","61.0","61.0","80.0","61.0","0.0","61.0","65.75","80.0","0.0","0.0","-0.7917","61","1","111","111","1","1","0"
"2026-02-15T19:00:00+00:00","Lahore","19","6","2","46","-0.965926","0.258819","0.866025","0.5","0.711657","0.702527","1","1","0","0","16.1","69","5.1","113","10.1","1014.1","0","10.4","0","","0.0","0.0","","","-0.6","0","61","pm25","111","35","15","53","5","5","1","Moderate","36.7824","8.3607","76.59","0","","","","61.0","61.0","61.0","80.0","61.0","0.0","61.0","64.96","80.0","0.0","0.0","-0.7917","61","1","111","111","1","1","0"
"2026-02-15T20:00:00+00:00","Lahore","20","6","2","46","-0.866025","0.5","0.866025","0.5","0.711657","0.702527","1","0","0","0","15.2","79","4.7","108","8.3","1013.7","0","11.6","0","","0.0","0.0","","","-0.2","0","61","pm25","111","35","15","53","5","5","1","Moderate","42.2745","7.7049","87.69","0","","","","61.0","61.0","61.0","80.0","61.0","0.0","61.0","64.17","80.0","0.0","0.0","-0.7917","61","1","111","111","1","1","0"
"2026-02-15T21:00:00+00:00","Lahore","21","6","2","46","-0.707107","0.707107","0.866025","0.5","0.711657","0.702527","1","0","0","0","14.3","88","4.7","108","7.9","1013.4","0","12.3","0","","0.0","0.0","","","0.0","0","61","pm25","111","35","15","53","5","5","1","Moderate","44.4","7.7049","97.68","0","","","","61.0","61.0","61.0","80.0","61.0","0.0","61.0","63.38","80.0","0.0","0.0","-0.7917","61","1","111","111","1","1","0"
"2026-02-15T22:00:00+00:00","Lahore","22","6","2","46","-0.5","0.866025","0.866025","0.5","0.711657","0.702527","1","0","1","0","13.6","92","3.4","93","7.6","1013.1","0","12.4","0","","0.0","0.0","","","0.3","0","61","pm25","111","35","15","53","5","5","1","Moderate","62.6824","5.5738","102.12","0","","","","61.0","61.0","61.0","80.0","61.0","0.0","61.0","62.58","80.0","0.0","0.0","-0.7917","61","1","111","111","1","1","0"
"2026-02-15T23:00:00+00:00","Lahore","23","6","2","46","-0.258819","0.965926","0.866025","0.5","0.711657","0.702527","1","0","1","0","12.8","96","2.7","42","5.4","1012.7","0","12.1","0","","0.0","0.0","","","0.3","0","61","pm25","111","35","15","53","5","5","1","Moderate","80.5778","4.4262","106.56","0","","","","61.0","61.0","61.0","80.0","61.0","0.0","61.0","61.79","80.0","0.0","0.0","-0.7917","61","1","111","111","1","1","0"
"2026-02-16T00:00:00+00:00","Lahore","0","0","2","47","0.0","1.0","0.866025","0.5","0.723644","0.690173","0","0","1","0","12.4","97","2.9","97","5.0","1012.9","0","11.9","55","","0.0","0.0","","","0.1","2","69","pm25","112","40","6","47","4","2","1","Moderate","76.0828","4.2029","108.64","0","","","","61.0","61.0","61.0","61.0","61.0","0.0","61.0","61.0","61.0","0.0","0.0","0.0","69","1","112","112","1","1","0"
"2026-02-16T01:00:00+00:00","Lahore","1","0","2","47","0.258819","0.965926","0.866025","0.5","0.723644","0.690173","0","0","1","0","11.8","100","2.5","111","5.0","1013.1","0","11.7","71","","0.0","0.0","","","0.1","2","69","pm25","112","40","6","47","4","2","1","Moderate","89.6","3.6232","112.0","0","","","","69.0","61.0","61.0","61.0","63.67","3.77","62.33","61.33","69.0","8.0","1.3333","0.3333","69","1","112","112","1","1","1"
"2026-02-16T02:00:00+00:00","Lahore","2","0","2","47","0.5","0.866025","0.866025","0.5","0.723644","0.690173","0","0","1","0","11.2","100","2.7","113","4.3","1013.7","0","11.2","100","","0.0","0.0","","","0.0","3","69","pm25","112","40","6","47","4","2","1","Moderate","82.963","3.913","112.0","0","","","","69.0","61.0","61.0","61.0","66.33","3.77","63.67","61.67","69.0","0.0","1.3333","0.3333","69","1","112","112","1","1","0"
"2026-02-16T03:00:00+00:00","Lahore","3","0","2","47","0.707107","0.707107","0.866025","0.5","0.723644","0.690173","0","0","1","0","12.4","97","4.3","123","10.4","1013.9","0","12.1","100","","0.0","0.0","","","0.1","3","69","pm25","112","40","6","47","4","2","1","Moderate","51.3116","6.2319","108.64","0","","","","69.0","69.0","61.0","61.0","69.0","0.0","65.0","62.0","69.0","0.0","1.3333","0.3333","69","1","112","112","1","1","0"
"2026-02-16T04:00:00+00:00","Lahore","4","0","2","47","0.866025","0.5","0.866025","0.5","0.723644","0.690173","0","0","1","0","17.0","76","3.5","145","12.2","1014.4","0","12.8","1","","0.0","0.0","","","0.3","0","69","pm25","112","40","6","47","4","2","1","Moderate","56.32","5.0725","85.12","0","","","","69.0","69.0","61.0","61.0","69.0","0.0","66.33","62.33","69.0","0.0","1.3333","0.3333","69","1","112","112","1","1","0"
"2026-02-16T05:00:00+00:00","Lahore","5","0","2","47","0.965926","0.258819","0.866025","0.5","0.723644","0.690173","0","0","1","0","21.7","55","3.5","159","14.0","1014.8","0","12.2","0","","0.0","0.0","","","0.2","0","69","pm25","112","40","6","47","4","2","1","Moderate","49.6","5.0725","61.6","0","","","","69.0","69.0","61.0","61.0","69.0","0.0","67.67","62.67","69.0","0.0","1.3333","0.3333","69","1","112","112","1","1","0"
"2026-02-16T06:00:00+00:00","Lahore","6","0","2","47","1.0","0.0","0.866025","0.5","0.723644","0.690173","0","0","0","0","24.4","42","1.8","174","15.1","1014.7","0","10.4","0","","0.0","0.0","","","0.1","0","69","pm25","112","40","6","47","4","2","1","Moderate","88.3556","2.6087","47.04","0","","","","69.0","69.0","69.0","61.0","69.0","0.0","69.0","63.0","69.0","0.0","0.0","0.3333","69","1","112","112","1","1","0"
"2026-02-16T07:00:00+00:00","Lahore","7","0","2","47","0.965926","-0.258819","0.866025","0.5","0.723644","0.690173","0","1","0","0","26.6","31","0.9","143","13.3","1014.2","0","7.9","0","","0.0","0.0","","","0.2","0","69","pm25","112","40","6","47","4","2","1","Moderate","163.0222","1.3043","34.72","0","","","","69.0","69.0","69.0","61.0","69.0","0.0","69.0","63.33","69.0","0.0","0.0","0.3333","69","1","112","112","1","1","0"
"2026-02-16T08:00:00+00:00","Lahore","8","0","2","47","0.866025","-0.5","0.866025","0.5","0.723644","0.690173","0","1","0","0","27.6","25","0.6","72","13.0","1013.2","0","5.9","0","","0.0","0.0","26.62","","-0.1","0","69","pm25","112","40","6","47","4","2","1","Moderate","233.3333","0.8696","28.0","0","","","","69.0","69.0","69.0","61.0","69.0","0.0","69.0","63.67","69.0","0.0","0.0","0.3333","69","1","112","112","1","1","0"
"2026-02-16T09:00:00+00:00","Lahore","9","0","2","47","0.707107","-0.707107","0.866025","0.5","0.723644","0.690173","0","1","0","0","28.0","23","1.5","60","13.3","1012.0","0","4.8","2","","0.0","0.0","26.83","","-0.9","0","69","pm25","112","40","6","47","4","2","1","Moderate","91.84","2.1739","25.76","0","","","","69.0","69.0","69.0","61.0","69.0","0.0","69.0","64.0","69.0","0.0","0.0","0.3333","69","1","112","112","1","1","0"
"2026-02-16T10:00:00+00:00","Lahore","10","0","2","47","0.5","-0.866025","0.866025","0.5","0.723644","0.690173","0","0","0","0","28.0","22","2.5","82","13.7","1011.3","0","4.4","0","","0.0","0.0","26.8","","-1.7","0","69","pm25","112","40","6","47","4","2","1","Moderate","54.656","3.6232","24.64","0","","","","69.0","69.0","69.0","61.0","69.0","0.0","69.0","64.33","69.0","0.0","0.0","0.3333","69","1","112","112","1","1","0"
"2026-02-16T11:00:00+00:00","Lahore","11","0","2","47","0.258819","-0.965926","0.866025","0.5","0.723644","0.690173","0","0","0","0","27.6","24","5.4","98","15.8","1010.8","0","5.1","2","","0.0","0.0","26.59","","-2.0","0","69","pm25","112","40","6","47","4","2","1","Moderate","25.7185","7.8261","26.88","0","","","","69.0","69.0","69.0","61.0","69.0","0.0","69.0","64.67","69.0","0.0","0.0","0.3333","69","1","112","112","1","1","0"
"2026-02-16T12:00:00+00:00","Lahore","12","0","2","47","0.0","-1.0","0.866025","0.5","0.723644","0.690173","0","0","0","0","25.5","39","8.4","97","22.3","1010.7","0","10.6","8","","0.0","0.0","","","-1.1","0","69","pm25","112","40","6","47","4","2","1","Moderate","18.5333","12.1739","43.68","0","","","","69.0","69.0","69.0","61.0","69.0","0.0","69.0","65.0","69.0","0.0","0.0","0.3333","69","1","112","112","1","1","0"
"2026-02-16T13:00:00+00:00","Lahore","13","0","2","47","-0.258819","-0.965926","0.866025","0.5","0.723644","0.690173","0","0","0","0","22.9","52","7.7","111","18.0","1011.1","0","12.6","17","","0.0","0.0","","","-0.3","0","69","pm25","112","40","6","47","4","2","1","Moderate","22.1091","11.1594","58.24","0","","","","69.0","69.0","69.0","61.0","69.0","0.0","69.0","65.33","69.0","0.0","0.0","0.3333","69","1","112","112","1","1","0"
"2026-02-16T14:00:00+00:00","Lahore","14","0","2","47","-0.5","-0.866025","0.866025","0.5","0.723644","0.690173","0","0","0","0","21.3","58","4.5","106","14.8","1011.8","0","12.7","20","","0.0","0.0","","","0.2","1","69","pm25","112","40","6","47","4","2","1","Moderate","39.3244","6.5217","64.96","0","","","","69.0","69.0","69.0","61.0","69.0","0.0","69.0","65.67","69.0","0.0","0.0","0.3333","69","1","112","112","1","1","0"
"2026-02-16T15:00:00+00:00","Lahore","15","0","2","47","-0.707107","-0.707107","0.866025","0.5","0.723644","0.690173","0","0","0","0","19.8","66","3.9","114","8.3","1012.4","0","13.2","0","","0.0","0.0","","","0.4","0","69","pm25","112","40","6","47","4","2","1","Moderate","47.6718","5.6522","73.92","0","","","","69.0","69.0","69.0","61.0","69.0","0.0","69.0","66.0","69.0","0.0","0.0","0.3333","69","1","112","112","1","1","0"
"2026-02-16T16:00:00+00:00","Lahore","16","0","2","47","-0.866025","-0.5","0.866025","0.5","0.723644","0.690173","0","0","0","0","18.9","70","3.9","112","6.5","1013.2","0","13.4","3","","0.0","0.0","","","0.5","0","69","pm25","112","40","6","47","4","2","1","Moderate","48.8205","5.6522","78.4","0","","","","69.0","69.0","69.0","61.0","69.0","0.0","69.0","66.33","69.0","0.0","0.0","0.3333","69","1","112","112","1","1","0"
"2026-02-16T17:00:00+00:00","Lahore","17","0","2","47","-0.965926","-0.258819","0.866025","0.5","0.723644","0.690173","0","1","0","0","18.0","75","4.9","100","8.3","1013.5","0","13.6","3","","0.0","0.0","","","0.4","0","69","pm25","112","40","6","47","4","2","1","Moderate","40.0","7.1014","84.0","0","","","","69.0","69.0","69.0","61.0","69.0","0.0","69.0","66.67","69.0","0.0","0.0","0.3333","69","1","112","112","1","1","0"
"2026-02-16T18:00:00+00:00","Lahore","18","0","2","47","-1.0","-0.0","0.866025","0.5","0.723644","0.690173","0","1","0","0","17.2","86","5.0","103","8.6","1013.7","0","14.9","4","","0.0","0.0","","","0.9","0","69","pm25","112","40","6","47","4","2","1","Moderate","41.664","7.2464","96.32","0","","","","69.0","69.0","69.0","61.0","69.0","0.0","69.0","67.0","69.0","0.0","0.0","0.3333","69","1","112","112","1","1","0"
"2026-02-16T19:00:00+00:00","Lahore","19","0","2","47","-0.965926","0.258819","0.866025","0.5","0.723644","0.690173","0","1","0","0","17.1","85","6.1","87","11.5","1013.7","0","14.5","30","","0.0","0.0","","","0.6","1","69","pm25","112","40","6","47","4","2","1","Moderate","33.9672","8.8406","95.2","0","","","","69.0","69.0","69.0","61.0","69.0","0.0","69.0","67.33","69.0","0.0","0.0","0.3333","69","1","112","112","1","1","0"
"2026-02-16T20:00:00+00:00","Lahore","20","0","2","47","-0.866025","0.5","0.866025","0.5","0.723644","0.690173","0","0","0","0","16.6","83","6.0","87","10.8","1013.7","0","13.6","97","","0.0","0.0","","","0.3","3","69","pm25","112","40","6","47","4","2","1","Moderate","34.16","8.6957","92.96","0","","","","69.0","69.0","69.0","61.0","69.0","0.0","69.0","67.67","69.0","0.0","0.0","0.3333","69","1","112","112","1","1","0"
"2026-02-16T21:00:00+00:00","Lahore","21","0","2","47","-0.707107","0.707107","0.866025","0.5","0.723644","0.690173","0","0","0","0","16.0","83","6.1","90","10.8","1013.3","0","13.1","96","","0.0","0.0","","","0.1","3","69","pm25","112","40","6","47","4","2","1","Moderate","33.6","8.8406","92.96","0","","","","69.0","69.0","69.0","61.0","69.0","0.0","69.0","68.0","69.0","0.0","0.0","0.3333","69","1","112","112","1","1","0"
"2026-02-16T22:00:00+00:00","Lahore","22","0","2","47","-0.5","0.866025","0.866025","0.5","0.723644","0.690173","0","0","1","0","15.4","86","7.6","89","13.7","1013.4","0","13.0","98","","0.0","0.0","","","-0.2","3","69","pm25","112","40","6","47","4","2","1","Moderate","27.4105","11.0145","96.32","0","","","","69.0","69.0","69.0","61.0","69.0","0.0","69.0","68.33","69.0","0.0","0.0","0.3333","69","1","112","112","1","1","0"
"2026-02-16T23:00:00+00:00","Lahore","23","0","2","47","-0.258819","0.965926","0.866025","0.5","0.723644","0.690173","0","0","1","0","14.6","90","5.2","78","13.7","1013.7","0","13.1","100","","0.0","0.0","","","0.2","3","69","pm25","112","40","6","47","4","2","1","Moderate","40.9231","7.5362","100.8","0","","","","69.0","69.0","69.0","61.0","69.0","0.0","69.0","68.67","69.0","0.0","0.0","0.3333","69","1","112","112","1","1","0"
"2026-02-17T00:00:00+00:00","Lahore","0","1","2","48","0.0","1.0","0.866025","0.5","0.735417","0.677615","0","0","1","0","14.4","90","5.5","107","9.7","1014.0","0","12.8","98","","0.0","0.0","","","0.0","3","65","pm25","124","28","18","40","4","4","1","Moderate","42.8364","8.4615","111.6","0","","","","69.0","69.0","69.0","69.0","69.0","0.0","69.0","69.0","69.0","0.0","0.0","0.0","65","1","124","124","1","1","0"
"2026-02-17T01:00:00+00:00","Lahore","1","1","2","48","0.258819","0.965926","0.866025","0.5","0.735417","0.677615","0","0","1","0","13.9","91","5.2","112","10.4","1014.5","0","12.4","100","","0.0","0.0","","","0.1","3","65","pm25","124","28","18","40","4","4","1","Moderate","45.5462","8.0","112.84","0","","","","65.0","69.0","69.0","69.0","67.67","1.89","68.33","68.83","69.0","-4.0","-0.6667","-0.1667","65","1","124","124","1","1","0"
"2026-02-17T02:00:00+00:00","Lahore","2","1","2","48","0.5","0.866025","0.866025","0.5","0.735417","0.677615","0","0","1","0","13.9","89","5.4","111","9.0","1015.1","0","12.1","100","","0.0","0.0","","","-0.2","3","65","pm25","124","28","18","40","4","4","1","Moderate","43.4","8.3077","110.36","0","","","","65.0","69.0","69.0","69.0","66.33","1.89","67.67","68.67","69.0","0.0","-0.6667","-0.1667","65","1","124","124","1","1","0"
"2026-02-17T03:00:00+00:00","Lahore","3","1","2","48","0.707107","0.707107","0.866025","0.5","0.735417","0.677615","0","0","1","0","15.4","79","7.6","108","14.0","1015.9","0","11.8","100","","0.0","0.0","","","-0.6","3","65","pm25","124","28","18","40","4","4","1","Moderate","29.2053","11.6923","97.96","0","","","","65.0","65.0","69.0","69.0","65.0","0.0","67.0","68.5","69.0","0.0","-0.6667","-0.1667","65","1","124","124","1","1","0"
"2026-02-17T04:00:00+00:00","Lahore","4","1","2","48","0.866025","0.5","0.866025","0.5","0.735417","0.677615","0","0","1","0","17.9","68","5.4","96","14.8","1016.8","0","11.8","100","","0.0","0.0","","","-0.3","3","65","pm25","124","28","18","40","4","4","1","Moderate","38.5778","8.3077","84.32","0","","","","65.0","65.0","69.0","69.0","65.0","0.0","66.33","68.33","69.0","0.0","-0.6667","-0.1667","65","1","124","124","1","1","0"
"2026-02-17T05:00:00+00:00","Lahore","5","1","2","48","0.965926","0.258819","0.866025","0.5","0.735417","0.677615","0","0","1","0","20.6","58","6.5","87","18.7","1017.0","0","12.1","100","","0.0","0.0","","","-0.3","3","65","pm25","124","28","18","40","4","4","1","Moderate","30.1415","10.0","71.92","0","","","","65.0","65.0","69.0","69.0","65.0","0.0","65.67","68.17","69.0","0.0","-0.6667","-0.1667","65","1","124","124","1","1","0"
"2026-02-17T06:00:00+00:00","Lahore","6","1","2","48","1.0","0.0","0.866025","0.5","0.735417","0.677615","0","0","0","0","22.5","54","6.8","90","21.2","1017.4","0","12.7","100","","0.0","0.0","","","-0.1","3","65","pm25","124","28","18","40","4","4","1","Moderate","28.0824","10.4615","66.96","0","","","","65.0","65.0","65.0","69.0","65.0","0.0","65.0","68.0","69.0","0.0","0.0","-0.1667","65","1","124","124","1","1","0"
"2026-02-17T07:00:00+00:00","Lahore","7","1","2","48","0.965926","-0.258819","0.866025","0.5","0.735417","0.677615","0","1","0","0","23.9","50","8.6","79","24.1","1017.1","0","12.8","100","","0.0","0.0","","","-0.4","3","65","pm25","124","28","18","40","4","4","1","Moderate","21.6279","13.2308","62.0","0","","","","65.0","65.0","65.0","69.0","65.0","0.0","65.0","67.83","69.0","0.0","0.0","-0.1667","65","1","124","124","1","1","0"
"2026-02-17T08:00:00+00:00","Lahore","8","1","2","48","0.866025","-0.5","0.866025","0.5","0.735417","0.677615","0","1","0","0","24.5","47","9.3","77","25.2","1016.3","0","12.3","100","","0.0","0.0","","","-0.7","3","65","pm25","124","28","18","40","4","4","1","Moderate","19.6","14.3077","58.28","0","","","","65.0","65.0","65.0","69.0","65.0","0.0","65.0","67.67","69.0","0.0","0.0","-0.1667","65","1","124","124","1","1","0"
"2026-02-17T09:00:00+00:00","Lahore","9","1","2","48","0.707107","-0.707107","0.866025","0.5","0.735417","0.677615","0","1","0","0","25.1","43","10.1","74","26.6","1015.2","0","11.6","100","","0.0","0.0","","","-1.0","3","65","pm25","124","28","18","40","4","4","1","Moderate","17.5564","15.5385","53.32","0","","","","65.0","65.0","65.0","69.0","65.0","0.0","65.0","67.5","69.0","0.0","0.0","-0.1667","65","1","124","124","1","1","0"
"2026-02-17T10:00:00+00:00","Lahore","10","1","2","48","0.5","-0.866025","0.866025","0.5","0.735417","0.677615","0","0","0","0","25.4","39","10.1","68","27.0","1014.4","0","10.4","100","","0.0","0.0","","","-1.4","3","65","pm25","124","28","18","40","4","4","1","Moderate","17.0653","15.5385","48.36","0","","","","65.0","65.0","65.0","69.0","65.0","0.0","65.0","67.33","69.0","0.0","0.0","-0.1667","65","1","124","124","1","1","0"
"2026-02-17T11:00:00+00:00","Lahore","11","1","2","48","0.258819","-0.965926","0.866025","0.5","0.735417","0.677615","0","0","0","0","25.0","39","7.7","66","25.9","1014.3","0","9.9","95","","0.0","0.0","","","-1.2","3","65","pm25","124","28","18","40","4","4","1","Moderate","22.3844","11.8462","48.36","0","","","","65.0","65.0","65.0","69.0","65.0","0.0","65.0","67.17","69.0","0.0","0.0","-0.1667","65","1","124","124","1","1","0"
"2026-02-17T12:00:00+00:00","Lahore","12","1","2","48","0.0","-1.0","0.866025","0.5","0.735417","0.677615","0","0","0","0","21.3","57","19.5","175","19.4","1015.6","0","12.5","100","","0.0","0.0","","","-2.1","3","65","pm25","124","28","18","40","4","4","1","Moderate","9.9836","30.0","70.68","0","","","","65.0","65.0","65.0","69.0","65.0","0.0","65.0","67.0","69.0","0.0","0.0","-0.1667","65","1","124","124","1","1","0"
"2026-02-17T13:00:00+00:00","Lahore","13","1","2","48","-0.258819","-0.965926","0.866025","0.5","0.735417","0.677615","0","0","0","0","20.0","60","3.8","5","42.1","1014.7","0","11.9","99","","0.0","0.0","","","0.0","3","65","pm25","124","28","18","40","4","4","1","Moderate","52.2105","5.8462","74.4","0","","","","65.0","65.0","65.0","69.0","65.0","0.0","65.0","66.83","69.0","0.0","0.0","-0.1667","65","1","124","124","1","1","0"
"2026-02-17T14:00:00+00:00","Lahore","14","1","2","48","-0.5","-0.866025","0.866025","0.5","0.735417","0.677615","0","0","0","0","20.1","62","0.9","79","12.2","1014.8","0","12.8","80","","0.1","0.1","","","0.8","51","65","pm25","124","28","18","40","4","4","1","Moderate","223.2","1.3846","76.88","0","","","","65.0","65.0","65.0","69.0","65.0","0.0","65.0","66.67","69.0","0.0","0.0","-0.1667","65","1","124","124","1","1","0"
"2026-02-17T15:00:00+00:00","Lahore","15","1","2","48","-0.707107","-0.707107","0.866025","0.5","0.735417","0.677615","0","0","0","0","19.6","63","0.9","259","2.5","1015.1","0","12.4","99","","0.0","0.0","","","0.7","3","65","pm25","124","28","18","40","4","4","1","Moderate","224.5778","1.3846","78.12","0","","","","65.0","65.0","65.0","69.0","65.0","0.0","65.0","66.5","69.0","0.0","0.0","-0.1667","65","1","124","124","1","1","0"
"2026-02-17T16:00:00+00:00","Lahore","16","1","2","48","-0.866025","-0.5","0.866025","0.5","0.735417","0.677615","0","0","0","0","19.4","63","1.7","18","2.5","1015.2","0","12.2","100","","0.0","0.0","","","0.4","3","65","pm25","124","28","18","40","4","4","1","Moderate","118.8941","2.6154","78.12","0","","","","65.0","65.0","65.0","69.0","65.0","0.0","65.0","66.33","69.0","0.0","0.0","-0.1667","65","1","124","124","1","1","0"
"2026-02-17T17:00:00+00:00","Lahore","17","1","2","48","-0.965926","-0.258819","0.866025","0.5","0.735417","0.677615","0","1","0","0","19.1","63","6.4","18","13.0","1015.0","0","11.9","75","","0.0","0.0","","","-0.3","2","65","pm25","124","28","18","40","4","4","1","Moderate","31.5812","9.8462","78.12","0","","","","65.0","65.0","65.0","69.0","65.0","0.0","65.0","66.17","69.0","0.0","0.0","-0.1667","65","1","124","124","1","1","0"
"2026-02-17T18:00:00+00:00","Lahore","18","1","2","48","-1.0","-0.0","0.866025","0.5","0.735417","0.677615","0","1","0","0","17.2","80","4.2","36","12.6","1014.8","0","13.8","0","","0.0","0.0","","","0.6","0","65","pm25","124","28","18","40","4","4","1","Moderate","53.1429","6.4615","99.2","0","","","","65.0","65.0","65.0","69.0","65.0","0.0","65.0","66.0","69.0","0.0","0.0","-0.1667","65","1","124","124","1","1","0"
"2026-02-17T19:00:00+00:00","Lahore","19","1","2","48","-0.965926","0.258819","0.866025","0.5","0.735417","0.677615","0","1","0","0","17.0","82","1.5","45","7.6","1014.3","0","13.9","20","","0.0","0.0","","","1.0","1","65","pm25","124","28","18","40","4","4","1","Moderate","150.4533","2.3077","101.68","0","","","","65.0","65.0","65.0","69.0","65.0","0.0","65.0","65.83","69.0","0.0","0.0","-0.1667","65","1","124","124","1","1","0"
"2026-02-17T20:00:00+00:00","Lahore","20","1","2","48","-0.866025","0.5","0.866025","0.5","0.735417","0.677615","0","0","0","0","16.4","85","0.6","72","2.5","1014.7","0","13.9","57","","0.0","0.0","","","1.2","2","65","pm25","124","28","18","40","4","4","1","Moderate","382.3333","0.9231","105.4","0","","","","65.0","65.0","65.0","69.0","65.0","0.0","65.0","65.67","69.0","0.0","0.0","-0.1667","65","1","124","124","1","1","0"
"2026-02-17T21:00:00+00:00","Lahore","21","1","2","48","-0.707107","0.707107","0.866025","0.5","0.735417","0.677615","0","0","0","0","15.8","88","1.8","156","2.9","1014.3","0","13.9","35","","0.0","0.0","","","1.0","1","65","pm25","124","28","18","40","4","4","1","Moderate","129.5111","2.7692","109.12","0","","","","65.0","65.0","65.0","69.0","65.0","0.0","65.0","65.5","69.0","0.0","0.0","-0.1667","65","1","124","124","1","1","0"
"2026-02-17T22:00:00+00:00","Lahore","22","1","2","48","-0.5","0.866025","0.866025","0.5","0.735417","0.677615","0","0","1","0","15.1","92","1.7","193","4.7","1014.3","0","13.7","63","","0.0","0.0","","","0.9","2","65","pm25","124","28","18","40","4","4","1","Moderate","140.0471","2.6154","114.08","0","","","","65.0","65.0","65.0","69.0","65.0","0.0","65.0","65.33","69.0","0.0","0.0","-0.1667","65","1","124","124","1","1","0"
"2026-02-17T23:00:00+00:00","Lahore","23","1","2","48","-0.258819","0.965926","0.866025","0.5","0.735417","0.677615","0","0","1","0","14.5","93","2.4","9","3.2","1014.0","0","13.4","1","","0.0","0.0","","","0.7","0","65","pm25","124","28","18","40","4","4","1","Moderate","99.7167","3.6923","115.32","0","","","","65.0","65.0","65.0","69.0","65.0","0.0","65.0","65.17","69.0","0.0","0.0","-0.1667","65","1","124","124","1","1","0"
"2026-02-18T00:00:00+00:00","Lahore","0","2","2","49","0.0","1.0","0.866025","0.5","0.746972","0.664855","0","0","1","0","15.4","80","3.9","53","16.9","1014.0","0","12.1","79","","0.0","0.0","","","0.1","2","74","pm25","116","41","12","46","7","3","1","Moderate","53.5385","5.2703","92.8","0","","","","65.0","65.0","65.0","65.0","65.0","0.0","65.0","65.0","65.0","0.0","0.0","0.0","74","1","116","116","1","1","0"
"2026-02-18T01:00:00+00:00","Lahore","1","2","2","49","0.258819","0.965926","0.866025","0.5","0.746972","0.664855","0","0","1","0","15.6","80","1.5","104","16.9","1015.4","0","12.1","100","","0.2","0.2","","","0.4","51","74","pm25","116","41","12","46","7","3","1","Moderate","139.2","2.027","92.8","0","","","","74.0","65.0","65.0","65.0","68.0","4.24","66.5","65.38","74.0","9.0","1.5","0.375","74","1","116","116","1","1","1"
"2026-02-18T02:00:00+00:00","Lahore","2","2","2","49","0.5","0.866025","0.866025","0.5","0.746972","0.664855","0","0","1","0","15.1","82","2.8","101","2.5","1016.3","0","12.1","97","","0.0","0.0","","","0.3","3","74","pm25","116","41","12","46","7","3","1","Moderate","75.4","3.7838","95.12","0","","","","74.0","65.0","65.0","65.0","71.0","4.24","68.0","65.75","74.0","0.0","1.5","0.375","74","1","116","116","1","1","0"
"2026-02-18T03:00:00+00:00","Lahore","3","2","2","49","0.707107","0.707107","0.866025","0.5","0.746972","0.664855","0","0","1","0","17.0","74","7.1","161","15.1","1017.0","0","12.3","88","","0.0","0.0","","","-0.4","3","74","pm25","116","41","12","46","7","3","1","Moderate","28.4282","9.5946","85.84","0","","","","74.0","74.0","65.0","65.0","74.0","0.0","69.5","66.12","74.0","0.0","1.5","0.375","74","1","116","116","1","1","0"
"2026-02-18T04:00:00+00:00","Lahore","4","2","2","49","0.866025","0.5","0.866025","0.5","0.746972","0.664855","0","0","1","0","19.4","62","2.9","270","13.7","1017.3","0","11.9","60","","0.0","0.0","","","0.2","2","74","pm25","116","41","12","46","7","3","1","Moderate","64.8","3.9189","71.92","0","","","","74.0","74.0","65.0","65.0","74.0","0.0","71.0","66.5","74.0","0.0","1.5","0.375","74","1","116","116","1","1","0"
"2026-02-18T05:00:00+00:00","Lahore","5","2","2","49","0.965926","0.258819","0.866025","0.5","0.746972","0.664855","0","0","1","0","22.4","46","4.7","242","15.1","1017.2","0","10.2","59","","0.0","0.0","","","-0.6","2","74","pm25","116","41","12","46","7","3","1","Moderate","36.034","6.3514","53.36","0","","","","74.0","74.0","65.0","65.0","74.0","0.0","72.5","66.88","74.0","0.0","1.5","0.375","74","1","116","116","1","1","0"
"2026-02-18T06:00:00+00:00","Lahore","6","2","2","49","1.0","0.0","0.866025","0.5","0.746972","0.664855","0","0","0","0","24.5","40","6.1","230","21.6","1017.6","0","9.9","88","","0.0","0.0","","","-1.0","3","74","pm25","116","41","12","46","7","3","1","Moderate","26.623","8.2432","46.4","0","","","","74.0","74.0","74.0","65.0","74.0","0.0","74.0","67.25","74.0","0.0","0.0","0.375","74","1","116","116","1","1","0"
"2026-02-18T07:00:00+00:00","Lahore","7","2","2","49","0.965926","-0.258819","0.866025","0.5","0.746972","0.664855","0","1","0","0","23.6","41","6.7","204","19.8","1017.5","0","9.6","98","","0.9","0.9","","","-1.1","53","74","pm25","116","41","12","46","7","3","1","Moderate","24.4119","9.0541","47.56","0","","","","74.0","74.0","74.0","65.0","74.0","0.0","74.0","67.62","74.0","0.0","0.0","0.375","74","1","116","116","1","1","0"
"2026-02-18T08:00:00+00:00","Lahore","8","2","2","49","0.866025","-0.5","0.866025","0.5","0.746972","0.664855","0","1","0","0","24.2","34","2.1","329","20.5","1016.8","0","7.2","48","","0.0","0.0","","","-1.0","1","74","pm25","116","41","12","46","7","3","1","Moderate","74.019","2.8378","39.44","0","","","","74.0","74.0","74.0","65.0","74.0","0.0","74.0","68.0","74.0","0.0","0.0","0.375","74","1","116","116","1","1","0"
"2026-02-18T09:00:00+00:00","Lahore","9","2","2","49","0.707107","-0.707107","0.866025","0.5","0.746972","0.664855","0","1","0","0","24.5","35","6.6","74","23.4","1016.0","0","8.1","56","","0.2","0.2","","","-1.4","51","74","pm25","116","41","12","46","7","3","1","Moderate","23.7273","8.9189","40.6","0","","","","74.0","74.0","74.0","65.0","74.0","0.0","74.0","68.38","74.0","0.0","0.0","0.375","74","1","116","116","1","1","0"
"2026-02-18T10:00:00+00:00","Lahore","10","2","2","49","0.5","-0.866025","0.866025","0.5","0.746972","0.664855","0","0","0","0","23.5","40","9.9","53","26.3","1015.9","0","9.1","45","","0.0","0.0","","","-1.7","1","74","pm25","116","41","12","46","7","3","1","Moderate","16.404","13.3784","46.4","0","","","","74.0","74.0","74.0","65.0","74.0","0.0","74.0","68.75","74.0","0.0","0.0","0.375","74","1","116","116","1","1","0"
"2026-02-18T11:00:00+00:00","Lahore","11","2","2","49","0.258819","-0.965926","0.866025","0.5","0.746972","0.664855","0","0","0","0","22.9","44","5.9","108","26.6","1015.6","0","9.9","27","","0.0","0.0","","","-0.9","1","74","pm25","116","41","12","46","7","3","1","Moderate","28.3119","7.973","51.04","0","","","","74.0","74.0","74.0","65.0","74.0","0.0","74.0","69.12","74.0","0.0","0.0","0.375","74","1","116","116","1","1","0"
"2026-02-18T12:00:00+00:00","Lahore","12","2","2","49","0.0","-1.0","0.866025","0.5","0.746972","0.664855","0","0","0","0","23.4","44","3.4","106","16.6","1014.9","0","10.4","13","","0.0","0.0","","","-0.4","0","74","pm25","116","41","12","46","7","3","1","Moderate","49.1294","4.5946","51.04","0","","","","74.0","74.0","74.0","65.0","74.0","0.0","74.0","69.5","74.0","0.0","0.0","0.375","74","1","116","116","1","1","0"
"2026-02-18T13:00:00+00:00","Lahore","13","2","2","49","-0.258819","-0.965926","0.866025","0.5","0.746972","0.664855","0","0","0","0","22.0","51","0.5","90","7.9","1015.2","0","11.2","2","","0.0","0.0","","","0.3","0","74","pm25","116","41","12","46","7","3","1","Moderate","350.32","0.6757","59.16","0","","","","74.0","74.0","74.0","65.0","74.0","0.0","74.0","69.88","74.0","0.0","0.0","0.375","74","1","116","116","1","1","0"
"2026-02-18T14:00:00+00:00","Lahore","14","2","2","49","-0.5","-0.866025","0.866025","0.5","0.746972","0.664855","0","0","0","0","20.6","56","1.0","31","2.9","1015.9","0","11.6","1","","0.0","0.0","","","0.3","0","74","pm25","116","41","12","46","7","3","1","Moderate","180.96","1.3514","64.96","0","","","","74.0","74.0","74.0","65.0","74.0","0.0","74.0","70.25","74.0","0.0","0.0","0.375","74","1","116","116","1","1","0"
"2026-02-18T15:00:00+00:00","Lahore","15","2","2","49","-0.707107","-0.707107","0.866025","0.5","0.746972","0.664855","0","0","0","0","19.4","62","2.5","360","5.0","1016.3","0","11.9","0","","0.0","0.0","","","0.2","0","74","pm25","116","41","12","46","7","3","1","Moderate","75.168","3.3784","71.92","0","","","","74.0","74.0","74.0","65.0","74.0","0.0","74.0","70.62","74.0","0.0","0.0","0.375","74","1","116","116","1","1","0"
"2026-02-18T16:00:00+00:00","Lahore","16","2","2","49","-0.866025","-0.5","0.866025","0.5","0.746972","0.664855","0","0","0","0","18.8","65","1.5","346","5.0","1016.3","0","12.1","0","","0.0","0.0","","","0.4","0","74","pm25","116","41","12","46","7","3","1","Moderate","127.6","2.027","75.4","0","","","","74.0","74.0","74.0","65.0","74.0","0.0","74.0","71.0","74.0","0.0","0.0","0.375","74","1","116","116","1","1","0"
"2026-02-18T17:00:00+00:00","Lahore","17","2","2","49","-0.965926","-0.258819","0.866025","0.5","0.746972","0.664855","0","1","0","0","18.0","69","0.9","349","3.2","1016.6","0","12.2","0","","0.0","0.0","","","0.5","0","74","pm25","116","41","12","46","7","3","1","Moderate","217.8222","1.2162","80.04","0","","","","74.0","74.0","74.0","65.0","74.0","0.0","74.0","71.38","74.0","0.0","0.0","0.375","74","1","116","116","1","1","0"
"2026-02-18T18:00:00+00:00","Lahore","18","2","2","49","-1.0","-0.0","0.866025","0.5","0.746972","0.664855","0","1","0","0","18.5","73","1.0","158","2.2","1016.6","0","13.4","0","","0.0","0.0","","","0.9","0","74","pm25","116","41","12","46","7","3","1","Moderate","200.68","1.3514","84.68","0","","","","74.0","74.0","74.0","65.0","74.0","0.0","74.0","71.75","74.0","0.0","0.0","0.375","74","1","116","116","1","1","0"
"2026-02-18T19:00:00+00:00","Lahore","19","2","2","49","-0.965926","0.258819","0.866025","0.5","0.746972","0.664855","0","1","0","0","17.5","76","1.3","90","2.2","1016.8","0","13.3","0","","0.0","0.0","","","0.9","0","74","pm25","116","41","12","46","7","3","1","Moderate","157.0462","1.7568","88.16","0","","","","74.0","74.0","74.0","65.0","74.0","0.0","74.0","72.12","74.0","0.0","0.0","0.375","74","1","116","116","1","1","0"
"2026-02-18T20:00:00+00:00","Lahore","20","2","2","49","-0.866025","0.5","0.866025","0.5","0.746972","0.664855","0","0","0","0","16.1","83","1.3","74","4.0","1016.7","0","13.4","0","","0.0","0.0","","","0.9","0","74","pm25","116","41","12","46","7","3","1","Moderate","163.2923","1.7568","96.28","0","","","","74.0","74.0","74.0","65.0","74.0","0.0","74.0","72.5","74.0","0.0","0.0","0.375","74","1","116","116","1","1","0"
"2026-02-18T21:00:00+00:00","Lahore","21","2","2","49","-0.707107","0.707107","0.866025","0.5","0.746972","0.664855","0","0","0","0","15.6","86","0.9","233","2.2","1016.5","0","13.3","1","","0.0","0.0","","","0.9","0","74","pm25","116","41","12","46","7","3","1","Moderate","239.7333","1.2162","99.76","0","","","","74.0","74.0","74.0","65.0","74.0","0.0","74.0","72.88","74.0","0.0","0.0","0.375","74","1","116","116","1","1","0"
"2026-02-18T22:00:00+00:00","Lahore","22","2","2","49","-0.5","0.866025","0.866025","0.5","0.746972","0.664855","0","0","1","0","15.1","87","0.3","135","1.8","1016.8","0","13.1","1","","0.0","0.0","","","1.0","0","74","pm25","116","41","12","46","7","3","1","Moderate","723.0667","0.4054","100.92","0","","","","74.0","74.0","74.0","65.0","74.0","0.0","74.0","73.25","74.0","0.0","0.0","0.375","74","1","116","116","1","1","0"
"2026-02-18T23:00:00+00:00","Lahore","23","2","2","49","-0.258819","0.965926","0.866025","0.5","0.746972","0.664855","0","0","1","0","14.6","89","0.0","270","0.7","1016.8","0","12.8","6","","0.0","0.0","","","0.8","0","74","pm25","116","41","12","46","7","3","1","Moderate","2192.4","0.0","103.24","0","","","","74.0","74.0","74.0","65.0","74.0","0.0","74.0","73.62","74.0","0.0","0.0","0.375","74","1","116","116","1","1","0"
"2026-02-19T00:00:00+00:00","Lahore","0","3","2","50","0.0","1.0","0.866025","0.5","0.758306","0.651899","0","0","1","0","14.2","90","6.0","27","6.8","1017.4","0","12.6","5","","0.0","0.0","","","0.0","0","55","pm25","97","27","16","49","6","3","1","Moderate","30.7167","10.9091","87.3","0","","","","74.0","74.0","74.0","74.0","74.0","0.0","74.0","74.0","74.0","0.0","0.0","0.0","55","1","97","97","1","1","0"
"2026-02-19T01:00:00+00:00","Lahore","1","3","2","50","0.258819","0.965926","0.866025","0.5","0.758306","0.651899","0","0","1","0","13.3","94","4.3","33","11.2","1017.7","0","12.3","9","","0.0","0.0","","","0.1","0","55","pm25","97","27","16","49","6","3","1","Moderate","43.7628","7.8182","91.18","0","","","","55.0","74.0","74.0","74.0","67.67","8.96","70.83","73.21","74.0","-19.0","-3.1667","-0.7917","55","1","97","97","1","1","-1"
"2026-02-19T02:00:00+00:00","Lahore","2","3","2","50","0.5","0.866025","0.866025","0.5","0.758306","0.651899","0","0","1","0","12.9","95","3.1","50","7.6","1018.1","0","12.2","17","","0.0","0.0","","","0.3","0","55","pm25","97","27","16","49","6","3","1","Moderate","61.0161","5.6364","92.15","0","","","","55.0","74.0","74.0","74.0","61.33","8.96","67.67","72.42","74.0","0.0","-3.1667","-0.7917","55","1","97","97","1","1","0"
"2026-02-19T03:00:00+00:00","Lahore","3","3","2","50","0.707107","0.707107","0.866025","0.5","0.758306","0.651899","0","0","1","0","14.8","88","4.2","59","9.4","1018.8","0","12.8","1","","0.0","0.0","","","0.2","0","55","pm25","97","27","16","49","6","3","1","Moderate","43.419","7.6364","85.36","0","","","","55.0","55.0","74.0","74.0","55.0","0.0","64.5","71.62","74.0","0.0","-3.1667","-0.7917","55","1","97","97","1","1","0"
"2026-02-19T04:00:00+00:00","Lahore","4","3","2","50","0.866025","0.5","0.866025","0.5","0.758306","0.651899","0","0","1","0","18.3","73","2.7","82","11.2","1019.3","0","13.4","0","","0.0","0.0","","","0.7","0","55","pm25","97","27","16","49","6","3","1","Moderate","62.1519","4.9091","70.81","0","","","","55.0","55.0","74.0","74.0","55.0","0.0","61.33","70.83","74.0","0.0","-3.1667","-0.7917","55","1","97","97","1","1","0"
"2026-02-19T05:00:00+00:00","Lahore","5","3","2","50","0.965926","0.258819","0.866025","0.5","0.758306","0.651899","0","0","1","0","21.4","58","1.8","90","12.2","1019.5","0","12.8","0","","0.0","0.0","","","0.6","0","55","pm25","97","27","16","49","6","3","1","Moderate","85.1444","3.2727","56.26","0","","","","55.0","55.0","74.0","74.0","55.0","0.0","58.17","70.04","74.0","0.0","-3.1667","-0.7917","55","1","97","97","1","1","0"
"2026-02-19T06:00:00+00:00","Lahore","6","3","2","50","1.0","0.0","0.866025","0.5","0.758306","0.651899","0","0","0","0","23.0","49","2.7","20","13.3","1019.2","0","11.9","0","","0.0","0.0","","","0.4","0","55","pm25","97","27","16","49","6","3","1","Moderate","53.5296","4.9091","47.53","0","","","","55.0","55.0","55.0","74.0","55.0","0.0","55.0","69.25","74.0","0.0","0.0","-0.7917","55","1","97","97","1","1","0"
"2026-02-19T07:00:00+00:00","Lahore","7","3","2","50","0.965926","-0.258819","0.866025","0.5","0.758306","0.651899","0","1","0","0","25.1","39","3.4","16","17.3","1018.4","0","10.2","0","","0.0","0.0","","","0.3","0","55","pm25","97","27","16","49","6","3","1","Moderate","39.6559","6.1818","37.83","0","","","","55.0","55.0","55.0","74.0","55.0","0.0","55.0","68.46","74.0","0.0","0.0","-0.7917","55","1","97","97","1","1","0"
"2026-02-19T08:00:00+00:00","Lahore","8","3","2","50","0.866025","-0.5","0.866025","0.5","0.758306","0.651899","0","1","0","0","26.2","34","3.0","52","17.3","1017.4","0","9.0","0","","0.0","0.0","","","0.2","0","55","pm25","97","27","16","49","6","3","1","Moderate","43.3267","5.4545","32.98","0","","","","55.0","55.0","55.0","74.0","55.0","0.0","55.0","67.67","74.0","0.0","0.0","-0.7917","55","1","97","97","1","1","0"
"2026-02-19T09:00:00+00:00","Lahore","9","3","2","50","0.707107","-0.707107","0.866025","0.5","0.758306","0.651899","0","1","0","0","26.9","31","3.6","70","16.9","1016.7","0","8.2","0","","0.0","0.0","","","-0.5","0","55","pm25","97","27","16","49","6","3","1","Moderate","35.2972","6.5455","30.07","0","","","","55.0","55.0","55.0","74.0","55.0","0.0","55.0","66.88","74.0","0.0","0.0","-0.7917","55","1","97","97","1","1","0"
"2026-02-19T10:00:00+00:00","Lahore","10","3","2","50","0.5","-0.866025","0.866025","0.5","0.758306","0.651899","0","0","0","0","27.0","29","3.9","77","16.9","1016.2","0","7.7","1","","0.0","0.0","","","-1.2","0","55","pm25","97","27","16","49","6","3","1","Moderate","32.0846","7.0909","28.13","0","","","","55.0","55.0","55.0","74.0","55.0","0.0","55.0","66.08","74.0","0.0","0.0","-0.7917","55","1","97","97","1","1","0"
"2026-02-19T11:00:00+00:00","Lahore","11","3","2","50","0.258819","-0.965926","0.866025","0.5","0.758306","0.651899","0","0","0","0","26.7","30","4.5","74","16.2","1015.6","0","7.5","1","","0.0","0.0","","","-1.3","0","55","pm25","97","27","16","49","6","3","1","Moderate","28.0222","8.1818","29.1","0","","","","55.0","55.0","55.0","74.0","55.0","0.0","55.0","65.29","74.0","0.0","0.0","-0.7917","55","1","97","97","1","1","0"
"2026-02-19T12:00:00+00:00","Lahore","12","3","2","50","0.0","-1.0","0.866025","0.5","0.758306","0.651899","0","0","0","0","26.2","31","5.5","46","15.1","1015.9","0","7.9","4","","0.0","0.0","","","-1.3","0","55","pm25","97","27","16","49","6","3","1","Moderate","23.1036","10.0","30.07","0","","","","55.0","55.0","55.0","74.0","55.0","0.0","55.0","64.5","74.0","0.0","0.0","-0.7917","55","1","97","97","1","1","0"
"2026-02-19T13:00:00+00:00","Lahore","13","3","2","50","-0.258819","-0.965926","0.866025","0.5","0.758306","0.651899","0","0","0","0","24.0","39","3.4","74","13.3","1016.4","0","9.3","1","","0.0","0.0","","","-0.7","0","55","pm25","97","27","16","49","6","3","1","Moderate","39.6559","6.1818","37.83","0","","","","55.0","55.0","55.0","74.0","55.0","0.0","55.0","63.71","74.0","0.0","0.0","-0.7917","55","1","97","97","1","1","0"
"2026-02-19T14:00:00+00:00","Lahore","14","3","2","50","-0.5","-0.866025","0.866025","0.5","0.758306","0.651899","0","0","0","0","22.5","47","1.4","113","6.5","1017.1","0","10.7","0","","0.0","0.0","","","0.1","0","55","pm25","97","27","16","49","6","3","1","Moderate","101.85","2.5455","45.59","0","","","","55.0","55.0","55.0","74.0","55.0","0.0","55.0","62.92","74.0","0.0","0.0","-0.7917","55","1","97","97","1","1","0"
"2026-02-19T15:00:00+00:00","Lahore","15","3","2","50","-0.707107","-0.707107","0.866025","0.5","0.758306","0.651899","0","0","0","0","21.4","52","0.5","315","2.5","1017.9","0","11.2","0","","0.0","0.0","","","0.3","0","55","pm25","97","27","16","49","6","3","1","Moderate","294.88","0.9091","50.44","0","","","","55.0","55.0","55.0","74.0","55.0","0.0","55.0","62.12","74.0","0.0","0.0","-0.7917","55","1","97","97","1","1","0"
"2026-02-19T16:00:00+00:00","Lahore","16","3","2","50","-0.866025","-0.5","0.866025","0.5","0.758306","0.651899","0","0","0","0","20.6","59","0.2","90","2.9","1018.5","0","12.2","0","","0.0","0.0","","","0.7","0","55","pm25","97","27","16","49","6","3","1","Moderate","771.15","0.3636","57.23","0","","","","55.0","55.0","55.0","74.0","55.0","0.0","55.0","61.33","74.0","0.0","0.0","-0.7917","55","1","97","97","1","1","0"
"2026-02-19T17:00:00+00:00","Lahore","17","3","2","50","-0.965926","-0.258819","0.866025","0.5","0.758306","0.651899","0","1","0","0","19.0","61","3.5","99","5.8","1018.8","0","11.3","0","","0.0","0.0","","","-0.1","0","55","pm25","97","27","16","49","6","3","1","Moderate","44.62","6.3636","59.17","0","","","","55.0","55.0","55.0","74.0","55.0","0.0","55.0","60.54","74.0","0.0","0.0","-0.7917","55","1","97","97","1","1","0"
"2026-02-19T18:00:00+00:00","Lahore","18","3","2","50","-1.0","-0.0","0.866025","0.5","0.758306","0.651899","0","1","0","0","18.7","70","2.8","72","5.8","1019.1","0","13.1","0","","0.0","0.0","","","0.6","0","55","pm25","97","27","16","49","6","3","1","Moderate","58.8929","5.0909","67.9","0","","","","55.0","55.0","55.0","74.0","55.0","0.0","55.0","59.75","74.0","0.0","0.0","-0.7917","55","1","97","97","1","1","0"
"2026-02-19T19:00:00+00:00","Lahore","19","3","2","50","-0.965926","0.258819","0.866025","0.5","0.758306","0.651899","0","1","0","0","18.0","73","2.0","63","4.7","1019.2","0","13.1","0","","0.0","0.0","","","0.8","0","55","pm25","97","27","16","49","6","3","1","Moderate","83.905","3.6364","70.81","0","","","","55.0","55.0","55.0","74.0","55.0","0.0","55.0","58.96","74.0","0.0","0.0","-0.7917","55","1","97","97","1","1","0"
"2026-02-19T20:00:00+00:00","Lahore","20","3","2","50","-0.866025","0.5","0.866025","0.5","0.758306","0.651899","0","0","0","0","17.1","78","1.8","66","3.2","1019.2","0","13.2","0","","0.0","0.0","","","0.8","0","55","pm25","97","27","16","49","6","3","1","Moderate","95.9222","3.2727","75.66","0","","","","55.0","55.0","55.0","74.0","55.0","0.0","55.0","58.17","74.0","0.0","0.0","-0.7917","55","1","97","97","1","1","0"
"2026-02-19T21:00:00+00:00","Lahore","21","3","2","50","-0.707107","0.707107","0.866025","0.5","0.758306","0.651899","0","0","0","0","16.0","83","2.6","65","4.3","1019.1","0","13.1","0","","0.0","0.0","","","0.7","0","55","pm25","97","27","16","49","6","3","1","Moderate","68.2731","4.7273","80.51","0","","","","55.0","55.0","55.0","74.0","55.0","0.0","55.0","57.38","74.0","0.0","0.0","-0.7917","55","1","97","97","1","1","0"
"2026-02-19T22:00:00+00:00","Lahore","22","3","2","50","-0.5","0.866025","0.866025","0.5","0.758306","0.651899","0","0","1","0","15.3","86","2.9","101","5.0","1018.8","0","13.0","0","","0.0","0.0","","","0.5","0","55","pm25","97","27","16","49","6","3","1","Moderate","62.2138","5.2727","83.42","0","","","","55.0","55.0","55.0","74.0","55.0","0.0","55.0","56.58","74.0","0.0","0.0","-0.7917","55","1","97","97","1","1","0"
"2026-02-19T23:00:00+00:00","Lahore","23","3","2","50","-0.258819","0.965926","0.866025","0.5","0.758306","0.651899","0","0","1","0","15.1","87","1.4","130","4.3","1018.7","0","12.9","0","","0.0","0.0","","","0.7","0","55","pm25","97","27","16","49","6","3","1","Moderate","129.5643","2.5455","84.39","0","","","","55.0","55.0","55.0","74.0","55.0","0.0","55.0","55.79","74.0","0.0","0.0","-0.7917","55","1","97","97","1","1","0"
"2026-02-20T00:00:00+00:00","Lahore","0","4","2","51","0.0","1.0","0.866025","0.5","0.769415","0.638749","0","0","1","0","13.9","90","0.5","315","1.8","1019.1","0","12.4","0","","0.0","0.0","","","0.7","0","70","pm25","115","32","16","45","4","3","1","Moderate","437.0","0.7143","103.5","0","","","","55.0","55.0","55.0","55.0","55.0","0.0","55.0","55.0","55.0","0.0","0.0","0.0","70","1","115","115","1","1","0"
"2026-02-20T01:00:00+00:00","Lahore","1","4","2","51","0.258819","0.965926","0.866025","0.5","0.769415","0.638749","0","0","1","0","14.1","88","2.4","283","3.6","1019.4","0","12.2","0","","0.0","0.0","","","0.3","0","70","pm25","115","32","16","45","4","3","1","Moderate","90.0833","3.4286","101.2","0","","","","70.0","55.0","55.0","55.0","60.0","7.07","57.5","55.62","70.0","15.0","2.5","0.625","70","1","115","115","1","1","1"
"2026-02-20T02:00:00+00:00","Lahore","2","4","2","51","0.5","0.866025","0.866025","0.5","0.769415","0.638749","0","0","1","0","14.4","86","3.3","311","4.3","1020.1","0","12.1","0","","0.0","0.0","","","0.2","0","70","pm25","115","32","16","45","4","3","1","Moderate","64.8182","4.7143","98.9","0","","","","70.0","55.0","55.0","55.0","65.0","7.07","60.0","56.25","70.0","0.0","2.5","0.625","70","1","115","115","1","1","0"
"2026-02-20T03:00:00+00:00","Lahore","3","4","2","51","0.707107","0.707107","0.866025","0.5","0.769415","0.638749","0","0","1","0","16.5","75","5.1","337","10.4","1020.9","0","12.1","0","","0.0","0.0","","","0.0","0","70","pm25","115","32","16","45","4","3","1","Moderate","39.4608","7.2857","86.25","0","","","","70.0","70.0","55.0","55.0","70.0","0.0","62.5","56.88","70.0","0.0","2.5","0.625","70","1","115","115","1","1","0"
"2026-02-20T04:00:00+00:00","Lahore","4","4","2","51","0.866025","0.5","0.866025","0.5","0.769415","0.638749","0","0","1","0","19.7","63","2.6","12","11.2","1021.5","0","12.4","0","","0.0","0.0","","","0.4","0","70","pm25","115","32","16","45","4","3","1","Moderate","72.0962","3.7143","72.45","0","","","","70.0","70.0","55.0","55.0","70.0","0.0","65.0","57.5","70.0","0.0","2.5","0.625","70","1","115","115","1","1","0"
"2026-02-20T05:00:00+00:00","Lahore","5","4","2","51","0.965926","0.258819","0.866025","0.5","0.769415","0.638749","0","0","1","0","22.9","51","1.8","6","12.6","1021.7","0","12.1","0","","0.0","0.0","","","0.4","0","70","pm25","115","32","16","45","4","3","1","Moderate","96.4722","2.5714","58.65","0","","","","70.0","70.0","55.0","55.0","70.0","0.0","67.5","58.12","70.0","0.0","2.5","0.625","70","1","115","115","1","1","0"
"2026-02-20T06:00:00+00:00","Lahore","6","4","2","51","1.0","0.0","0.866025","0.5","0.769415","0.638749","0","0","0","0","24.4","45","3.6","18","14.4","1021.8","0","11.9","0","","0.0","0.0","","","0.3","0","70","pm25","115","32","16","45","4","3","1","Moderate","46.3194","5.1429","51.75","0","","","","70.0","70.0","70.0","55.0","70.0","0.0","70.0","58.75","70.0","0.0","0.0","0.625","70","1","115","115","1","1","0"
"2026-02-20T07:00:00+00:00","Lahore","7","4","2","51","0.965926","-0.258819","0.866025","0.5","0.769415","0.638749","0","1","0","0","26.1","39","4.2","10","18.4","1021.0","0","11.0","0","","0.0","0.0","","","0.5","0","70","pm25","115","32","16","45","4","3","1","Moderate","38.0595","6.0","44.85","0","","","","70.0","70.0","70.0","55.0","70.0","0.0","70.0","59.38","70.0","0.0","0.0","0.625","70","1","115","115","1","1","0"
"2026-02-20T08:00:00+00:00","Lahore","8","4","2","51","0.866025","-0.5","0.866025","0.5","0.769415","0.638749","0","1","0","0","27.0","35","5.1","354","20.2","1019.9","0","10.1","0","","0.0","0.0","","","0.3","0","70","pm25","115","32","16","45","4","3","1","Moderate","30.4412","7.2857","40.25","0","","","","70.0","70.0","70.0","55.0","70.0","0.0","70.0","60.0","70.0","0.0","0.0","0.625","70","1","115","115","1","1","0"
"2026-02-20T09:00:00+00:00","Lahore","9","4","2","51","0.707107","-0.707107","0.866025","0.5","0.769415","0.638749","0","1","0","0","27.5","32","5.6","339","20.9","1018.7","0","9.5","0","","0.0","0.0","26.83","","-0.3","0","70","pm25","115","32","16","45","4","3","1","Moderate","27.1071","8.0","36.8","0","","","","70.0","70.0","70.0","55.0","70.0","0.0","70.0","60.62","70.0","0.0","0.0","0.625","70","1","115","115","1","1","0"
"2026-02-20T10:00:00+00:00","Lahore","10","4","2","51","0.5","-0.866025","0.866025","0.5","0.769415","0.638749","0","0","0","0","27.8","31","6.7","333","21.2","1017.8","0","8.9","0","","0.0","0.0","27.0","","-1.3","0","70","pm25","115","32","16","45","4","3","1","Moderate","22.4851","9.5714","35.65","0","","","","70.0","70.0","70.0","55.0","70.0","0.0","70.0","61.25","70.0","0.0","0.0","0.625","70","1","115","115","1","1","0"
"2026-02-20T11:00:00+00:00","Lahore","11","4","2","51","0.258819","-0.965926","0.866025","0.5","0.769415","0.638749","0","0","0","0","27.5","30","8.2","324","22.7","1017.2","0","8.4","0","","0.0","0.0","26.74","","-1.6","0","70","pm25","115","32","16","45","4","3","1","Moderate","18.2317","11.7143","34.5","0","","","","70.0","70.0","70.0","55.0","70.0","0.0","70.0","61.88","70.0","0.0","0.0","0.625","70","1","115","115","1","1","0"
"2026-02-20T12:00:00+00:00","Lahore","12","4","2","51","0.0","-1.0","0.866025","0.5","0.769415","0.638749","0","0","0","0","26.5","33","9.0","323","22.3","1016.8","0","9.1","0","","0.0","0.0","","","-1.5","0","70","pm25","115","32","16","45","4","3","1","Moderate","16.9944","12.8571","37.95","0","","","","70.0","70.0","70.0","55.0","70.0","0.0","70.0","62.5","70.0","0.0","0.0","0.625","70","1","115","115","1","1","0"
"2026-02-20T13:00:00+00:00","Lahore","13","4","2","51","-0.258819","-0.965926","0.866025","0.5","0.769415","0.638749","0","0","0","0","25.0","37","7.3","322","19.4","1016.8","0","9.5","0","","0.0","0.0","","","-1.1","0","70","pm25","115","32","16","45","4","3","1","Moderate","21.5822","10.4286","42.55","0","","","","70.0","70.0","70.0","55.0","70.0","0.0","70.0","63.12","70.0","0.0","0.0","0.625","70","1","115","115","1","1","0"
"2026-02-20T14:00:00+00:00","Lahore","14","4","2","51","-0.5","-0.866025","0.866025","0.5","0.769415","0.638749","0","0","0","0","23.9","42","7.6","315","15.5","1017.1","0","10.1","0","","0.0","0.0","","","-1.1","0","70","pm25","115","32","16","45","4","3","1","Moderate","21.4868","10.8571","48.3","0","","","","70.0","70.0","70.0","55.0","70.0","0.0","70.0","63.75","70.0","0.0","0.0","0.625","70","1","115","115","1","1","0"
"2026-02-20T15:00:00+00:00","Lahore","15","4","2","51","-0.707107","-0.707107","0.866025","0.5","0.769415","0.638749","0","0","0","0","22.9","45","6.8","302","15.1","1017.1","0","10.2","0","","0.0","0.0","","","-1.0","0","70","pm25","115","32","16","45","4","3","1","Moderate","24.5221","9.7143","51.75","0","","","","70.0","70.0","70.0","55.0","70.0","0.0","70.0","64.38","70.0","0.0","0.0","0.625","70","1","115","115","1","1","0"
"2026-02-20T16:00:00+00:00","Lahore","16","4","2","51","-0.866025","-0.5","0.866025","0.5","0.769415","0.638749","0","0","0","0","21.8","47","5.4","276","13.3","1017.0","0","10.1","0","","0.0","0.0","","","-0.8","0","70","pm25","115","32","16","45","4","3","1","Moderate","31.3056","7.7143","54.05","0","","","","70.0","70.0","70.0","55.0","70.0","0.0","70.0","65.0","70.0","0.0","0.0","0.625","70","1","115","115","1","1","0"
"2026-02-20T17:00:00+00:00","Lahore","17","4","2","51","-0.965926","-0.258819","0.866025","0.5","0.769415","0.638749","0","1","0","0","20.9","50","5.6","276","10.8","1016.6","0","10.1","0","","0.0","0.0","","","-0.8","0","70","pm25","115","32","16","45","4","3","1","Moderate","30.8036","8.0","57.5","0","","","","70.0","70.0","70.0","55.0","70.0","0.0","70.0","65.62","70.0","0.0","0.0","0.625","70","1","115","115","1","1","0"
"2026-02-20T18:00:00+00:00","Lahore","18","4","2","51","-1.0","-0.0","0.866025","0.5","0.769415","0.638749","0","1","0","0","19.9","65","6.1","282","10.8","1016.5","0","13.1","0","","0.0","0.0","","","0.0","0","70","pm25","115","32","16","45","4","3","1","Moderate","31.1066","8.7143","74.75","0","","","","70.0","70.0","70.0","55.0","70.0","0.0","70.0","66.25","70.0","0.0","0.0","0.625","70","1","115","115","1","1","0"
"2026-02-20T19:00:00+00:00","Lahore","19","4","2","51","-0.965926","0.258819","0.866025","0.5","0.769415","0.638749","0","1","0","0","19.8","65","7.1","277","13.3","1016.2","0","13.1","0","","0.0","0.0","","","0.0","0","70","pm25","115","32","16","45","4","3","1","Moderate","26.7254","10.1429","74.75","0","","","","70.0","70.0","70.0","55.0","70.0","0.0","70.0","66.88","70.0","0.0","0.0","0.625","70","1","115","115","1","1","0"
"2026-02-20T20:00:00+00:00","Lahore","20","4","2","51","-0.866025","0.5","0.866025","0.5","0.769415","0.638749","0","0","0","0","18.9","68","8.1","294","16.2","1015.9","0","12.8","0","","0.0","0.0","","","-0.3","0","70","pm25","115","32","16","45","4","3","1","Moderate","23.8519","11.5714","78.2","0","","","","70.0","70.0","70.0","55.0","70.0","0.0","70.0","67.5","70.0","0.0","0.0","0.625","70","1","115","115","1","1","0"
"2026-02-20T21:00:00+00:00","Lahore","21","4","2","51","-0.707107","0.707107","0.866025","0.5","0.769415","0.638749","0","0","0","0","18.2","67","7.8","293","15.8","1015.3","0","12.1","0","","0.0","0.0","","","-0.5","0","70","pm25","115","32","16","45","4","3","1","Moderate","24.6218","11.1429","77.05","0","","","","70.0","70.0","70.0","55.0","70.0","0.0","70.0","68.12","70.0","0.0","0.0","0.625","70","1","115","115","1","1","0"
"2026-02-20T22:00:00+00:00","Lahore","22","4","2","51","-0.5","0.866025","0.866025","0.5","0.769415","0.638749","0","0","1","0","17.8","66","8.0","288","15.5","1014.8","0","11.2","0","","0.0","0.0","","","-0.8","0","70","pm25","115","32","16","45","4","3","1","Moderate","23.8625","11.4286","75.9","0","","","","70.0","70.0","70.0","55.0","70.0","0.0","70.0","68.75","70.0","0.0","0.0","0.625","70","1","115","115","1","1","0"
"2026-02-20T23:00:00+00:00","Lahore","23","4","2","51","-0.258819","0.965926","0.866025","0.5","0.769415","0.638749","0","0","1","0","17.1","66","7.5","291","15.1","1014.5","0","10.8","0","","0.0","0.0","","","-0.8","0","70","pm25","115","32","16","45","4","3","1","Moderate","25.4533","10.7143","75.9","0","","","","70.0","70.0","70.0","55.0","70.0","0.0","70.0","69.38","70.0","0.0","0.0","0.625","70","1","115","115","1","1","0"
"2026-02-21T00:00:00+00:00","Lahore","0","5","2","52","0.0","1.0","0.866025","0.5","0.780296","0.625411","1","0","1","0","16.3","68","7.1","297","14.4","1014.2","0","10.4","0","","0.0","0.0","","","-0.9","0","56","pm25","114","31","14","51","6","5","1","Moderate","26.9746","12.6786","77.52","0","","","","70.0","70.0","70.0","70.0","70.0","0.0","70.0","70.0","70.0","0.0","0.0","0.0","56","1","114","114","1","1","0"
"2026-02-21T01:00:00+00:00","Lahore","1","5","2","52","0.258819","0.965926","0.866025","0.5","0.780296","0.625411","1","0","1","0","15.6","71","6.3","294","13.3","1014.2","0","10.4","0","","0.0","0.0","","","-0.8","0","56","pm25","114","31","14","51","6","5","1","Moderate","30.9429","11.25","80.94","0","","","","56.0","70.0","70.0","70.0","65.33","6.6","67.67","69.42","70.0","-14.0","-2.3333","-0.5833","56","1","114","114","1","1","-1"
"2026-02-21T02:00:00+00:00","Lahore","2","5","2","52","0.5","0.866025","0.866025","0.5","0.780296","0.625411","1","0","1","0","15.1","74","5.2","295","11.9","1014.6","0","10.4","0","","0.0","0.0","","","-0.7","0","56","pm25","114","31","14","51","6","5","1","Moderate","38.1462","9.2857","84.36","0","","","","56.0","70.0","70.0","70.0","60.67","6.6","65.33","68.83","70.0","0.0","-2.3333","-0.5833","56","1","114","114","1","1","0"
"2026-02-21T03:00:00+00:00","Lahore","3","5","2","52","0.707107","0.707107","0.866025","0.5","0.780296","0.625411","1","0","1","0","16.7","67","5.5","302","11.5","1015.0","0","10.4","1","","0.0","0.0","","","-0.7","0","56","pm25","114","31","14","51","6","5","1","Moderate","34.6145","9.8214","76.38","0","","","","56.0","56.0","70.0","70.0","56.0","0.0","63.0","68.25","70.0","0.0","-2.3333","-0.5833","56","1","114","114","1","1","0"
"2026-02-21T04:00:00+00:00","Lahore","4","5","2","52","0.866025","0.5","0.866025","0.5","0.780296","0.625411","1","0","1","0","19.2","57","1.4","337","11.2","1015.4","0","10.6","4","","0.0","0.0","","","0.0","0","56","pm25","114","31","14","51","6","5","1","Moderate","127.8429","2.5","64.98","0","","","","56.0","56.0","70.0","70.0","56.0","0.0","60.67","67.67","70.0","0.0","-2.3333","-0.5833","56","1","114","114","1","1","0"
"2026-02-21T05:00:00+00:00","Lahore","5","5","2","52","0.965926","0.258819","0.866025","0.5","0.780296","0.625411","1","0","1","0","22.0","48","0.9","349","11.9","1015.6","0","10.5","0","","0.0","0.0","","","0.0","0","56","pm25","114","31","14","51","6","5","1","Moderate","187.4667","1.6071","54.72","0","","","","56.0","56.0","70.0","70.0","56.0","0.0","58.33","67.08","70.0","0.0","-2.3333","-0.5833","56","1","114","114","1","1","0"
"2026-02-21T06:00:00+00:00","Lahore","6","5","2","52","1.0","0.0","0.866025","0.5","0.780296","0.625411","1","0","0","0","24.0","43","2.3","299","13.7","1015.5","0","10.8","0","","0.0","0.0","","","0.2","0","56","pm25","114","31","14","51","6","5","1","Moderate","70.8783","4.1071","49.02","0","","","","56.0","56.0","56.0","70.0","56.0","0.0","56.0","66.5","70.0","0.0","0.0","-0.5833","56","1","114","114","1","1","0"
"2026-02-21T07:00:00+00:00","Lahore","7","5","2","52","0.965926","-0.258819","0.866025","0.5","0.780296","0.625411","1","1","0","0","26.2","35","4.0","280","18.4","1014.6","0","9.4","5","","0.0","0.0","","","0.1","0","56","pm25","114","31","14","51","6","5","1","Moderate","38.475","7.1429","39.9","0","","","","56.0","56.0","56.0","70.0","56.0","0.0","56.0","65.92","70.0","0.0","0.0","-0.5833","56","1","114","114","1","1","0"
"2026-02-21T08:00:00+00:00","Lahore","8","5","2","52","0.866025","-0.5","0.866025","0.5","0.780296","0.625411","1","1","0","0","27.4","30","5.3","282","20.9","1013.6","0","8.1","0","","0.0","0.0","26.68","","-0.4","0","56","pm25","114","31","14","51","6","5","1","Moderate","27.9623","9.4643","34.2","0","","","","56.0","56.0","56.0","70.0","56.0","0.0","56.0","65.33","70.0","0.0","0.0","-0.5833","56","1","114","114","1","1","0"
"2026-02-21T09:00:00+00:00","Lahore","9","5","2","52","0.707107","-0.707107","0.866025","0.5","0.780296","0.625411","1","1","0","0","27.9","27","5.9","281","21.2","1012.1","0","7.0","0","","0.0","0.0","26.9","","-1.0","0","56","pm25","114","31","14","51","6","5","1","Moderate","24.539","10.5357","30.78","0","","","","56.0","56.0","56.0","70.0","56.0","0.0","56.0","64.75","70.0","0.0","0.0","-0.5833","56","1","114","114","1","1","0"
"2026-02-21T10:00:00+00:00","Lahore","10","5","2","52","0.5","-0.866025","0.866025","0.5","0.780296","0.625411","1","0","0","0","28.0","25","6.5","283","21.2","1011.1","0","6.2","0","","0.0","0.0","26.89","","-1.9","0","56","pm25","114","31","14","51","6","5","1","Moderate","21.9231","11.6071","28.5","0","","","","56.0","56.0","56.0","70.0","56.0","0.0","56.0","64.17","70.0","0.0","0.0","-0.5833","56","1","114","114","1","1","0"
"2026-02-21T11:00:00+00:00","Lahore","11","5","2","52","0.258819","-0.965926","0.866025","0.5","0.780296","0.625411","1","0","0","0","27.5","25","7.6","282","21.6","1010.4","0","5.8","0","","0.0","0.0","26.56","","-2.2","0","56","pm25","114","31","14","51","6","5","1","Moderate","18.75","13.5714","28.5","0","","","","56.0","56.0","56.0","70.0","56.0","0.0","56.0","63.58","70.0","0.0","0.0","-0.5833","56","1","114","114","1","1","0"
"2026-02-21T12:00:00+00:00","Lahore","12","5","2","52","0.0","-1.0","0.866025","0.5","0.780296","0.625411","1","0","0","0","27.0","25","8.3","286","21.6","1010.1","0","5.1","0","","0.0","0.0","","","-2.4","0","56","pm25","114","31","14","51","6","5","1","Moderate","17.1687","14.8214","28.5","0","","","","56.0","56.0","56.0","70.0","56.0","0.0","56.0","63.0","70.0","0.0","0.0","-0.5833","56","1","114","114","1","1","0"
"2026-02-21T13:00:00+00:00","Lahore","13","5","2","52","-0.258819","-0.965926","0.866025","0.5","0.780296","0.625411","1","0","0","0","25.1","30","5.0","289","19.1","1010.5","0","6.3","0","","0.0","0.0","","","-1.6","0","56","pm25","114","31","14","51","6","5","1","Moderate","29.64","8.9286","34.2","0","","","","56.0","56.0","56.0","70.0","56.0","0.0","56.0","62.42","70.0","0.0","0.0","-0.5833","56","1","114","114","1","1","0"
"2026-02-21T14:00:00+00:00","Lahore","14","5","2","52","-0.5","-0.866025","0.866025","0.5","0.780296","0.625411","1","0","0","0","23.5","37","4.1","272","10.4","1010.9","0","7.9","0","","0.0","0.0","","","-1.1","0","56","pm25","114","31","14","51","6","5","1","Moderate","38.0927","7.3214","42.18","0","","","","56.0","56.0","56.0","70.0","56.0","0.0","56.0","61.83","70.0","0.0","0.0","-0.5833","56","1","114","114","1","1","0"
"2026-02-21T15:00:00+00:00","Lahore","15","5","2","52","-0.707107","-0.707107","0.866025","0.5","0.780296","0.625411","1","0","0","0","22.7","42","1.2","243","7.6","1010.8","0","9.1","0","","0.0","0.0","","","-0.4","0","56","pm25","114","31","14","51","6","5","1","Moderate","134.9","2.1429","47.88","0","","","","56.0","56.0","56.0","70.0","56.0","0.0","56.0","61.25","70.0","0.0","0.0","-0.5833","56","1","114","114","1","1","0"
"2026-02-21T16:00:00+00:00","Lahore","16","5","2","52","-0.866025","-0.5","0.866025","0.5","0.780296","0.625411","1","0","0","0","21.0","45","1.3","124","2.5","1010.9","0","8.8","0","","0.0","0.0","","","-0.5","0","56","pm25","114","31","14","51","6","5","1","Moderate","127.1538","2.3214","51.3","0","","","","56.0","56.0","56.0","70.0","56.0","0.0","56.0","60.67","70.0","0.0","0.0","-0.5833","56","1","114","114","1","1","0"
"2026-02-21T17:00:00+00:00","Lahore","17","5","2","52","-0.965926","-0.258819","0.866025","0.5","0.780296","0.625411","1","1","0","0","19.2","56","1.7","108","4.3","1010.8","0","10.2","0","","0.0","0.0","","","-0.1","0","56","pm25","114","31","14","51","6","5","1","Moderate","104.6118","3.0357","63.84","0","","","","56.0","56.0","56.0","70.0","56.0","0.0","56.0","60.08","70.0","0.0","0.0","-0.5833","56","1","114","114","1","1","0"
"2026-02-21T18:00:00+00:00","Lahore","18","5","2","52","-1.0","-0.0","0.866025","0.5","0.780296","0.625411","1","1","0","0","19.1","60","0.5","90","3.6","1010.7","0","11.2","0","","0.0","0.0","","","0.3","0","56","pm25","114","31","14","51","6","5","1","Moderate","364.8","0.8929","68.4","0","","","","56.0","56.0","56.0","70.0","56.0","0.0","56.0","59.5","70.0","0.0","0.0","-0.5833","56","1","114","114","1","1","0"
"2026-02-21T19:00:00+00:00","Lahore","19","5","2","52","-0.965926","0.258819","0.866025","0.5","0.780296","0.625411","1","1","0","0","18.8","61","0.4","63","1.1","1010.6","0","11.0","0","","0.0","0.0","","","0.3","0","56","pm25","114","31","14","51","6","5","1","Moderate","458.85","0.7143","69.54","0","","","","56.0","56.0","56.0","70.0","56.0","0.0","56.0","58.92","70.0","0.0","0.0","-0.5833","56","1","114","114","1","1","0"
"2026-02-21T20:00:00+00:00","Lahore","20","5","2","52","-0.866025","0.5","0.866025","0.5","0.780296","0.625411","1","0","0","0","18.2","64","0.7","194","1.4","1010.3","0","11.3","0","","0.0","0.0","","","0.3","0","56","pm25","114","31","14","51","6","5","1","Moderate","267.0857","1.25","72.96","0","","","","56.0","56.0","56.0","70.0","56.0","0.0","56.0","58.33","70.0","0.0","0.0","-0.5833","56","1","114","114","1","1","0"
"2026-02-21T21:00:00+00:00","Lahore","21","5","2","52","-0.707107","0.707107","0.866025","0.5","0.780296","0.625411","1","0","0","0","17.5","65","1.0","239","2.2","1010.1","0","10.9","0","","0.0","0.0","","","0.2","0","56","pm25","114","31","14","51","6","5","1","Moderate","188.1","1.7857","74.1","0","","","","56.0","56.0","56.0","70.0","56.0","0.0","56.0","57.75","70.0","0.0","0.0","-0.5833","56","1","114","114","1","1","0"
"2026-02-21T22:00:00+00:00","Lahore","22","5","2","52","-0.5","0.866025","0.866025","0.5","0.780296","0.625411","1","0","1","0","17.1","68","0.7","270","2.2","1009.5","0","11.2","0","","0.0","0.0","","","0.3","0","56","pm25","114","31","14","51","6","5","1","Moderate","273.6","1.25","77.52","0","","","","56.0","56.0","56.0","70.0","56.0","0.0","56.0","57.17","70.0","0.0","0.0","-0.5833","56","1","114","114","1","1","0"
"2026-02-21T23:00:00+00:00","Lahore","23","5","2","52","-0.258819","0.965926","0.866025","0.5","0.780296","0.625411","1","0","1","0","16.7","71","0.5","315","1.4","1009.1","0","11.4","0","","0.0","0.0","","","0.4","0","56","pm25","114","31","14","51","6","5","1","Moderate","389.88","0.8929","80.94","0","","","","56.0","56.0","56.0","70.0","56.0","0.0","56.0","56.58","70.0","0.0","0.0","-0.5833","56","1","114","114","1","1","0"
"2026-02-22T00:00:00+00:00","Lahore","0","6","2","53","0.0","1.0","0.866025","0.5","0.790946","0.611886","1","0","1","0","15.4","81","0.5","360","1.4","1009.1","0","12.1","0","","0.0","0.0","","","0.5","0","67","pm25","104","34","5","41","2","2","1","Moderate","376.48","0.7463","84.24","0","","","","56.0","56.0","56.0","56.0","56.0","0.0","56.0","56.0","56.0","0.0","0.0","0.0","67","1","104","104","1","1","0"
"2026-02-22T01:00:00+00:00","Lahore","1","6","2","53","0.258819","0.965926","0.866025","0.5","0.790946","0.611886","1","0","1","0","14.6","85","0.6","304","1.4","1009.2","0","12.1","0","","0.0","0.0","","","0.6","0","67","pm25","104","34","5","41","2","2","1","Moderate","320.6667","0.8955","88.4","0","","","","67.0","56.0","56.0","56.0","59.67","5.19","57.83","56.46","67.0","11.0","1.8333","0.4583","67","1","104","104","1","1","1"
"2026-02-22T02:00:00+00:00","Lahore","2","6","2","53","0.5","0.866025","0.866025","0.5","0.790946","0.611886","1","0","1","0","14.1","87","1.1","180","1.8","1009.8","0","12.0","0","","0.0","0.0","","","0.4","0","67","pm25","104","34","5","41","2","2","1","Moderate","176.8","1.6418","90.48","0","","","","67.0","56.0","56.0","56.0","63.33","5.19","59.67","56.92","67.0","0.0","1.8333","0.4583","67","1","104","104","1","1","0"
"2026-02-22T03:00:00+00:00","Lahore","3","6","2","53","0.707107","0.707107","0.866025","0.5","0.790946","0.611886","1","0","1","0","15.9","78","3.3","174","8.6","1010.4","0","12.1","0","","0.0","0.0","","","0.1","0","67","pm25","104","34","5","41","2","2","1","Moderate","56.097","4.9254","81.12","0","","","","67.0","67.0","56.0","56.0","67.0","0.0","61.5","57.38","67.0","0.0","1.8333","0.4583","67","1","104","104","1","1","0"
"2026-02-22T04:00:00+00:00","Lahore","4","6","2","53","0.866025","0.5","0.866025","0.5","0.790946","0.611886","1","0","1","0","20.0","60","2.6","168","11.2","1010.8","0","12.0","0","","0.0","0.0","","","0.2","0","67","pm25","104","34","5","41","2","2","1","Moderate","64.0","3.8806","62.4","0","","","","67.0","67.0","56.0","56.0","67.0","0.0","63.33","57.83","67.0","0.0","1.8333","0.4583","67","1","104","104","1","1","0"
"2026-02-22T05:00:00+00:00","Lahore","5","6","2","53","0.965926","0.258819","0.866025","0.5","0.790946","0.611886","1","0","1","0","23.4","47","2.3","180","13.3","1011.0","0","11.6","0","","0.0","0.0","","","0.1","0","67","pm25","104","34","5","41","2","2","1","Moderate","66.4696","3.4328","48.88","0","","","","67.0","67.0","56.0","56.0","67.0","0.0","65.17","58.29","67.0","0.0","1.8333","0.4583","67","1","104","104","1","1","0"
"2026-02-22T06:00:00+00:00","Lahore","6","6","2","53","1.0","0.0","0.866025","0.5","0.790946","0.611886","1","0","0","0","25.5","39","2.4","234","14.8","1010.9","0","10.6","0","","0.0","0.0","","","0.1","0","67","pm25","104","34","5","41","2","2","1","Moderate","60.2333","3.5821","40.56","0","","","","67.0","67.0","67.0","56.0","67.0","0.0","67.0","58.75","67.0","0.0","0.0","0.4583","67","1","104","104","1","1","0"
"2026-02-22T07:00:00+00:00","Lahore","7","6","2","53","0.965926","-0.258819","0.866025","0.5","0.790946","0.611886","1","1","0","0","27.4","32","3.3","276","16.9","1010.2","0","9.1","0","","0.0","0.0","26.76","","0.1","0","67","pm25","104","34","5","41","2","2","1","Moderate","41.6","4.9254","33.28","0","","","","67.0","67.0","67.0","56.0","67.0","0.0","67.0","59.21","67.0","0.0","0.0","0.4583","67","1","104","104","1","1","0"
"2026-02-22T08:00:00+00:00","Lahore","8","6","2","53","0.866025","-0.5","0.866025","0.5","0.790946","0.611886","1","1","0","0","28.2","28","4.6","291","19.4","1009.4","0","7.9","19","","0.0","0.0","27.15","","-0.2","0","67","pm25","104","34","5","41","2","2","1","Moderate","28.9391","6.8657","29.12","0","","","","67.0","67.0","67.0","56.0","67.0","0.0","67.0","59.67","67.0","0.0","0.0","0.4583","67","1","104","104","1","1","0"
"2026-02-22T09:00:00+00:00","Lahore","9","6","2","53","0.707107","-0.707107","0.866025","0.5","0.790946","0.611886","1","1","0","0","28.5","26","5.9","293","20.9","1008.4","0","7.1","9","","0.0","0.0","27.29","","-1.3","0","67","pm25","104","34","5","41","2","2","1","Moderate","22.2102","8.806","27.04","0","","","","67.0","67.0","67.0","56.0","67.0","0.0","67.0","60.12","67.0","0.0","0.0","0.4583","67","1","104","104","1","1","0"
"2026-02-22T10:00:00+00:00","Lahore","10","6","2","53","0.5","-0.866025","0.866025","0.5","0.790946","0.611886","1","0","0","0","28.6","25","7.5","307","23.0","1008.0","0","6.7","5","","0.0","0.0","27.32","","-1.9","0","67","pm25","104","34","5","41","2","2","1","Moderate","17.3333","11.194","26.0","0","","","","67.0","67.0","67.0","56.0","67.0","0.0","67.0","60.58","67.0","0.0","0.0","0.4583","67","1","104","104","1","1","0"
"2026-02-22T11:00:00+00:00","Lahore","11","6","2","53","0.258819","-0.965926","0.866025","0.5","0.790946","0.611886","1","0","0","0","28.1","26","8.8","317","24.1","1007.9","0","6.7","2","","0.0","0.0","27.0","","-2.1","0","67","pm25","104","34","5","41","2","2","1","Moderate","14.8909","13.1343","27.04","0","","","","67.0","67.0","67.0","56.0","67.0","0.0","67.0","61.04","67.0","0.0","0.0","0.4583","67","1","104","104","1","1","0"
"2026-02-22T12:00:00+00:00","Lahore","12","6","2","53","0.0","-1.0","0.866025","0.5","0.790946","0.611886","1","0","0","0","27.4","28","5.7","336","23.8","1007.7","0","7.2","0","","0.0","0.0","26.6","","-1.5","0","67","pm25","104","34","5","41","2","2","1","Moderate","23.3544","8.5075","29.12","0","","","","67.0","67.0","67.0","56.0","67.0","0.0","67.0","61.5","67.0","0.0","0.0","0.4583","67","1","104","104","1","1","0"
"2026-02-22T13:00:00+00:00","Lahore","13","6","2","53","-0.258819","-0.965926","0.866025","0.5","0.790946","0.611886","1","0","0","0","24.6","37","2.5","69","14.4","1008.4","0","8.9","0","","0.0","0.0","","","-0.7","0","67","pm25","104","34","5","41","2","2","1","Moderate","56.992","3.7313","38.48","0","","","","67.0","67.0","67.0","56.0","67.0","0.0","67.0","61.96","67.0","0.0","0.0","0.4583","67","1","104","104","1","1","0"
"2026-02-22T14:00:00+00:00","Lahore","14","6","2","53","-0.5","-0.866025","0.866025","0.5","0.790946","0.611886","1","0","0","0","22.8","49","4.2","102","7.6","1009.2","0","11.5","0","","0.0","0.0","","","-0.2","0","67","pm25","104","34","5","41","2","2","1","Moderate","36.8952","6.2687","50.96","0","","","","67.0","67.0","67.0","56.0","67.0","0.0","67.0","62.42","67.0","0.0","0.0","0.4583","67","1","104","104","1","1","0"
"2026-02-22T15:00:00+00:00","Lahore","15","6","2","53","-0.707107","-0.707107","0.866025","0.5","0.790946","0.611886","1","0","0","0","21.0","61","6.3","77","11.2","1009.5","0","13.2","0","","0.0","0.0","","","0.2","0","67","pm25","104","34","5","41","2","2","1","Moderate","26.5778","9.403","63.44","0","","","","67.0","67.0","67.0","56.0","67.0","0.0","67.0","62.88","67.0","0.0","0.0","0.4583","67","1","104","104","1","1","0"
"2026-02-22T16:00:00+00:00","Lahore","16","6","2","53","-0.866025","-0.5","0.866025","0.5","0.790946","0.611886","1","0","0","0","20.0","69","5.1","96","11.5","1009.9","0","14.1","0","","0.0","0.0","","","0.6","0","67","pm25","104","34","5","41","2","2","1","Moderate","34.4627","7.6119","71.76","0","","","","67.0","67.0","67.0","56.0","67.0","0.0","67.0","63.33","67.0","0.0","0.0","0.4583","67","1","104","104","1","1","0"
"2026-02-22T17:00:00+00:00","Lahore","17","6","2","53","-0.965926","-0.258819","0.866025","0.5","0.790946","0.611886","1","1","0","0","19.2","74","4.6","132","8.6","1010.1","0","14.6","0","","0.0","0.0","","","0.9","0","67","pm25","104","34","5","41","2","2","1","Moderate","39.3391","6.8657","76.96","0","","","","67.0","67.0","67.0","56.0","67.0","0.0","67.0","63.79","67.0","0.0","0.0","0.4583","67","1","104","104","1","1","0"
"2026-02-22T18:00:00+00:00","Lahore","18","6","2","53","-1.0","-0.0","0.866025","0.5","0.790946","0.611886","1","1","0","0","18.8","80","4.5","113","7.6","1009.9","0","15.3","0","","0.0","0.0","","","1.1","0","67","pm25","104","34","5","41","2","2","1","Moderate","41.6","6.7164","83.2","0","","","","67.0","67.0","67.0","56.0","67.0","0.0","67.0","64.25","67.0","0.0","0.0","0.4583","67","1","104","104","1","1","0"
"2026-02-22T19:00:00+00:00","Lahore","19","6","2","53","-0.965926","0.258819","0.866025","0.5","0.790946","0.611886","1","1","0","0","18.3","81","4.5","85","7.9","1009.4","0","14.9","0","","0.0","0.0","","","1.0","0","67","pm25","104","34","5","41","2","2","1","Moderate","41.8311","6.7164","84.24","0","","","","67.0","67.0","67.0","56.0","67.0","0.0","67.0","64.71","67.0","0.0","0.0","0.4583","67","1","104","104","1","1","0"
"2026-02-22T20:00:00+00:00","Lahore","20","6","2","53","-0.866025","0.5","0.866025","0.5","0.790946","0.611886","1","0","0","0","17.2","85","4.3","92","7.9","1009.3","0","14.8","0","","0.0","0.0","","","1.0","0","67","pm25","104","34","5","41","2","2","1","Moderate","44.7442","6.4179","88.4","0","","","","67.0","67.0","67.0","56.0","67.0","0.0","67.0","65.17","67.0","0.0","0.0","0.4583","67","1","104","104","1","1","0"
"2026-02-22T21:00:00+00:00","Lahore","21","6","2","53","-0.707107","0.707107","0.866025","0.5","0.790946","0.611886","1","0","0","0","16.4","89","4.0","72","6.8","1009.0","0","14.5","0","","0.0","0.0","","","0.9","0","67","pm25","104","34","5","41","2","2","1","Moderate","49.14","5.9701","92.56","0","","","","67.0","67.0","67.0","56.0","67.0","0.0","67.0","65.62","67.0","0.0","0.0","0.4583","67","1","104","104","1","1","0"
"2026-02-22T22:00:00+00:00","Lahore","22","6","2","53","-0.5","0.866025","0.866025","0.5","0.790946","0.611886","1","0","1","0","15.6","92","3.4","84","6.8","1008.6","0","14.3","0","","0.0","0.0","","","0.9","0","67","pm25","104","34","5","41","2","2","1","Moderate","58.7294","5.0746","95.68","0","","","","67.0","67.0","67.0","56.0","67.0","0.0","67.0","66.08","67.0","0.0","0.0","0.4583","67","1","104","104","1","1","0"
"2026-02-22T23:00:00+00:00","Lahore","23","6","2","53","-0.258819","0.965926","0.866025","0.5","0.790946","0.611886","1","0","1","0","15.1","93","2.2","114","5.4","1008.4","0","14.0","0","","0.0","0.0","","","0.9","0","67","pm25","104","34","5","41","2","2","1","Moderate","91.2364","3.2836","96.72","0","","","","67.0","67.0","67.0","56.0","67.0","0.0","67.0","66.54","67.0","0.0","0.0","0.4583","67","1","104","104","1","1","0"
"2026-02-23T00:00:00+00:00","Lahore","0","0","2","54","0.0","1.0","0.866025","0.5","0.801361","0.598181","0","0","1","0","14.4","95","2.3","72","3.2","1008.8","0","13.6","3","","0.0","0.0","","","0.8","0","72","pm25","100","31","20","47","6","2","1","Moderate","84.7826","3.1944","95.0","0","","","","67.0","67.0","67.0","67.0","67.0","0.0","67.0","67.0","67.0","0.0","0.0","0.0","72","1","100","100","1","1","0"
"2026-02-23T01:00:00+00:00","Lahore","1","0","2","54","0.258819","0.965926","0.866025","0.5","0.801361","0.598181","0","0","1","0","13.9","96","3.4","96","5.4","1009.2","0","13.4","26","","0.0","0.0","","","0.6","1","72","pm25","100","31","20","47","6","2","1","Moderate","57.6471","4.7222","96.0","0","","","","72.0","67.0","67.0","67.0","68.67","2.36","67.83","67.21","72.0","5.0","0.8333","0.2083","72","1","100","100","1","1","0"
"2026-02-23T02:00:00+00:00","Lahore","2","0","2","54","0.5","0.866025","0.866025","0.5","0.801361","0.598181","0","0","1","0","13.9","97","3.9","112","5.8","1010.0","0","13.4","5","","0.0","0.0","","","0.5","0","72","pm25","100","31","20","47","6","2","1","Moderate","50.5128","5.4167","97.0","0","","","","72.0","67.0","67.0","67.0","70.33","2.36","68.67","67.42","72.0","0.0","0.8333","0.2083","72","1","100","100","1","1","0"
"2026-02-23T03:00:00+00:00","Lahore","3","0","2","54","0.707107","0.707107","0.866025","0.5","0.801361","0.598181","0","0","1","0","16.4","86","4.4","117","10.8","1010.9","0","14.1","0","","0.0","0.0","","","0.7","0","72","pm25","100","31","20","47","6","2","1","Moderate","42.2727","6.1111","86.0","0","","","","72.0","72.0","67.0","67.0","72.0","0.0","69.5","67.62","72.0","0.0","0.8333","0.2083","72","1","100","100","1","1","0"
"2026-02-23T04:00:00+00:00","Lahore","4","0","2","54","0.866025","0.5","0.866025","0.5","0.801361","0.598181","0","0","1","0","20.0","70","3.4","122","12.2","1011.6","0","14.4","0","","0.0","0.0","","","0.9","0","72","pm25","100","31","20","47","6","2","1","Moderate","50.0","4.7222","70.0","0","","","","72.0","72.0","67.0","67.0","72.0","0.0","70.33","67.83","72.0","0.0","0.8333","0.2083","72","1","100","100","1","1","0"
"2026-02-23T05:00:00+00:00","Lahore","5","0","2","54","0.965926","0.258819","0.866025","0.5","0.801361","0.598181","0","0","1","0","23.2","54","3.6","139","14.8","1011.7","0","13.5","0","","0.0","0.0","","","0.6","0","72","pm25","100","31","20","47","6","2","1","Moderate","42.7778","5.0","54.0","0","","","","72.0","72.0","67.0","67.0","72.0","0.0","71.17","68.04","72.0","0.0","0.8333","0.2083","72","1","100","100","1","1","0"
"2026-02-23T06:00:00+00:00","Lahore","6","0","2","54","1.0","0.0","0.866025","0.5","0.801361","0.598181","0","0","0","0","25.1","44","2.7","157","15.5","1011.9","0","11.9","0","","0.0","0.0","","","0.7","0","72","pm25","100","31","20","47","6","2","1","Moderate","53.3333","3.75","44.0","0","","","","72.0","72.0","72.0","67.0","72.0","0.0","72.0","68.25","72.0","0.0","0.0","0.2083","72","1","100","100","1","1","0"
"2026-02-23T07:00:00+00:00","Lahore","7","0","2","54","0.965926","-0.258819","0.866025","0.5","0.801361","0.598181","0","1","0","0","27.2","34","0.7","166","14.8","1011.1","0","9.9","0","","0.0","0.0","26.72","","0.9","0","72","pm25","100","31","20","47","6","2","1","Moderate","191.4286","0.9722","34.0","0","","","","72.0","72.0","72.0","67.0","72.0","0.0","72.0","68.46","72.0","0.0","0.0","0.2083","72","1","100","100","1","1","0"
"2026-02-23T08:00:00+00:00","Lahore","8","0","2","54","0.866025","-0.5","0.866025","0.5","0.801361","0.598181","0","1","0","0","28.2","29","2.4","9","15.8","1010.4","0","8.4","6","","0.0","0.0","27.2","","0.3","0","72","pm25","100","31","20","47","6","2","1","Moderate","53.75","3.3333","29.0","0","","","","72.0","72.0","72.0","67.0","72.0","0.0","72.0","68.67","72.0","0.0","0.0","0.2083","72","1","100","100","1","1","0"
"2026-02-23T09:00:00+00:00","Lahore","9","0","2","54","0.707107","-0.707107","0.866025","0.5","0.801361","0.598181","0","1","0","0","28.8","25","4.9","360","19.4","1009.5","0","6.8","16","","0.0","0.0","27.47","","-1.1","0","72","pm25","100","31","20","47","6","2","1","Moderate","25.5102","6.8056","25.0","0","","","","72.0","72.0","72.0","67.0","72.0","0.0","72.0","68.88","72.0","0.0","0.0","0.2083","72","1","100","100","1","1","0"
"2026-02-23T10:00:00+00:00","Lahore","10","0","2","54","0.5","-0.866025","0.866025","0.5","0.801361","0.598181","0","0","0","0","28.7","23","6.7","2","21.2","1009.2","0","5.7","18","","0.0","0.0","27.33","","-2.1","0","72","pm25","100","31","20","47","6","2","1","Moderate","18.3582","9.3056","23.0","0","","","","72.0","72.0","72.0","67.0","72.0","0.0","72.0","69.08","72.0","0.0","0.0","0.2083","72","1","100","100","1","1","0"
"2026-02-23T11:00:00+00:00","Lahore","11","0","2","54","0.258819","-0.965926","0.866025","0.5","0.801361","0.598181","0","0","0","0","28.1","24","7.1","9","21.2","1008.8","0","5.8","8","","0.0","0.0","26.93","","-2.0","0","72","pm25","100","31","20","47","6","2","1","Moderate","17.4648","9.8611","24.0","0","","","","72.0","72.0","72.0","67.0","72.0","0.0","72.0","69.29","72.0","0.0","0.0","0.2083","72","1","100","100","1","1","0"
"2026-02-23T12:00:00+00:00","Lahore","12","0","2","54","0.0","-1.0","0.866025","0.5","0.801361","0.598181","0","0","0","0","27.5","25","6.5","346","20.5","1008.9","0","5.7","5","","0.0","0.0","26.56","","-2.0","0","72","pm25","100","31","20","47","6","2","1","Moderate","19.2308","9.0278","25.0","0","","","","72.0","72.0","72.0","67.0","72.0","0.0","72.0","69.5","72.0","0.0","0.0","0.2083","72","1","100","100","1","1","0"
"2026-02-23T13:00:00+00:00","Lahore","13","0","2","54","-0.258819","-0.965926","0.866025","0.5","0.801361","0.598181","0","0","0","0","25.0","32","4.1","13","14.0","1009.2","0","7.3","0","","0.0","0.0","","","-1.2","0","72","pm25","100","31","20","47","6","2","1","Moderate","32.1951","5.6944","32.0","0","","","","72.0","72.0","72.0","67.0","72.0","0.0","72.0","69.71","72.0","0.0","0.0","0.2083","72","1","100","100","1","1","0"
"2026-02-23T14:00:00+00:00","Lahore","14","0","2","54","-0.5","-0.866025","0.866025","0.5","0.801361","0.598181","0","0","0","0","23.4","41","3.4","18","7.6","1010.0","0","9.5","0","","0.0","0.0","","","-0.7","0","72","pm25","100","31","20","47","6","2","1","Moderate","41.4706","4.7222","41.0","0","","","","72.0","72.0","72.0","67.0","72.0","0.0","72.0","69.92","72.0","0.0","0.0","0.2083","72","1","100","100","1","1","0"
"2026-02-23T15:00:00+00:00","Lahore","15","0","2","54","-0.707107","-0.707107","0.866025","0.5","0.801361","0.598181","0","0","0","0","21.5","50","1.8","114","6.1","1010.6","0","10.6","0","","0.0","0.0","","","0.0","0","72","pm25","100","31","20","47","6","2","1","Moderate","83.3333","2.5","50.0","0","","","","72.0","72.0","72.0","67.0","72.0","0.0","72.0","70.12","72.0","0.0","0.0","0.2083","72","1","100","100","1","1","0"
"2026-02-23T16:00:00+00:00","Lahore","16","0","2","54","-0.866025","-0.5","0.866025","0.5","0.801361","0.598181","0","0","0","0","20.0","61","3.7","113","6.5","1011.1","0","12.1","0","","0.0","0.0","","","0.1","0","72","pm25","100","31","20","47","6","2","1","Moderate","43.5135","5.1389","61.0","0","","","","72.0","72.0","72.0","67.0","72.0","0.0","72.0","70.33","72.0","0.0","0.0","0.2083","72","1","100","100","1","1","0"
"2026-02-23T17:00:00+00:00","Lahore","17","0","2","54","-0.965926","-0.258819","0.866025","0.5","0.801361","0.598181","0","1","0","0","19.2","67","1.6","63","6.5","1011.2","0","13.0","0","","0.0","0.0","","","0.7","0","72","pm25","100","31","20","47","6","2","1","Moderate","104.375","2.2222","67.0","0","","","","72.0","72.0","72.0","67.0","72.0","0.0","72.0","70.54","72.0","0.0","0.0","0.2083","72","1","100","100","1","1","0"
"2026-02-23T18:00:00+00:00","Lahore","18","0","2","54","-1.0","-0.0","0.866025","0.5","0.801361","0.598181","0","1","0","0","18.6","76","1.5","104","3.2","1011.3","0","14.4","0","","0.0","0.0","","","1.3","0","72","pm25","100","31","20","47","6","2","1","Moderate","117.3333","2.0833","76.0","0","","","","72.0","72.0","72.0","67.0","72.0","0.0","72.0","70.75","72.0","0.0","0.0","0.2083","72","1","100","100","1","1","0"
"2026-02-23T19:00:00+00:00","Lahore","19","0","2","54","-0.965926","0.258819","0.866025","0.5","0.801361","0.598181","0","1","0","0","17.5","83","1.3","124","2.5","1011.2","0","14.6","0","","0.0","0.0","","","1.4","0","72","pm25","100","31","20","47","6","2","1","Moderate","140.7692","1.8056","83.0","0","","","","72.0","72.0","72.0","67.0","72.0","0.0","72.0","70.96","72.0","0.0","0.0","0.2083","72","1","100","100","1","1","0"
"2026-02-23T20:00:00+00:00","Lahore","20","0","2","54","-0.866025","0.5","0.866025","0.5","0.801361","0.598181","0","0","0","0","16.7","87","1.7","148","2.5","1011.2","0","14.6","0","","0.0","0.0","","","1.3","0","72","pm25","100","31","20","47","6","2","1","Moderate","110.0","2.3611","87.0","0","","","","72.0","72.0","72.0","67.0","72.0","0.0","72.0","71.17","72.0","0.0","0.0","0.2083","72","1","100","100","1","1","0"
"2026-02-23T21:00:00+00:00","Lahore","21","0","2","54","-0.707107","0.707107","0.866025","0.5","0.801361","0.598181","0","0","0","0","16.2","89","1.5","166","2.5","1010.7","0","14.4","0","","0.0","0.0","","","1.2","0","72","pm25","100","31","20","47","6","2","1","Moderate","126.0","2.0833","89.0","0","","","","72.0","72.0","72.0","67.0","72.0","0.0","72.0","71.38","72.0","0.0","0.0","0.2083","72","1","100","100","1","1","0"
"2026-02-23T22:00:00+00:00","Lahore","22","0","2","54","-0.5","0.866025","0.866025","0.5","0.801361","0.598181","0","0","1","0","15.8","90","2.4","171","3.6","1010.4","0","14.1","0","","0.0","0.0","","","1.0","0","72","pm25","100","31","20","47","6","2","1","Moderate","79.1667","3.3333","90.0","0","","","","72.0","72.0","72.0","67.0","72.0","0.0","72.0","71.58","72.0","0.0","0.0","0.2083","72","1","100","100","1","1","0"
"2026-02-23T23:00:00+00:00","Lahore","23","0","2","54","-0.258819","0.965926","0.866025","0.5","0.801361","0.598181","0","0","1","0","15.1","92","0.3","45","3.2","1010.2","0","13.9","0","","0.0","0.0","","","1.3","0","72","pm25","100","31","20","47","6","2","1","Moderate","640.0","0.4167","92.0","0","","","","72.0","72.0","72.0","67.0","72.0","0.0","72.0","71.79","72.0","0.0","0.0","0.2083","72","1","100","100","1","1","0"
"2026-02-24T00:00:00+00:00","Lahore","0","1","2","55","0.0","1.0","0.866025","0.5","0.811539","0.584298","0","0","1","0","14.9","94","0.8","27","1.4","1010.4","0","13.9","2","","0.0","0.0","","","1.2","0","66","pm25","99","32","18","40","6","4","1","Moderate","240.075","1.2121","93.06","0","","","","72.0","72.0","72.0","72.0","72.0","0.0","72.0","72.0","72.0","0.0","0.0","0.0","66","1","99","99","1","1","0"
"2026-02-24T01:00:00+00:00","Lahore","1","1","2","55","0.258819","0.965926","0.866025","0.5","0.811539","0.584298","0","0","1","0","13.9","99","1.1","81","2.2","1010.8","0","13.7","19","","0.0","0.0","","","1.0","0","66","pm25","99","32","18","40","6","4","1","Moderate","179.1","1.6667","98.01","0","","","","66.0","72.0","72.0","72.0","70.0","2.83","71.0","71.75","72.0","-6.0","-1.0","-0.25","66","1","99","99","1","1","-1"
"2026-02-24T02:00:00+00:00","Lahore","2","1","2","55","0.5","0.866025","0.866025","0.5","0.811539","0.584298","0","0","1","0","13.2","100","2.6","129","3.6","1011.9","0","13.2","100","","0.0","0.0","","","0.7","3","66","pm25","99","32","18","40","6","4","1","Moderate","76.1538","3.9394","99.0","0","","","","66.0","72.0","72.0","72.0","68.0","2.83","70.0","71.5","72.0","0.0","-1.0","-0.25","66","1","99","99","1","1","0"
"2026-02-24T03:00:00+00:00","Lahore","3","1","2","55","0.707107","0.707107","0.866025","0.5","0.811539","0.584298","0","0","1","0","14.5","97","4.3","138","10.8","1013.0","0","14.1","99","","0.0","0.0","","","0.7","3","66","pm25","99","32","18","40","6","4","1","Moderate","45.3558","6.5152","96.03","0","","","","66.0","66.0","72.0","72.0","66.0","0.0","69.0","71.25","72.0","0.0","-1.0","-0.25","66","1","99","99","1","1","0"
"2026-02-24T04:00:00+00:00","Lahore","4","1","2","55","0.866025","0.5","0.866025","0.5","0.811539","0.584298","0","0","1","0","18.8","75","3.0","147","11.9","1013.5","0","14.4","0","","0.0","0.0","","","1.0","0","66","pm25","99","32","18","40","6","4","1","Moderate","57.75","4.5455","74.25","0","","","","66.0","66.0","72.0","72.0","66.0","0.0","68.0","71.0","72.0","0.0","-1.0","-0.25","66","1","99","99","1","1","0"
"2026-02-24T05:00:00+00:00","Lahore","5","1","2","55","0.965926","0.258819","0.866025","0.5","0.811539","0.584298","0","0","1","0","22.8","56","3.2","153","14.4","1013.7","0","13.4","0","","0.0","0.0","","","0.6","0","66","pm25","99","32","18","40","6","4","1","Moderate","48.2625","4.8485","55.44","0","","","","66.0","66.0","72.0","72.0","66.0","0.0","67.0","70.75","72.0","0.0","-1.0","-0.25","66","1","99","99","1","1","0"
"2026-02-24T06:00:00+00:00","Lahore","6","1","2","55","1.0","0.0","0.866025","0.5","0.811539","0.584298","0","0","0","0","24.9","45","2.1","200","16.2","1014.0","0","12.2","0","","0.0","0.0","","","0.9","0","66","pm25","99","32","18","40","6","4","1","Moderate","68.3571","3.1818","44.55","0","","","","66.0","66.0","66.0","72.0","66.0","0.0","66.0","70.5","72.0","0.0","0.0","-0.25","66","1","99","99","1","1","0"
"2026-02-24T07:00:00+00:00","Lahore","7","1","2","55","0.965926","-0.258819","0.866025","0.5","0.811539","0.584298","0","1","0","0","27.0","34","0.7","360","14.4","1013.5","0","10.0","8","","0.0","0.0","","","1.0","0","66","pm25","99","32","18","40","6","4","1","Moderate","189.5143","1.0606","33.66","0","","","","66.0","66.0","66.0","72.0","66.0","0.0","66.0","70.25","72.0","0.0","0.0","-0.25","66","1","99","99","1","1","0"
"2026-02-24T08:00:00+00:00","Lahore","8","1","2","55","0.866025","-0.5","0.866025","0.5","0.811539","0.584298","0","1","0","0","28.0","28","2.7","20","18.0","1012.5","0","7.9","8","","0.0","0.0","27.01","","0.1","0","66","pm25","99","32","18","40","6","4","1","Moderate","46.9333","4.0909","27.72","0","","","","66.0","66.0","66.0","72.0","66.0","0.0","66.0","70.0","72.0","0.0","0.0","-0.25","66","1","99","99","1","1","0"
"2026-02-24T09:00:00+00:00","Lahore","9","1","2","55","0.707107","-0.707107","0.866025","0.5","0.811539","0.584298","0","1","0","0","28.6","24","4.7","9","19.1","1011.6","0","5.9","10","","0.0","0.0","27.29","","-1.2","0","66","pm25","99","32","18","40","6","4","1","Moderate","26.1191","7.1212","23.76","0","","","","66.0","66.0","66.0","72.0","66.0","0.0","66.0","69.75","72.0","0.0","0.0","-0.25","66","1","99","99","1","1","0"
"2026-02-24T10:00:00+00:00","Lahore","10","1","2","55","0.5","-0.866025","0.866025","0.5","0.811539","0.584298","0","0","0","0","28.6","22","6.5","357","21.2","1011.1","0","5.2","5","","0.0","0.0","27.22","","-2.1","0","66","pm25","99","32","18","40","6","4","1","Moderate","18.5815","9.8485","21.78","0","","","","66.0","66.0","66.0","72.0","66.0","0.0","66.0","69.5","72.0","0.0","0.0","-0.25","66","1","99","99","1","1","0"
"2026-02-24T11:00:00+00:00","Lahore","11","1","2","55","0.258819","-0.965926","0.866025","0.5","0.811539","0.584298","0","0","0","0","28.2","22","7.3","353","21.6","1010.9","0","4.7","4","","0.0","0.0","26.93","","-2.3","0","66","pm25","99","32","18","40","6","4","1","Moderate","16.5452","11.0606","21.78","0","","","","66.0","66.0","66.0","72.0","66.0","0.0","66.0","69.25","72.0","0.0","0.0","-0.25","66","1","99","99","1","1","0"
"2026-02-24T12:00:00+00:00","Lahore","12","1","2","55","0.0","-1.0","0.866025","0.5","0.811539","0.584298","0","0","0","0","27.2","23","7.6","335","20.9","1010.9","0","4.2","5","","0.0","0.0","26.3","","-2.4","0","66","pm25","99","32","18","40","6","4","1","Moderate","16.0224","11.5152","22.77","0","","","","66.0","66.0","66.0","72.0","66.0","0.0","66.0","69.0","72.0","0.0","0.0","-0.25","66","1","99","99","1","1","0"
"2026-02-24T13:00:00+00:00","Lahore","13","1","2","55","-0.258819","-0.965926","0.866025","0.5","0.811539","0.584298","0","0","0","0","24.9","30","1.8","360","16.2","1011.5","0","6.3","1","","0.0","0.0","","","-1.2","0","66","pm25","99","32","18","40","6","4","1","Moderate","71.5","2.7273","29.7","0","","","","66.0","66.0","66.0","72.0","66.0","0.0","66.0","68.75","72.0","0.0","0.0","-0.25","66","1","99","99","1","1","0"
"2026-02-24T14:00:00+00:00","Lahore","14","1","2","55","-0.5","-0.866025","0.866025","0.5","0.811539","0.584298","0","0","0","0","23.4","35","0.4","90","4.0","1012.3","0","7.1","1","","0.0","0.0","","","-0.8","0","66","pm25","99","32","18","40","6","4","1","Moderate","334.125","0.6061","34.65","0","","","","66.0","66.0","66.0","72.0","66.0","0.0","66.0","68.5","72.0","0.0","0.0","-0.25","66","1","99","99","1","1","0"
"2026-02-24T15:00:00+00:00","Lahore","15","1","2","55","-0.707107","-0.707107","0.866025","0.5","0.811539","0.584298","0","0","0","0","21.5","45","3.1","90","5.4","1012.8","0","9.1","0","","0.0","0.0","","","-0.6","0","66","pm25","99","32","18","40","6","4","1","Moderate","46.3065","4.697","44.55","0","","","","66.0","66.0","66.0","72.0","66.0","0.0","66.0","68.25","72.0","0.0","0.0","-0.25","66","1","99","99","1","1","0"
"2026-02-24T16:00:00+00:00","Lahore","16","1","2","55","-0.866025","-0.5","0.866025","0.5","0.811539","0.584298","0","0","0","0","20.0","58","4.0","93","6.5","1013.2","0","11.4","0","","0.0","0.0","","","-0.1","0","66","pm25","99","32","18","40","6","4","1","Moderate","39.105","6.0606","57.42","0","","","","66.0","66.0","66.0","72.0","66.0","0.0","66.0","68.0","72.0","0.0","0.0","-0.25","66","1","99","99","1","1","0"
"2026-02-24T17:00:00+00:00","Lahore","17","1","2","55","-0.965926","-0.258819","0.866025","0.5","0.811539","0.584298","0","1","0","0","19.0","66","3.7","76","6.5","1013.3","0","12.4","0","","0.0","0.0","","","0.2","0","66","pm25","99","32","18","40","6","4","1","Moderate","44.4162","5.6061","65.34","0","","","","66.0","66.0","66.0","72.0","66.0","0.0","66.0","67.75","72.0","0.0","0.0","-0.25","66","1","99","99","1","1","0"
"2026-02-24T18:00:00+00:00","Lahore","18","1","2","55","-1.0","-0.0","0.866025","0.5","0.811539","0.584298","0","1","0","0","18.6","78","2.6","115","5.8","1013.4","0","14.8","0","","0.0","0.0","","","1.3","0","66","pm25","99","32","18","40","6","4","1","Moderate","67.7769","3.9394","77.22","0","","","","66.0","66.0","66.0","72.0","66.0","0.0","66.0","67.5","72.0","0.0","0.0","-0.25","66","1","99","99","1","1","0"
"2026-02-24T19:00:00+00:00","Lahore","19","1","2","55","-0.965926","0.258819","0.866025","0.5","0.811539","0.584298","0","1","0","0","18.1","83","1.9","131","4.7","1013.3","0","15.2","0","","0.0","0.0","","","1.5","0","66","pm25","99","32","18","40","6","4","1","Moderate","95.3526","2.8788","82.17","0","","","","66.0","66.0","66.0","72.0","66.0","0.0","66.0","67.25","72.0","0.0","0.0","-0.25","66","1","99","99","1","1","0"
"2026-02-24T20:00:00+00:00","Lahore","20","1","2","55","-0.866025","0.5","0.866025","0.5","0.811539","0.584298","0","0","0","0","17.5","86","1.1","90","2.9","1013.1","0","15.1","0","","0.0","0.0","","","1.6","0","66","pm25","99","32","18","40","6","4","1","Moderate","167.4","1.6667","85.14","0","","","","66.0","66.0","66.0","72.0","66.0","0.0","66.0","67.0","72.0","0.0","0.0","-0.25","66","1","99","99","1","1","0"
"2026-02-24T21:00:00+00:00","Lahore","21","1","2","55","-0.707107","0.707107","0.866025","0.5","0.811539","0.584298","0","0","0","0","17.0","87","1.0","68","1.4","1012.9","0","14.9","0","","0.0","0.0","","","1.4","0","66","pm25","99","32","18","40","6","4","1","Moderate","185.13","1.5152","86.13","0","","","","66.0","66.0","66.0","72.0","66.0","0.0","66.0","66.75","72.0","0.0","0.0","-0.25","66","1","99","99","1","1","0"
"2026-02-24T22:00:00+00:00","Lahore","22","1","2","55","-0.5","0.866025","0.866025","0.5","0.811539","0.584298","0","0","1","0","15.9","92","1.5","60","2.2","1012.6","0","14.6","0","","0.0","0.0","","","1.2","0","66","pm25","99","32","18","40","6","4","1","Moderate","126.72","2.2727","91.08","0","","","","66.0","66.0","66.0","72.0","66.0","0.0","66.0","66.5","72.0","0.0","0.0","-0.25","66","1","99","99","1","1","0"
"2026-02-24T23:00:00+00:00","Lahore","23","1","2","55","-0.258819","0.965926","0.866025","0.5","0.811539","0.584298","0","0","1","0","14.9","95","2.8","45","4.7","1012.3","0","14.1","0","","0.0","0.0","","","0.9","0","66","pm25","99","32","18","40","6","4","1","Moderate","68.9464","4.2424","94.05","0","","","","66.0","66.0","66.0","72.0","66.0","0.0","66.0","66.25","72.0","0.0","0.0","-0.25","66","1","99","99","1","1","0"
"2026-02-25T00:00:00+00:00","Lahore","0","2","2","56","0.0","1.0","0.866025","0.5","0.821477","0.570242","0","0","1","0","14.2","99","1.8","66","4.7","1012.4","0","14.1","100","","0.0","0.0","","","1.1","3","62","pm25","94","35","11","50","5","7","1","Moderate","103.9222","2.9032","93.06","0","","","","66.0","66.0","66.0","66.0","66.0","0.0","66.0","66.0","66.0","0.0","0.0","0.0","62","1","94","94","1","1","0"
"2026-02-25T01:00:00+00:00","Lahore","1","2","2","56","0.258819","0.965926","0.866025","0.5","0.821477","0.570242","0","0","1","0","13.9","99","2.8","45","6.5","1012.8","0","13.8","100","","0.0","0.0","","","0.8","3","62","pm25","94","35","11","50","5","7","1","Moderate","66.8071","4.5161","93.06","0","","","","62.0","66.0","66.0","66.0","64.67","1.89","65.33","65.83","66.0","-4.0","-0.6667","-0.1667","62","1","94","94","1","1","0"
"2026-02-25T02:00:00+00:00","Lahore","2","2","2","56","0.5","0.866025","0.866025","0.5","0.821477","0.570242","0","0","1","0","13.5","99","2.3","39","7.2","1013.4","0","13.3","99","","0.0","0.0","","","0.7","3","62","pm25","94","35","11","50","5","7","1","Moderate","81.3304","3.7097","93.06","0","","","","62.0","66.0","66.0","66.0","63.33","1.89","64.67","65.67","66.0","0.0","-0.6667","-0.1667","62","1","94","94","1","1","0"
"2026-02-25T03:00:00+00:00","Lahore","3","2","2","56","0.707107","0.707107","0.866025","0.5","0.821477","0.570242","0","0","1","0","14.5","97","2.0","100","9.0","1014.2","0","14.0","100","","0.0","0.0","","","1.0","3","62","pm25","94","35","11","50","5","7","1","Moderate","92.59","3.2258","91.18","0","","","","62.0","62.0","66.0","66.0","62.0","0.0","64.0","65.5","66.0","0.0","-0.6667","-0.1667","62","1","94","94","1","1","0"
"2026-02-25T04:00:00+00:00","Lahore","4","2","2","56","0.866025","0.5","0.866025","0.5","0.821477","0.570242","0","0","1","0","18.9","78","1.8","127","10.4","1014.7","0","15.0","0","","0.0","0.0","","","1.4","0","62","pm25","94","35","11","50","5","7","1","Moderate","92.9556","2.9032","73.32","0","","","","62.0","62.0","66.0","66.0","62.0","0.0","63.33","65.33","66.0","0.0","-0.6667","-0.1667","62","1","94","94","1","1","0"
"2026-02-25T05:00:00+00:00","Lahore","5","2","2","56","0.965926","0.258819","0.866025","0.5","0.821477","0.570242","0","0","1","0","23.2","56","1.9","163","12.6","1014.9","0","14.0","0","","0.0","0.0","","","1.0","0","62","pm25","94","35","11","50","5","7","1","Moderate","77.1789","3.0645","52.64","0","","","","62.0","62.0","66.0","66.0","62.0","0.0","62.67","65.17","66.0","0.0","-0.6667","-0.1667","62","1","94","94","1","1","0"
"2026-02-25T06:00:00+00:00","Lahore","6","2","2","56","1.0","0.0","0.866025","0.5","0.821477","0.570242","0","0","0","0","26.1","41","3.8","273","14.4","1014.6","0","11.7","0","","0.0","0.0","","","0.4","0","62","pm25","94","35","11","50","5","7","1","Moderate","34.8789","6.129","38.54","0","","","","62.0","62.0","62.0","66.0","62.0","0.0","62.0","65.0","66.0","0.0","0.0","-0.1667","62","1","94","94","1","1","0"
"2026-02-25T07:00:00+00:00","Lahore","7","2","2","56","0.965926","-0.258819","0.866025","0.5","0.821477","0.570242","0","1","0","0","28.1","30","5.6","310","21.2","1013.8","0","9.0","12","","0.0","0.0","27.17","","-0.1","0","62","pm25","94","35","11","50","5","7","1","Moderate","21.8214","9.0323","28.2","0","","","","62.0","62.0","62.0","66.0","62.0","0.0","62.0","64.83","66.0","0.0","0.0","-0.1667","62","1","94","94","1","1","0"
"2026-02-25T08:00:00+00:00","Lahore","8","2","2","56","0.866025","-0.5","0.866025","0.5","0.821477","0.570242","0","1","0","0","28.8","26","7.5","320","24.5","1012.8","0","7.2","23","","0.0","0.0","27.51","","-0.9","1","62","pm25","94","35","11","50","5","7","1","Moderate","15.792","12.0968","24.44","0","","","","62.0","62.0","62.0","66.0","62.0","0.0","62.0","64.67","66.0","0.0","0.0","-0.1667","62","1","94","94","1","1","0"
"2026-02-25T09:00:00+00:00","Lahore","9","2","2","56","0.707107","-0.707107","0.866025","0.5","0.821477","0.570242","0","1","0","0","29.2","22","9.1","319","26.6","1011.9","0","5.5","5","","0.0","0.0","27.67","","-1.9","0","62","pm25","94","35","11","50","5","7","1","Moderate","12.6022","14.6774","20.68","0","","","","62.0","62.0","62.0","66.0","62.0","0.0","62.0","64.5","66.0","0.0","0.0","-0.1667","62","1","94","94","1","1","0"
"2026-02-25T10:00:00+00:00","Lahore","10","2","2","56","0.5","-0.866025","0.866025","0.5","0.821477","0.570242","0","0","0","0","29.1","21","9.4","313","27.0","1011.4","0","4.2","13","","0.0","0.0","27.56","","-2.8","0","62","pm25","94","35","11","50","5","7","1","Moderate","12.1","15.1613","19.74","0","","","","62.0","62.0","62.0","66.0","62.0","0.0","62.0","64.33","66.0","0.0","0.0","-0.1667","62","1","94","94","1","1","0"
"2026-02-25T11:00:00+00:00","Lahore","11","2","2","56","0.258819","-0.965926","0.866025","0.5","0.821477","0.570242","0","0","0","0","28.6","21","9.4","300","26.3","1011.0","0","4.2","9","","0.0","0.0","27.19","","-2.7","0","62","pm25","94","35","11","50","5","7","1","Moderate","12.1","15.1613","19.74","0","","","","62.0","62.0","62.0","66.0","62.0","0.0","62.0","64.17","66.0","0.0","0.0","-0.1667","62","1","94","94","1","1","0"
"2026-02-25T12:00:00+00:00","Lahore","12","2","2","56","0.0","-1.0","0.866025","0.5","0.821477","0.570242","0","0","0","0","27.5","25","10.3","283","24.5","1011.1","0","5.7","5","","0.0","0.0","26.56","","-2.6","0","62","pm25","94","35","11","50","5","7","1","Moderate","11.4078","16.6129","23.5","0","","","","62.0","62.0","62.0","66.0","62.0","0.0","62.0","64.0","66.0","0.0","0.0","-0.1667","62","1","94","94","1","1","0"
"2026-02-25T13:00:00+00:00","Lahore","13","2","2","56","-0.258819","-0.965926","0.866025","0.5","0.821477","0.570242","0","0","0","0","26.1","30","8.4","286","22.7","1011.4","0","7.3","2","","0.0","0.0","","","-1.9","0","62","pm25","94","35","11","50","5","7","1","Moderate","14.5476","13.5484","28.2","0","","","","62.0","62.0","62.0","66.0","62.0","0.0","62.0","63.83","66.0","0.0","0.0","-0.1667","62","1","94","94","1","1","0"
"2026-02-25T14:00:00+00:00","Lahore","14","2","2","56","-0.5","-0.866025","0.866025","0.5","0.821477","0.570242","0","0","0","0","25.0","35","6.4","299","16.9","1012.0","0","8.6","0","","0.0","0.0","","","-1.3","0","62","pm25","94","35","11","50","5","7","1","Moderate","19.8281","10.3226","32.9","0","","","","62.0","62.0","62.0","66.0","62.0","0.0","62.0","63.67","66.0","0.0","0.0","-0.1667","62","1","94","94","1","1","0"
"2026-02-25T15:00:00+00:00","Lahore","15","2","2","56","-0.707107","-0.707107","0.866025","0.5","0.821477","0.570242","0","0","0","0","23.6","40","4.6","324","12.6","1012.5","0","9.4","0","","0.0","0.0","","","-0.8","0","62","pm25","94","35","11","50","5","7","1","Moderate","28.6087","7.4194","37.6","0","","","","62.0","62.0","62.0","66.0","62.0","0.0","62.0","63.5","66.0","0.0","0.0","-0.1667","62","1","94","94","1","1","0"
"2026-02-25T16:00:00+00:00","Lahore","16","2","2","56","-0.866025","-0.5","0.866025","0.5","0.821477","0.570242","0","0","0","0","22.6","45","0.7","14","8.6","1012.9","0","10.1","0","","0.0","0.0","","","-0.1","0","62","pm25","94","35","11","50","5","7","1","Moderate","194.7143","1.129","42.3","0","","","","62.0","62.0","62.0","66.0","62.0","0.0","62.0","63.33","66.0","0.0","0.0","-0.1667","62","1","94","94","1","1","0"
"2026-02-25T17:00:00+00:00","Lahore","17","2","2","56","-0.965926","-0.258819","0.866025","0.5","0.821477","0.570242","0","1","0","0","20.8","49","3.6","143","5.4","1013.4","0","9.6","0","","0.0","0.0","","","-0.6","0","62","pm25","94","35","11","50","5","7","1","Moderate","38.9056","5.8065","46.06","0","","","","62.0","62.0","62.0","66.0","62.0","0.0","62.0","63.17","66.0","0.0","0.0","-0.1667","62","1","94","94","1","1","0"
"2026-02-25T18:00:00+00:00","Lahore","18","2","2","56","-1.0","-0.0","0.866025","0.5","0.821477","0.570242","0","1","0","0","20.1","58","2.9","176","6.5","1013.4","0","11.7","0","","0.0","0.0","","","0.1","0","62","pm25","94","35","11","50","5","7","1","Moderate","51.2138","4.6774","54.52","0","","","","62.0","62.0","62.0","66.0","62.0","0.0","62.0","63.0","66.0","0.0","0.0","-0.1667","62","1","94","94","1","1","0"
"2026-02-25T19:00:00+00:00","Lahore","19","2","2","56","-0.965926","0.258819","0.866025","0.5","0.821477","0.570242","0","1","0","0","20.0","59","2.0","190","5.4","1013.3","0","11.7","0","","0.0","0.0","","","0.2","0","62","pm25","94","35","11","50","5","7","1","Moderate","74.73","3.2258","55.46","0","","","","62.0","62.0","62.0","66.0","62.0","0.0","62.0","62.83","66.0","0.0","0.0","-0.1667","62","1","94","94","1","1","0"
"2026-02-25T20:00:00+00:00","Lahore","20","2","2","56","-0.866025","0.5","0.866025","0.5","0.821477","0.570242","0","0","0","0","18.9","63","0.3","45","2.9","1013.1","0","11.6","0","","0.0","0.0","","","0.4","0","62","pm25","94","35","11","50","5","7","1","Moderate","510.7333","0.4839","59.22","0","","","","62.0","62.0","62.0","66.0","62.0","0.0","62.0","62.67","66.0","0.0","0.0","-0.1667","62","1","94","94","1","1","0"
"2026-02-25T21:00:00+00:00","Lahore","21","2","2","56","-0.707107","0.707107","0.866025","0.5","0.821477","0.570242","0","0","0","0","17.2","68","3.8","49","6.5","1012.7","0","11.2","0","","0.0","0.0","","","-0.2","0","62","pm25","94","35","11","50","5","7","1","Moderate","41.5579","6.129","63.92","0","","","","62.0","62.0","62.0","66.0","62.0","0.0","62.0","62.5","66.0","0.0","0.0","-0.1667","62","1","94","94","1","1","0"
"2026-02-25T22:00:00+00:00","Lahore","22","2","2","56","-0.5","0.866025","0.866025","0.5","0.821477","0.570242","0","0","1","0","16.2","73","2.7","62","9.0","1012.2","0","11.4","0","","0.0","0.0","","","0.1","0","62","pm25","94","35","11","50","5","7","1","Moderate","60.2296","4.3548","68.62","0","","","","62.0","62.0","62.0","66.0","62.0","0.0","62.0","62.33","66.0","0.0","0.0","-0.1667","62","1","94","94","1","1","0"
"2026-02-25T23:00:00+00:00","Lahore","23","2","2","56","-0.258819","0.965926","0.866025","0.5","0.821477","0.570242","0","0","1","0","15.2","79","2.5","86","4.7","1011.7","0","11.6","0","","0.0","0.0","","","0.2","0","62","pm25","94","35","11","50","5","7","1","Moderate","67.304","4.0323","74.26","0","","","","62.0","62.0","62.0","66.0","62.0","0.0","62.0","62.17","66.0","0.0","0.0","-0.1667","62","1","94","94","1","1","0"
"2026-02-26T00:00:00+00:00","Lahore","0","3","2","57","0.0","1.0","0.866025","0.5","0.831171","0.556017","0","0","1","0","15.1","85","2.0","80","4.3","1011.3","0","12.7","0","","0.0","0.0","","","0.6","0","66","pm25","98","36","15","55","7","4","1","Moderate","90.65","3.0303","83.3","0","","","","62.0","62.0","62.0","62.0","62.0","0.0","62.0","62.0","62.0","0.0","0.0","0.0","66","1","98","98","1","1","0"
"2026-02-26T01:00:00+00:00","Lahore","1","3","2","57","0.258819","0.965926","0.866025","0.5","0.831171","0.556017","0","0","1","0","14.9","86","0.0","270","2.5","1011.3","0","12.7","0","","0.0","0.0","","","0.9","0","66","pm25","98","36","15","55","7","4","1","Moderate","1822.8","0.0","84.28","0","","","","66.0","62.0","62.0","62.0","63.33","1.89","62.67","62.17","66.0","4.0","0.6667","0.1667","66","1","98","98","1","1","0"
"2026-02-26T02:00:00+00:00","Lahore","2","3","2","57","0.5","0.866025","0.866025","0.5","0.831171","0.556017","0","0","1","0","14.8","87","2.6","219","4.3","1011.5","0","12.6","0","","0.0","0.0","","","0.4","0","66","pm25","98","36","15","55","7","4","1","Moderate","70.4846","3.9394","85.26","0","","","","66.0","62.0","62.0","62.0","64.67","1.89","63.33","62.33","66.0","0.0","0.6667","0.1667","66","1","98","98","1","1","0"
"2026-02-26T03:00:00+00:00","Lahore","3","3","2","57","0.707107","0.707107","0.866025","0.5","0.831171","0.556017","0","0","1","0","17.3","74","3.8","211","10.4","1012.1","0","12.6","0","","0.0","0.0","","","0.3","0","66","pm25","98","36","15","55","7","4","1","Moderate","44.8737","5.7576","72.52","0","","","","66.0","66.0","62.0","62.0","66.0","0.0","64.0","62.5","66.0","0.0","0.6667","0.1667","66","1","98","98","1","1","0"
"2026-02-26T04:00:00+00:00","Lahore","4","3","2","57","0.866025","0.5","0.866025","0.5","0.831171","0.556017","0","0","1","0","21.4","58","1.3","34","9.4","1012.3","0","12.7","0","","0.0","0.0","","","0.7","0","66","pm25","98","36","15","55","7","4","1","Moderate","119.1077","1.9697","56.84","0","","","","66.0","66.0","62.0","62.0","66.0","0.0","64.67","62.67","66.0","0.0","0.6667","0.1667","66","1","98","98","1","1","0"
"2026-02-26T05:00:00+00:00","Lahore","5","3","2","57","0.965926","0.258819","0.866025","0.5","0.831171","0.556017","0","0","1","0","24.5","45","0.7","14","11.5","1012.1","0","11.7","0","","0.0","0.0","","","0.4","0","66","pm25","98","36","15","55","7","4","1","Moderate","203.0","1.0606","44.1","0","","","","66.0","66.0","62.0","62.0","66.0","0.0","65.33","62.83","66.0","0.0","0.6667","0.1667","66","1","98","98","1","1","0"
"2026-02-26T06:00:00+00:00","Lahore","6","3","2","57","1.0","0.0","0.866025","0.5","0.831171","0.556017","0","0","0","0","26.3","34","4.8","304","16.2","1011.9","0","9.3","0","","0.0","0.0","","","-0.4","0","66","pm25","98","36","15","55","7","4","1","Moderate","27.3583","7.2727","33.32","0","","","","66.0","66.0","66.0","62.0","66.0","0.0","66.0","63.0","66.0","0.0","0.0","0.1667","66","1","98","98","1","1","0"
"2026-02-26T07:00:00+00:00","Lahore","7","3","2","57","0.965926","-0.258819","0.866025","0.5","0.831171","0.556017","0","1","0","0","28.2","26","7.3","308","23.8","1011.2","0","6.7","0","","0.0","0.0","27.07","","-0.9","0","66","pm25","98","36","15","55","7","4","1","Moderate","16.9151","11.0606","25.48","0","","","","66.0","66.0","66.0","62.0","66.0","0.0","66.0","63.17","66.0","0.0","0.0","0.1667","66","1","98","98","1","1","0"
"2026-02-26T08:00:00+00:00","Lahore","8","3","2","57","0.866025","-0.5","0.866025","0.5","0.831171","0.556017","0","1","0","0","29.0","23","8.6","306","26.6","1010.1","0","5.6","0","","0.0","0.0","27.55","","-1.2","0","66","pm25","98","36","15","55","7","4","1","Moderate","14.0163","13.0303","22.54","0","","","","66.0","66.0","66.0","62.0","66.0","0.0","66.0","63.33","66.0","0.0","0.0","0.1667","66","1","98","98","1","1","0"
"2026-02-26T09:00:00+00:00","Lahore","9","3","2","57","0.707107","-0.707107","0.866025","0.5","0.831171","0.556017","0","1","0","0","29.4","21","9.7","295","28.1","1009.0","0","5.1","0","","0.0","0.0","27.79","","-1.9","0","66","pm25","98","36","15","55","7","4","1","Moderate","12.2247","14.697","20.58","0","","","","66.0","66.0","66.0","62.0","66.0","0.0","66.0","63.5","66.0","0.0","0.0","0.1667","66","1","98","98","1","1","0"
"2026-02-26T10:00:00+00:00","Lahore","10","3","2","57","0.5","-0.866025","0.866025","0.5","0.831171","0.556017","0","0","0","0","29.3","22","10.5","290","28.8","1008.3","0","5.2","0","","0.0","0.0","27.75","","-2.6","0","66","pm25","98","36","15","55","7","4","1","Moderate","11.3867","15.9091","21.56","0","","","","66.0","66.0","66.0","62.0","66.0","0.0","66.0","63.67","66.0","0.0","0.0","0.1667","66","1","98","98","1","1","0"
"2026-02-26T11:00:00+00:00","Lahore","11","3","2","57","0.258819","-0.965926","0.866025","0.5","0.831171","0.556017","0","0","0","0","28.6","23","11.0","288","28.8","1007.7","0","5.4","0","","0.0","0.0","27.25","","-2.7","0","66","pm25","98","36","15","55","7","4","1","Moderate","10.9582","16.6667","22.54","0","","","","66.0","66.0","66.0","62.0","66.0","0.0","66.0","63.83","66.0","0.0","0.0","0.1667","66","1","98","98","1","1","0"
"2026-02-26T12:00:00+00:00","Lahore","12","3","2","57","0.0","-1.0","0.866025","0.5","0.831171","0.556017","0","0","0","0","27.7","25","11.4","282","27.7","1007.4","0","6.2","0","","0.0","0.0","26.69","","-2.6","0","66","pm25","98","36","15","55","7","4","1","Moderate","10.7456","17.2727","24.5","0","","","","66.0","66.0","66.0","62.0","66.0","0.0","66.0","64.0","66.0","0.0","0.0","0.1667","66","1","98","98","1","1","0"
"2026-02-26T13:00:00+00:00","Lahore","13","3","2","57","-0.258819","-0.965926","0.866025","0.5","0.831171","0.556017","0","0","0","0","26.4","29","7.3","290","24.8","1007.5","0","6.8","0","","0.0","0.0","","","-1.9","0","66","pm25","98","36","15","55","7","4","1","Moderate","17.3178","11.0606","28.42","0","","","","66.0","66.0","66.0","62.0","66.0","0.0","66.0","64.17","66.0","0.0","0.0","0.1667","66","1","98","98","1","1","0"
"2026-02-26T14:00:00+00:00","Lahore","14","3","2","57","-0.5","-0.866025","0.866025","0.5","0.831171","0.556017","0","0","0","0","25.0","33","5.1","306","14.8","1007.9","0","7.5","0","","0.0","0.0","","","-1.5","0","66","pm25","98","36","15","55","7","4","1","Moderate","25.5569","7.7273","32.34","0","","","","66.0","66.0","66.0","62.0","66.0","0.0","66.0","64.33","66.0","0.0","0.0","0.1667","66","1","98","98","1","1","0"
"2026-02-26T15:00:00+00:00","Lahore","15","3","2","57","-0.707107","-0.707107","0.866025","0.5","0.831171","0.556017","0","0","0","0","23.5","38","3.9","336","9.7","1008.3","0","8.4","0","","0.0","0.0","","","-1.1","0","66","pm25","98","36","15","55","7","4","1","Moderate","34.6769","5.9091","37.24","0","","","","66.0","66.0","66.0","62.0","66.0","0.0","66.0","64.5","66.0","0.0","0.0","0.1667","66","1","98","98","1","1","0"
"2026-02-26T16:00:00+00:00","Lahore","16","3","2","57","-0.866025","-0.5","0.866025","0.5","0.831171","0.556017","0","0","0","0","22.2","43","1.9","17","6.8","1008.7","0","8.9","0","","0.0","0.0","","","-0.5","0","66","pm25","98","36","15","55","7","4","1","Moderate","73.7579","2.8788","42.14","0","","","","66.0","66.0","66.0","62.0","66.0","0.0","66.0","64.67","66.0","0.0","0.0","0.1667","66","1","98","98","1","1","0"
"2026-02-26T17:00:00+00:00","Lahore","17","3","2","57","-0.965926","-0.258819","0.866025","0.5","0.831171","0.556017","0","1","0","0","20.6","49","2.2","99","3.6","1008.7","0","9.4","0","","0.0","0.0","","","-0.5","0","66","pm25","98","36","15","55","7","4","1","Moderate","66.3727","3.3333","48.02","0","","","","66.0","66.0","66.0","62.0","66.0","0.0","66.0","64.83","66.0","0.0","0.0","0.1667","66","1","98","98","1","1","0"
"2026-02-26T18:00:00+00:00","Lahore","18","3","2","57","-1.0","-0.0","0.866025","0.5","0.831171","0.556017","0","1","0","0","20.0","53","3.8","131","7.2","1008.6","0","10.1","0","","0.0","0.0","","","-0.5","0","66","pm25","98","36","15","55","7","4","1","Moderate","39.4579","5.7576","51.94","0","","","","66.0","66.0","66.0","62.0","66.0","0.0","66.0","65.0","66.0","0.0","0.0","0.1667","66","1","98","98","1","1","0"
"2026-02-26T19:00:00+00:00","Lahore","19","3","2","57","-0.965926","0.258819","0.866025","0.5","0.831171","0.556017","0","1","0","0","19.1","55","3.6","139","6.8","1008.3","0","9.8","0","","0.0","0.0","","","-0.6","0","66","pm25","98","36","15","55","7","4","1","Moderate","42.1944","5.4545","53.9","0","","","","66.0","66.0","66.0","62.0","66.0","0.0","66.0","65.17","66.0","0.0","0.0","0.1667","66","1","98","98","1","1","0"
"2026-02-26T20:00:00+00:00","Lahore","20","3","2","57","-0.866025","0.5","0.866025","0.5","0.831171","0.556017","0","0","0","0","17.8","59","4.5","166","6.5","1008.4","0","9.6","0","","0.0","0.0","","","-0.7","0","66","pm25","98","36","15","55","7","4","1","Moderate","34.6267","6.8182","57.82","0","","","","66.0","66.0","66.0","62.0","66.0","0.0","66.0","65.33","66.0","0.0","0.0","0.1667","66","1","98","98","1","1","0"
"2026-02-26T21:00:00+00:00","Lahore","21","3","2","57","-0.707107","0.707107","0.866025","0.5","0.831171","0.556017","0","0","0","0","17.5","60","2.3","129","7.9","1008.3","0","9.5","0","","0.0","0.0","","","-0.5","0","66","pm25","98","36","15","55","7","4","1","Moderate","68.1739","3.4848","58.8","0","","","","66.0","66.0","66.0","62.0","66.0","0.0","66.0","65.5","66.0","0.0","0.0","0.1667","66","1","98","98","1","1","0"
"2026-02-26T22:00:00+00:00","Lahore","22","3","2","57","-0.5","0.866025","0.866025","0.5","0.831171","0.556017","0","0","1","0","16.2","65","6.1","66","11.5","1008.1","0","9.7","0","","0.0","0.0","","","-1.0","0","66","pm25","98","36","15","55","7","4","1","Moderate","26.5082","9.2424","63.7","0","","","","66.0","66.0","66.0","62.0","66.0","0.0","66.0","65.67","66.0","0.0","0.0","0.1667","66","1","98","98","1","1","0"
"2026-02-26T23:00:00+00:00","Lahore","23","3","2","57","-0.258819","0.965926","0.866025","0.5","0.831171","0.556017","0","0","1","0","15.1","72","4.7","58","11.2","1007.7","0","10.1","0","","0.0","0.0","","","-0.6","0","66","pm25","98","36","15","55","7","4","1","Moderate","35.8638","7.1212","70.56","0","","","","66.0","66.0","66.0","62.0","66.0","0.0","66.0","65.83","66.0","0.0","0.0","0.1667","66","1","98","98","1","1","0"
"2026-02-27T00:00:00+00:00","Lahore","0","4","2","58","0.0","1.0","0.866025","0.5","0.840618","0.541628","0","0","1","0","15.2","80","1.5","60","8.3","1008.0","0","11.8","0","","0.0","0.0","","","0.4","0","83","pm25","97","29","9","47","2","5","1","Moderate","116.4","1.8072","77.6","0","","","","66.0","66.0","66.0","66.0","66.0","0.0","66.0","66.0","66.0","0.0","0.0","0.0","83","1","97","97","1","1","0"
"2026-02-27T01:00:00+00:00","Lahore","1","4","2","58","0.258819","0.965926","0.866025","0.5","0.840618","0.541628","0","0","1","0","14.8","83","3.7","79","5.8","1008.1","0","11.9","0","","0.0","0.0","","","0.0","0","83","pm25","97","29","9","47","2","5","1","Moderate","47.9757","4.4578","80.51","0","","","","83.0","66.0","66.0","66.0","71.67","8.01","68.83","66.71","83.0","17.0","2.8333","0.7083","83","1","97","97","1","1","1"
"2026-02-27T02:00:00+00:00","Lahore","2","4","2","58","0.5","0.866025","0.866025","0.5","0.840618","0.541628","0","0","1","0","14.8","82","5.2","76","7.9","1008.7","0","11.8","0","","0.0","0.0","","","-0.2","0","83","pm25","97","29","9","47","2","5","1","Moderate","33.95","6.2651","79.54","0","","","","83.0","66.0","66.0","66.0","77.33","8.01","71.67","67.42","83.0","0.0","2.8333","0.7083","83","1","97","97","1","1","0"
"2026-02-27T03:00:00+00:00","Lahore","3","4","2","58","0.707107","0.707107","0.866025","0.5","0.840618","0.541628","0","0","1","0","17.2","70","6.5","84","14.0","1009.2","0","11.8","0","","0.0","0.0","","","-0.3","0","83","pm25","97","29","9","47","2","5","1","Moderate","25.3692","7.8313","67.9","0","","","","83.0","83.0","66.0","66.0","83.0","0.0","74.5","68.12","83.0","0.0","2.8333","0.7083","83","1","97","97","1","1","0"
"2026-02-27T04:00:00+00:00","Lahore","4","4","2","58","0.866025","0.5","0.866025","0.5","0.840618","0.541628","0","0","1","0","21.0","57","3.9","112","14.0","1009.8","0","12.1","3","","0.0","0.0","","","0.1","0","83","pm25","97","29","9","47","2","5","1","Moderate","39.0487","4.6988","55.29","0","","","","83.0","83.0","66.0","66.0","83.0","0.0","77.33","68.83","83.0","0.0","2.8333","0.7083","83","1","97","97","1","1","0"
"2026-02-27T05:00:00+00:00","Lahore","5","4","2","58","0.965926","0.258819","0.866025","0.5","0.840618","0.541628","0","0","1","0","24.3","44","5.5","103","17.6","1009.7","0","11.4","20","","0.0","0.0","","","-0.4","1","83","pm25","97","29","9","47","2","5","1","Moderate","25.3964","6.6265","42.68","0","","","","83.0","83.0","66.0","66.0","83.0","0.0","80.17","69.54","83.0","0.0","2.8333","0.7083","83","1","97","97","1","1","0"
"2026-02-27T06:00:00+00:00","Lahore","6","4","2","58","1.0","0.0","0.866025","0.5","0.840618","0.541628","0","0","0","0","26.2","37","3.2","128","19.4","1009.6","0","10.4","9","","0.0","0.0","","","0.3","0","83","pm25","97","29","9","47","2","5","1","Moderate","41.5281","3.8554","35.89","0","","","","83.0","83.0","83.0","66.0","83.0","0.0","83.0","70.25","83.0","0.0","0.0","0.7083","83","1","97","97","1","1","0"
"2026-02-27T07:00:00+00:00","Lahore","7","4","2","58","0.965926","-0.258819","0.866025","0.5","0.840618","0.541628","0","1","0","0","28.4","30","1.5","144","14.8","1009.0","0","9.3","14","","0.0","0.0","27.39","","0.6","0","83","pm25","97","29","9","47","2","5","1","Moderate","84.0667","1.8072","29.1","0","","","","83.0","83.0","83.0","66.0","83.0","0.0","83.0","70.96","83.0","0.0","0.0","0.7083","83","1","97","97","1","1","0"
"2026-02-27T08:00:00+00:00","Lahore","8","4","2","58","0.866025","-0.5","0.866025","0.5","0.840618","0.541628","0","1","0","0","29.2","26","0.6","124","16.6","1008.1","0","8.0","7","","0.0","0.0","27.83","","0.6","0","83","pm25","97","29","9","47","2","5","1","Moderate","203.7","0.7229","25.22","0","","","","83.0","83.0","83.0","66.0","83.0","0.0","83.0","71.67","83.0","0.0","0.0","0.7083","83","1","97","97","1","1","0"
"2026-02-27T09:00:00+00:00","Lahore","9","4","2","58","0.707107","-0.707107","0.866025","0.5","0.840618","0.541628","0","1","0","0","28.5","24","9.4","220","27.4","1007.6","0","6.2","62","","0.2","0.2","27.21","","-1.7","51","83","pm25","97","29","9","47","2","5","1","Moderate","12.7957","11.3253","23.28","0","","","","83.0","83.0","83.0","66.0","83.0","0.0","83.0","72.38","83.0","0.0","0.0","0.7083","83","1","97","97","1","1","0"
"2026-02-27T10:00:00+00:00","Lahore","10","4","2","58","0.5","-0.866025","0.866025","0.5","0.840618","0.541628","0","0","0","0","28.9","22","5.8","261","27.0","1006.9","0","5.2","48","","0.0","0.0","27.44","","-2.0","1","83","pm25","97","29","9","47","2","5","1","Moderate","20.4034","6.988","21.34","0","","","","83.0","83.0","83.0","66.0","83.0","0.0","83.0","73.08","83.0","0.0","0.0","0.7083","83","1","97","97","1","1","0"
"2026-02-27T11:00:00+00:00","Lahore","11","4","2","58","0.258819","-0.965926","0.866025","0.5","0.840618","0.541628","0","0","0","0","28.6","23","4.4","212","20.5","1006.1","0","5.2","21","","0.0","0.0","27.25","","-1.8","1","83","pm25","97","29","9","47","2","5","1","Moderate","27.1159","5.3012","22.31","0","","","","83.0","83.0","83.0","66.0","83.0","0.0","83.0","73.79","83.0","0.0","0.0","0.7083","83","1","97","97","1","1","0"
"2026-02-27T12:00:00+00:00","Lahore","12","4","2","58","0.0","-1.0","0.866025","0.5","0.840618","0.541628","0","0","0","0","28.1","25","4.9","186","15.1","1005.8","0","6.2","38","","0.0","0.0","26.96","","-1.6","1","83","pm25","97","29","9","47","2","5","1","Moderate","24.7449","5.9036","24.25","0","","","","83.0","83.0","83.0","66.0","83.0","0.0","83.0","74.5","83.0","0.0","0.0","0.7083","83","1","97","97","1","1","0"
"2026-02-27T13:00:00+00:00","Lahore","13","4","2","58","-0.258819","-0.965926","0.866025","0.5","0.840618","0.541628","0","0","0","0","26.5","28","5.6","180","12.6","1006.2","0","6.7","30","","0.0","0.0","","","-1.7","1","83","pm25","97","29","9","47","2","5","1","Moderate","22.1714","6.747","27.16","0","","","","83.0","83.0","83.0","66.0","83.0","0.0","83.0","75.21","83.0","0.0","0.0","0.7083","83","1","97","97","1","1","0"
"2026-02-27T14:00:00+00:00","Lahore","14","4","2","58","-0.5","-0.866025","0.866025","0.5","0.840618","0.541628","0","0","0","0","25.1","32","3.9","233","11.5","1007.0","0","7.1","76","","0.0","0.0","","","-1.3","2","83","pm25","97","29","9","47","2","5","1","Moderate","32.8308","4.6988","31.04","0","","","","83.0","83.0","83.0","66.0","83.0","0.0","83.0","75.92","83.0","0.0","0.0","0.7083","83","1","97","97","1","1","0"
"2026-02-27T15:00:00+00:00","Lahore","15","4","2","58","-0.707107","-0.707107","0.866025","0.5","0.840618","0.541628","0","0","0","0","24.5","35","1.2","27","7.2","1007.2","0","7.8","44","","0.0","0.0","","","-0.7","1","83","pm25","97","29","9","47","2","5","1","Moderate","109.125","1.4458","33.95","0","","","","83.0","83.0","83.0","66.0","83.0","0.0","83.0","76.62","83.0","0.0","0.0","0.7083","83","1","97","97","1","1","0"
"2026-02-27T16:00:00+00:00","Lahore","16","4","2","58","-0.866025","-0.5","0.866025","0.5","0.840618","0.541628","0","0","0","0","22.8","37","4.4","58","7.9","1007.5","0","7.3","0","","0.0","0.0","","","-1.4","0","83","pm25","97","29","9","47","2","5","1","Moderate","30.2023","5.3012","35.89","0","","","","83.0","83.0","83.0","66.0","83.0","0.0","83.0","77.33","83.0","0.0","0.0","0.7083","83","1","97","97","1","1","0"
"2026-02-27T17:00:00+00:00","Lahore","17","4","2","58","-0.965926","-0.258819","0.866025","0.5","0.840618","0.541628","0","1","0","0","21.4","42","5.6","45","9.7","1007.3","0","8.0","0","","0.0","0.0","","","-1.4","0","83","pm25","97","29","9","47","2","5","1","Moderate","24.5964","6.747","40.74","0","","","","83.0","83.0","83.0","66.0","83.0","0.0","83.0","78.04","83.0","0.0","0.0","0.7083","83","1","97","97","1","1","0"
"2026-02-27T18:00:00+00:00","Lahore","18","4","2","58","-1.0","-0.0","0.866025","0.5","0.840618","0.541628","0","1","0","0","21.3","51","8.8","59","16.2","1007.3","0","10.6","0","","0.0","0.0","","","-1.1","0","83","pm25","97","29","9","47","2","5","1","Moderate","16.6443","10.6024","49.47","0","","","","83.0","83.0","83.0","66.0","83.0","0.0","83.0","78.75","83.0","0.0","0.0","0.7083","83","1","97","97","1","1","0"
"2026-02-27T19:00:00+00:00","Lahore","19","4","2","58","-0.965926","0.258819","0.866025","0.5","0.840618","0.541628","0","1","0","0","20.5","64","8.7","66","17.6","1007.3","0","13.6","0","","0.0","0.0","","","-0.1","0","83","pm25","97","29","9","47","2","5","1","Moderate","18.2851","10.4819","62.08","0","","","","83.0","83.0","83.0","66.0","83.0","0.0","83.0","79.46","83.0","0.0","0.0","0.7083","83","1","97","97","1","1","0"
"2026-02-27T20:00:00+00:00","Lahore","20","4","2","58","-0.866025","0.5","0.866025","0.5","0.840618","0.541628","0","0","0","0","19.7","76","6.6","68","16.2","1007.6","0","15.4","10","","0.0","0.0","","","0.9","0","83","pm25","97","29","9","47","2","5","1","Moderate","25.8667","7.9518","73.72","0","","","","83.0","83.0","83.0","66.0","83.0","0.0","83.0","80.17","83.0","0.0","0.0","0.7083","83","1","97","97","1","1","0"
"2026-02-27T21:00:00+00:00","Lahore","21","4","2","58","-0.707107","0.707107","0.866025","0.5","0.840618","0.541628","0","0","0","0","19.1","80","6.3","70","11.9","1007.7","0","15.5","17","","0.0","0.0","","","0.9","0","83","pm25","97","29","9","47","2","5","1","Moderate","27.7143","7.5904","77.6","0","","","","83.0","83.0","83.0","66.0","83.0","0.0","83.0","80.88","83.0","0.0","0.0","0.7083","83","1","97","97","1","1","0"
"2026-02-27T22:00:00+00:00","Lahore","22","4","2","58","-0.5","0.866025","0.866025","0.5","0.840618","0.541628","0","0","1","0","18.2","83","5.1","67","11.5","1007.5","0","15.2","0","","0.0","0.0","","","1.1","0","83","pm25","97","29","9","47","2","5","1","Moderate","34.8059","6.1446","80.51","0","","","","83.0","83.0","83.0","66.0","83.0","0.0","83.0","81.58","83.0","0.0","0.0","0.7083","83","1","97","97","1","1","0"
"2026-02-27T23:00:00+00:00","Lahore","23","4","2","58","-0.258819","0.965926","0.866025","0.5","0.840618","0.541628","0","0","1","0","17.4","84","4.4","97","9.0","1007.4","0","14.8","1","","0.0","0.0","","","0.9","0","83","pm25","97","29","9","47","2","5","1","Moderate","40.5636","5.3012","81.48","0","","","","83.0","83.0","83.0","66.0","83.0","0.0","83.0","82.29","83.0","0.0","0.0","0.7083","83","1","97","97","1","1","0"
"2026-02-28T00:00:00+00:00","Lahore","0","5","2","59","0.0","1.0","0.866025","0.5","0.849817","0.527078","1","0","1","0","17.1","89","0.9","349","7.2","1007.3","0","15.3","0","","0.0","0.0","","","1.7","0","66","pm25","94","26","15","53","9","9","1","Moderate","197.4","1.3636","83.66","0","","","","83.0","83.0","83.0","83.0","83.0","0.0","83.0","83.0","83.0","0.0","0.0","0.0","66","1","94","94","1","1","0"
"2026-02-28T01:00:00+00:00","Lahore","1","5","2","59","0.258819","0.965926","0.866025","0.5","0.849817","0.527078","1","0","1","0","17.0","90","0.6","18","3.2","1007.6","0","15.4","0","","0.0","0.0","","","1.7","0","66","pm25","94","26","15","53","9","9","1","Moderate","297.6667","0.9091","84.6","0","","","","66.0","83.0","83.0","83.0","77.33","8.01","80.17","82.29","83.0","-17.0","-2.8333","-0.7083","66","1","94","94","1","1","-1"
"2026-02-28T02:00:00+00:00","Lahore","2","5","2","59","0.5","0.866025","0.866025","0.5","0.849817","0.527078","1","0","1","0","16.4","94","2.6","56","3.6","1008.3","0","15.4","4","","0.0","0.0","","","1.4","0","66","pm25","94","26","15","53","9","9","1","Moderate","70.1385","3.9394","88.36","0","","","","66.0","83.0","83.0","83.0","71.67","8.01","77.33","81.58","83.0","0.0","-2.8333","-0.7083","66","1","94","94","1","1","0"
"2026-02-28T03:00:00+00:00","Lahore","3","5","2","59","0.707107","0.707107","0.866025","0.5","0.849817","0.527078","1","0","1","0","18.2","85","6.5","39","14.0","1009.4","0","15.7","1","","0.0","0.0","","","1.0","0","66","pm25","94","26","15","53","9","9","1","Moderate","26.7538","9.8485","79.9","0","","","","66.0","66.0","83.0","83.0","66.0","0.0","74.5","80.88","83.0","0.0","-2.8333","-0.7083","66","1","94","94","1","1","0"
"2026-02-28T04:00:00+00:00","Lahore","4","5","2","59","0.866025","0.5","0.866025","0.5","0.849817","0.527078","1","0","1","0","21.1","72","4.8","42","15.1","1010.1","0","15.9","0","","0.0","0.0","","","1.3","0","66","pm25","94","26","15","53","9","9","1","Moderate","33.6833","7.2727","67.68","0","","","","66.0","66.0","83.0","83.0","66.0","0.0","71.67","80.17","83.0","0.0","-2.8333","-0.7083","66","1","94","94","1","1","0"
"2026-02-28T05:00:00+00:00","Lahore","5","5","2","59","0.965926","0.258819","0.866025","0.5","0.849817","0.527078","1","0","1","0","24.1","59","5.0","38","18.0","1010.1","0","15.6","0","","0.0","0.0","","","1.2","0","66","pm25","94","26","15","53","9","9","1","Moderate","29.892","7.5758","55.46","0","","","","66.0","66.0","83.0","83.0","66.0","0.0","68.83","79.46","83.0","0.0","-2.8333","-0.7083","66","1","94","94","1","1","0"
"2026-02-28T06:00:00+00:00","Lahore","6","5","2","59","1.0","0.0","0.866025","0.5","0.849817","0.527078","1","0","0","0","26.4","46","5.1","18","19.1","1010.2","0","13.9","0","","0.0","0.0","","","1.1","0","66","pm25","94","26","15","53","9","9","1","Moderate","26.9098","7.7273","43.24","0","","","","66.0","66.0","66.0","83.0","66.0","0.0","66.0","78.75","83.0","0.0","0.0","-0.7083","66","1","94","94","1","1","0"
"2026-02-28T07:00:00+00:00","Lahore","7","5","2","59","0.965926","-0.258819","0.866025","0.5","0.849817","0.527078","1","1","0","0","28.2","36","5.0","13","20.2","1009.5","0","11.6","8","","0.0","0.0","27.57","","0.9","0","66","pm25","94","26","15","53","9","9","1","Moderate","25.568","7.5758","33.84","0","","","","66.0","66.0","66.0","83.0","66.0","0.0","66.0","78.04","83.0","0.0","0.0","-0.7083","66","1","94","94","1","1","0"
"2026-02-28T08:00:00+00:00","Lahore","8","5","2","59","0.866025","-0.5","0.866025","0.5","0.849817","0.527078","1","1","0","0","29.1","29","5.4","354","20.9","1008.5","0","9.2","13","","0.0","0.0","27.9","","0.1","0","66","pm25","94","26","15","53","9","9","1","Moderate","22.4556","8.1818","27.26","0","","","","66.0","66.0","66.0","83.0","66.0","0.0","66.0","77.33","83.0","0.0","0.0","-0.7083","66","1","94","94","1","1","0"
"2026-02-28T09:00:00+00:00","Lahore","9","5","2","59","0.707107","-0.707107","0.866025","0.5","0.849817","0.527078","1","1","0","0","29.5","25","6.8","342","22.7","1007.4","0","7.7","11","","0.0","0.0","28.02","","-1.2","0","66","pm25","94","26","15","53","9","9","1","Moderate","17.2794","10.303","23.5","0","","","","66.0","66.0","66.0","83.0","66.0","0.0","66.0","76.62","83.0","0.0","0.0","-0.7083","66","1","94","94","1","1","0"
"2026-02-28T10:00:00+00:00","Lahore","10","5","2","59","0.5","-0.866025","0.866025","0.5","0.849817","0.527078","1","0","0","0","29.6","24","8.3","333","24.1","1007.1","0","6.8","11","","0.0","0.0","28.06","","-2.0","0","66","pm25","94","26","15","53","9","9","1","Moderate","14.0434","12.5758","22.56","0","","","","66.0","66.0","66.0","83.0","66.0","0.0","66.0","75.92","83.0","0.0","0.0","-0.7083","66","1","94","94","1","1","0"
"2026-02-28T11:00:00+00:00","Lahore","11","5","2","59","0.258819","-0.965926","0.866025","0.5","0.849817","0.527078","1","0","0","0","29.1","24","9.4","324","24.8","1006.7","0","6.7","38","","0.0","0.0","27.66","","-2.2","1","66","pm25","94","26","15","53","9","9","1","Moderate","12.4","14.2424","22.56","0","","","","66.0","66.0","66.0","83.0","66.0","0.0","66.0","75.21","83.0","0.0","0.0","-0.7083","66","1","94","94","1","1","0"
"2026-02-28T12:00:00+00:00","Lahore","12","5","2","59","0.0","-1.0","0.866025","0.5","0.849817","0.527078","1","0","0","0","28.5","24","10.0","319","24.8","1006.8","0","5.8","2","","0.0","0.0","27.21","","-2.5","0","66","pm25","94","26","15","53","9","9","1","Moderate","11.656","15.1515","22.56","0","","","","66.0","66.0","66.0","83.0","66.0","0.0","66.0","74.5","83.0","0.0","0.0","-0.7083","66","1","94","94","1","1","0"
"2026-02-28T13:00:00+00:00","Lahore","13","5","2","59","-0.258819","-0.965926","0.866025","0.5","0.849817","0.527078","1","0","0","0","26.9","29","8.2","310","22.3","1007.3","0","7.6","0","","0.0","0.0","","","-1.8","0","66","pm25","94","26","15","53","9","9","1","Moderate","14.7878","12.4242","27.26","0","","","","66.0","66.0","66.0","83.0","66.0","0.0","66.0","73.79","83.0","0.0","0.0","-0.7083","66","1","94","94","1","1","0"
"2026-02-28T14:00:00+00:00","Lahore","14","5","2","59","-0.5","-0.866025","0.866025","0.5","0.849817","0.527078","1","0","0","0","25.3","40","8.6","296","17.6","1007.9","0","10.6","0","","0.0","0.0","","","-1.1","0","66","pm25","94","26","15","53","9","9","1","Moderate","15.3023","13.0303","37.6","0","","","","66.0","66.0","66.0","83.0","66.0","0.0","66.0","73.08","83.0","0.0","0.0","-0.7083","66","1","94","94","1","1","0"
"2026-02-28T15:00:00+00:00","Lahore","15","5","2","59","-0.707107","-0.707107","0.866025","0.5","0.849817","0.527078","1","0","0","0","24.0","46","7.5","294","17.3","1008.2","0","11.6","0","","0.0","0.0","","","-0.6","0","66","pm25","94","26","15","53","9","9","1","Moderate","18.2987","11.3636","43.24","0","","","","66.0","66.0","66.0","83.0","66.0","0.0","66.0","72.38","83.0","0.0","0.0","-0.7083","66","1","94","94","1","1","0"
"2026-02-28T16:00:00+00:00","Lahore","16","5","2","59","-0.866025","-0.5","0.866025","0.5","0.849817","0.527078","1","0","0","0","22.9","49","5.8","279","14.8","1008.6","0","11.6","0","","0.0","0.0","","","-0.3","0","66","pm25","94","26","15","53","9","9","1","Moderate","24.1483","8.7879","46.06","0","","","","66.0","66.0","66.0","83.0","66.0","0.0","66.0","71.67","83.0","0.0","0.0","-0.7083","66","1","94","94","1","1","0"
"2026-02-28T17:00:00+00:00","Lahore","17","5","2","59","-0.965926","-0.258819","0.866025","0.5","0.849817","0.527078","1","1","0","0","22.1","51","5.8","268","11.5","1008.8","0","11.5","0","","0.0","0.0","","","-0.4","0","66","pm25","94","26","15","53","9","9","1","Moderate","24.4724","8.7879","47.94","0","","","","66.0","66.0","66.0","83.0","66.0","0.0","66.0","70.96","83.0","0.0","0.0","-0.7083","66","1","94","94","1","1","0"
"2026-02-28T18:00:00+00:00","Lahore","18","5","2","59","-1.0","-0.0","0.866025","0.5","0.849817","0.527078","1","1","0","0","21.1","59","6.0","277","10.8","1008.7","0","12.9","0","","0.0","0.0","","","0.1","0","66","pm25","94","26","15","53","9","9","1","Moderate","24.91","9.0909","55.46","0","","","","66.0","66.0","66.0","83.0","66.0","0.0","66.0","70.25","83.0","0.0","0.0","-0.7083","66","1","94","94","1","1","0"
"2026-02-28T19:00:00+00:00","Lahore","19","5","2","59","-0.965926","0.258819","0.866025","0.5","0.849817","0.527078","1","1","0","0","21.1","58","6.8","282","13.0","1008.7","0","12.6","0","","0.0","0.0","","","-0.1","0","66","pm25","94","26","15","53","9","9","1","Moderate","21.8412","10.303","54.52","0","","","","66.0","66.0","66.0","83.0","66.0","0.0","66.0","69.54","83.0","0.0","0.0","-0.7083","66","1","94","94","1","1","0"
"2026-02-28T20:00:00+00:00","Lahore","20","5","2","59","-0.866025","0.5","0.866025","0.5","0.849817","0.527078","1","0","0","0","20.5","60","7.1","306","13.0","1008.7","0","12.4","0","","0.0","0.0","","","-0.3","0","66","pm25","94","26","15","53","9","9","1","Moderate","21.1831","10.7576","56.4","0","","","","66.0","66.0","66.0","83.0","66.0","0.0","66.0","68.83","83.0","0.0","0.0","-0.7083","66","1","94","94","1","1","0"
"2026-02-28T21:00:00+00:00","Lahore","21","5","2","59","-0.707107","0.707107","0.866025","0.5","0.849817","0.527078","1","0","0","0","19.8","64","8.1","317","16.6","1008.5","0","12.7","0","","0.0","0.0","","","-0.4","0","66","pm25","94","26","15","53","9","9","1","Moderate","19.0321","12.2727","60.16","0","","","","66.0","66.0","66.0","83.0","66.0","0.0","66.0","68.12","83.0","0.0","0.0","-0.7083","66","1","94","94","1","1","0"
"2026-02-28T22:00:00+00:00","Lahore","22","5","2","59","-0.5","0.866025","0.866025","0.5","0.849817","0.527078","1","0","1","0","19.2","65","8.2","331","15.5","1008.4","0","12.6","0","","0.0","0.0","","","-0.4","0","66","pm25","94","26","15","53","9","9","1","Moderate","18.9146","12.4242","61.1","0","","","","66.0","66.0","66.0","83.0","66.0","0.0","66.0","67.42","83.0","0.0","0.0","-0.7083","66","1","94","94","1","1","0"
"2026-02-28T23:00:00+00:00","Lahore","23","5","2","59","-0.258819","0.965926","0.866025","0.5","0.849817","0.527078","1","0","1","0","18.2","68","7.9","349","15.5","1008.1","0","12.2","0","","0.0","0.0","","","-0.5","0","66","pm25","94","26","15","53","9","9","1","Moderate","19.9899","11.9697","63.92","0","","","","66.0","66.0","66.0","83.0","66.0","0.0","66.0","66.71","83.0","0.0","0.0","-0.7083","66","1","94","94","1","1","0"
"2026-03-01T00:00:00+00:00","Lahore","0","6","3","60","0.0","1.0","1.0","0.0","0.858764","0.512371","1","0","1","1","17.5","69","5.8","330","14.8","1008.0","0","11.8","0","","0.0","0.0","","","-0.3","0","46","pm25","60","5","10","45","4","2","0","Good","17.4828","12.6087","41.4","0","","","","66.0","66.0","66.0","66.0","66.0","0.0","66.0","66.0","66.0","0.0","0.0","0.0","46","0","60","60","0","0","0"
"2026-03-01T01:00:00+00:00","Lahore","1","6","3","60","0.258819","0.965926","1.0","0.0","0.858764","0.512371","1","0","1","1","17.0","70","5.5","333","10.4","1008.5","0","11.5","0","","0.0","0.0","","","-0.4","0","46","pm25","60","5","10","45","4","2","0","Good","18.5455","11.9565","42.0","0","","","","46.0","66.0","66.0","66.0","59.33","9.43","62.67","65.17","66.0","-20.0","-3.3333","-0.8333","46","0","60","60","0","0","-1"
"2026-03-01T02:00:00+00:00","Lahore","2","6","3","60","0.5","0.866025","1.0","0.0","0.858764","0.512371","1","0","1","1","16.3","73","4.9","352","10.1","1009.0","0","11.4","0","","0.0","0.0","","","-0.3","0","46","pm25","60","5","10","45","4","2","0","Good","21.1837","10.6522","43.8","0","","","","46.0","66.0","66.0","66.0","52.67","9.43","59.33","64.33","66.0","0.0","-3.3333","-0.8333","46","0","60","60","0","0","0"
"2026-03-01T03:00:00+00:00","Lahore","3","6","3","60","0.707107","0.707107","1.0","0.0","0.858764","0.512371","1","0","1","1","18.1","64","7.5","27","14.8","1009.6","0","11.2","0","","0.0","0.0","","","-0.7","0","46","pm25","60","5","10","45","4","2","0","Good","13.12","16.3043","38.4","0","","","","46.0","46.0","66.0","66.0","46.0","0.0","56.0","63.5","66.0","0.0","-3.3333","-0.8333","46","0","60","60","0","0","0"
"2026-03-01T04:00:00+00:00","Lahore","4","6","3","60","0.866025","0.5","1.0","0.0","0.858764","0.512371","1","0","1","1","21.1","52","3.0","33","16.6","1010.1","0","10.9","0","","0.0","0.0","","","-0.1","0","46","pm25","60","5","10","45","4","2","0","Good","30.4","6.5217","31.2","0","","","","46.0","46.0","66.0","66.0","46.0","0.0","52.67","62.67","66.0","0.0","-3.3333","-0.8333","46","0","60","60","0","0","0"
"2026-03-01T05:00:00+00:00","Lahore","5","6","3","60","0.965926","0.258819","1.0","0.0","0.858764","0.512371","1","0","1","1","24.1","40","2.8","281","14.8","1010.4","0","9.6","0","","0.0","0.0","","","-0.5","0","46","pm25","60","5","10","45","4","2","0","Good","30.0","6.087","24.0","0","","","","46.0","46.0","66.0","66.0","46.0","0.0","49.33","61.83","66.0","0.0","-3.3333","-0.8333","46","0","60","60","0","0","0"
"2026-03-01T06:00:00+00:00","Lahore","6","6","3","60","1.0","0.0","1.0","0.0","0.858764","0.512371","1","0","0","1","27.0","30","5.5","308","16.9","1010.3","0","8.0","0","","0.0","0.0","","","-0.6","0","46","pm25","60","5","10","45","4","2","0","Good","14.1818","11.9565","18.0","0","","","","46.0","46.0","46.0","66.0","46.0","0.0","46.0","61.0","66.0","0.0","0.0","-0.8333","46","0","60","60","0","0","0"
"2026-03-01T07:00:00+00:00","Lahore","7","6","3","60","0.965926","-0.258819","1.0","0.0","0.858764","0.512371","1","1","0","1","29.0","22","8.2","311","25.6","1009.9","0","4.9","0","","0.0","0.0","27.52","","-1.2","0","46","pm25","60","5","10","45","4","2","0","Good","8.9268","17.8261","13.2","0","","","","46.0","46.0","46.0","66.0","46.0","0.0","46.0","60.17","66.0","0.0","0.0","-0.8333","46","0","60","60","0","0","0"
"2026-03-01T08:00:00+00:00","Lahore","8","6","3","60","0.866025","-0.5","1.0","0.0","0.858764","0.512371","1","1","0","1","29.9","18","10.7","306","29.9","1009.3","0","3.0","0","","0.0","0.0","28.11","","-2.0","0","46","pm25","60","5","10","45","4","2","0","Good","6.6168","23.2609","10.8","0","","","","46.0","46.0","46.0","66.0","46.0","0.0","46.0","59.33","66.0","0.0","0.0","-0.8333","46","0","60","60","0","0","0"
"2026-03-01T09:00:00+00:00","Lahore","9","6","3","60","0.707107","-0.707107","1.0","0.0","0.858764","0.512371","1","1","0","1","30.1","18","11.2","303","31.0","1008.6","0","3.5","0","","0.0","0.0","28.27","","-2.3","0","46","pm25","60","5","10","45","4","2","0","Good","6.3214","24.3478","10.8","0","","","","46.0","46.0","46.0","66.0","46.0","0.0","46.0","58.5","66.0","0.0","0.0","-0.8333","46","0","60","60","0","0","0"
"2026-03-01T10:00:00+00:00","Lahore","10","6","3","60","0.5","-0.866025","1.0","0.0","0.858764","0.512371","1","0","0","1","30.1","18","11.2","294","30.6","1008.3","0","3.5","0","","0.0","0.0","28.27","","-3.0","0","46","pm25","60","5","10","45","4","2","0","Good","6.3214","24.3478","10.8","0","","","","46.0","46.0","46.0","66.0","46.0","0.0","46.0","57.67","66.0","0.0","0.0","-0.8333","46","0","60","60","0","0","0"
"2026-03-01T11:00:00+00:00","Lahore","11","6","3","60","0.258819","-0.965926","1.0","0.0","0.858764","0.512371","1","0","0","1","29.5","20","11.7","288","29.9","1008.0","0","4.2","1","","0.0","0.0","27.84","","-3.2","0","46","pm25","60","5","10","45","4","2","0","Good","6.1538","25.4348","12.0","0","","","","46.0","46.0","46.0","66.0","46.0","0.0","46.0","56.83","66.0","0.0","0.0","-0.8333","46","0","60","60","0","0","0"
"2026-03-01T12:00:00+00:00","Lahore","12","6","3","60","0.0","-1.0","1.0","0.0","0.858764","0.512371","1","0","0","1","28.6","21","11.0","285","29.2","1008.0","0","3.9","0","","0.0","0.0","27.19","","-3.0","0","46","pm25","60","5","10","45","4","2","0","Good","6.6","23.913","12.6","0","","","","46.0","46.0","46.0","66.0","46.0","0.0","46.0","56.0","66.0","0.0","0.0","-0.8333","46","0","60","60","0","0","0"
"2026-03-01T13:00:00+00:00","Lahore","13","6","3","60","-0.258819","-0.965926","1.0","0.0","0.858764","0.512371","1","0","0","1","27.1","25","7.7","291","23.8","1008.6","0","5.7","0","","0.0","0.0","26.3","","-2.2","0","46","pm25","60","5","10","45","4","2","0","Good","9.7403","16.7391","15.0","0","","","","46.0","46.0","46.0","66.0","46.0","0.0","46.0","55.17","66.0","0.0","0.0","-0.8333","46","0","60","60","0","0","0"
"2026-03-01T14:00:00+00:00","Lahore","14","6","3","60","-0.5","-0.866025","1.0","0.0","0.858764","0.512371","1","0","0","1","25.5","31","4.7","288","15.1","1009.3","0","7.1","0","","0.0","0.0","","","-1.4","0","46","pm25","60","5","10","45","4","2","0","Good","16.7234","10.2174","18.6","0","","","","46.0","46.0","46.0","66.0","46.0","0.0","46.0","54.33","66.0","0.0","0.0","-0.8333","46","0","60","60","0","0","0"
"2026-03-01T15:00:00+00:00","Lahore","15","6","3","60","-0.707107","-0.707107","1.0","0.0","0.858764","0.512371","1","0","0","1","24.7","35","2.3","302","8.6","1009.7","0","8.1","0","","0.0","0.0","","","-0.9","0","46","pm25","60","5","10","45","4","2","0","Good","35.2174","5.0","21.0","0","","","","46.0","46.0","46.0","66.0","46.0","0.0","46.0","53.5","66.0","0.0","0.0","-0.8333","46","0","60","60","0","0","0"
"2026-03-01T16:00:00+00:00","Lahore","16","6","3","60","-0.866025","-0.5","1.0","0.0","0.858764","0.512371","1","0","0","1","23.8","37","2.4","261","4.7","1010.1","0","8.3","4","","0.0","0.0","","","-0.8","0","46","pm25","60","5","10","45","4","2","0","Good","34.25","5.2174","22.2","0","","","","46.0","46.0","46.0","66.0","46.0","0.0","46.0","52.67","66.0","0.0","0.0","-0.8333","46","0","60","60","0","0","0"
"2026-03-01T17:00:00+00:00","Lahore","17","6","3","60","-0.965926","-0.258819","1.0","0.0","0.858764","0.512371","1","1","0","1","22.8","39","3.3","241","5.8","1010.4","0","8.3","0","","0.0","0.0","","","-0.9","0","46","pm25","60","5","10","45","4","2","0","Good","25.2727","7.1739","23.4","0","","","","46.0","46.0","46.0","66.0","46.0","0.0","46.0","51.83","66.0","0.0","0.0","-0.8333","46","0","60","60","0","0","0"
"2026-03-01T18:00:00+00:00","Lahore","18","6","3","60","-1.0","-0.0","1.0","0.0","0.858764","0.512371","1","1","0","1","21.9","47","6.9","245","10.4","1010.6","0","10.2","0","","0.0","0.0","","","-0.9","0","46","pm25","60","5","10","45","4","2","0","Good","12.7826","15.0","28.2","0","","","","46.0","46.0","46.0","66.0","46.0","0.0","46.0","51.0","66.0","0.0","0.0","-0.8333","46","0","60","60","0","0","0"
"2026-03-01T19:00:00+00:00","Lahore","19","6","3","60","-0.965926","0.258819","1.0","0.0","0.858764","0.512371","1","1","0","1","21.5","49","6.0","263","12.2","1010.6","0","10.3","0","","0.0","0.0","","","-0.8","0","46","pm25","60","5","10","45","4","2","0","Good","14.9","13.0435","29.4","0","","","","46.0","46.0","46.0","66.0","46.0","0.0","46.0","50.17","66.0","0.0","0.0","-0.8333","46","0","60","60","0","0","0"
"2026-03-01T20:00:00+00:00","Lahore","20","6","3","60","-0.866025","0.5","1.0","0.0","0.858764","0.512371","1","0","0","1","20.6","52","6.1","270","10.1","1010.7","0","10.5","23","","0.0","0.0","","","-0.7","1","46","pm25","60","5","10","45","4","2","0","Good","14.9508","13.2609","31.2","0","","","","46.0","46.0","46.0","66.0","46.0","0.0","46.0","49.33","66.0","0.0","0.0","-0.8333","46","0","60","60","0","0","0"
"2026-03-01T21:00:00+00:00","Lahore","21","6","3","60","-0.707107","0.707107","1.0","0.0","0.858764","0.512371","1","0","0","1","19.4","57","4.4","322","9.7","1010.1","0","10.6","29","","0.0","0.0","","","-0.5","1","46","pm25","60","5","10","45","4","2","0","Good","21.4091","9.5652","34.2","0","","","","46.0","46.0","46.0","66.0","46.0","0.0","46.0","48.5","66.0","0.0","0.0","-0.8333","46","0","60","60","0","0","0"
"2026-03-01T22:00:00+00:00","Lahore","22","6","3","60","-0.5","0.866025","1.0","0.0","0.858764","0.512371","1","0","1","1","18.5","60","3.1","320","6.8","1009.9","0","10.6","4","","0.0","0.0","","","-0.3","0","46","pm25","60","5","10","45","4","2","0","Good","30.9677","6.7391","36.0","0","","","","46.0","46.0","46.0","66.0","46.0","0.0","46.0","47.67","66.0","0.0","0.0","-0.8333","46","0","60","60","0","0","0"
"2026-03-01T23:00:00+00:00","Lahore","23","6","3","60","-0.258819","0.965926","1.0","0.0","0.858764","0.512371","1","0","1","1","17.2","65","4.7","7","7.6","1010.2","0","10.6","38","","0.0","0.0","","","-0.5","1","46","pm25","60","5","10","45","4","2","0","Good","21.0638","10.2174","39.0","0","","","","46.0","46.0","46.0","66.0","46.0","0.0","46.0","46.83","66.0","0.0","0.0","-0.8333","46","0","60","60","0","0","0"
"2026-03-02T00:00:00+00:00","Lahore","0","0","3","61","0.0","1.0","1.0","0.0","0.867456","0.497513","0","0","1","1","17.0","72","5.9","337","10.8","1010.1","0","11.9","0","","0.0","0.0","","","-0.3","0","43","pm25","80","23","8","44","2","3","0","Good","23.322","13.7209","57.6","0","","","","46.0","46.0","46.0","46.0","46.0","0.0","46.0","46.0","46.0","0.0","0.0","0.0","43","0","80","80","0","0","0"
"2026-03-02T01:00:00+00:00","Lahore","1","0","3","61","0.258819","0.965926","1.0","0.0","0.867456","0.497513","0","0","1","1","17.4","68","6.1","330","10.4","1010.6","0","11.4","36","","0.0","0.0","","","-0.5","1","43","pm25","80","23","8","44","2","3","0","Good","22.0328","14.186","54.4","0","","","","43.0","46.0","46.0","46.0","45.0","1.41","45.5","45.88","46.0","-3.0","-0.5","-0.125","43","0","80","80","0","0","0"
"2026-03-02T02:00:00+00:00","Lahore","2","0","3","61","0.5","0.866025","1.0","0.0","0.867456","0.497513","0","0","1","1","17.5","64","6.7","341","11.9","1011.0","0","10.7","40","","0.0","0.0","","","-0.7","1","43","pm25","80","23","8","44","2","3","0","Good","19.5821","15.5814","51.2","0","","","","43.0","46.0","46.0","46.0","44.0","1.41","45.0","45.75","46.0","0.0","-0.5","-0.125","43","0","80","80","0","0","0"
"2026-03-02T03:00:00+00:00","Lahore","3","0","3","61","0.707107","0.707107","1.0","0.0","0.867456","0.497513","0","0","1","1","18.8","57","7.6","1","14.8","1011.9","0","10.1","13","","0.0","0.0","","","-1.0","0","43","pm25","80","23","8","44","2","3","0","Good","16.5263","17.6744","45.6","0","","","","43.0","43.0","46.0","46.0","43.0","0.0","44.5","45.62","46.0","0.0","-0.5","-0.125","43","0","80","80","0","0","0"
"2026-03-02T04:00:00+00:00","Lahore","4","0","3","61","0.866025","0.5","1.0","0.0","0.867456","0.497513","0","0","1","1","21.4","45","4.6","11","15.5","1012.9","0","8.9","5","","0.0","0.0","","","-1.0","0","43","pm25","80","23","8","44","2","3","0","Good","25.2174","10.6977","36.0","0","","","","43.0","43.0","46.0","46.0","43.0","0.0","44.0","45.5","46.0","0.0","-0.5","-0.125","43","0","80","80","0","0","0"
"2026-03-02T05:00:00+00:00","Lahore","5","0","3","61","0.965926","0.258819","1.0","0.0","0.867456","0.497513","0","0","1","1","24.5","33","4.4","9","16.9","1013.2","0","7.4","4","","0.0","0.0","","","-1.3","0","43","pm25","80","23","8","44","2","3","0","Good","24.1818","10.2326","26.4","0","","","","43.0","43.0","46.0","46.0","43.0","0.0","43.5","45.38","46.0","0.0","-0.5","-0.125","43","0","80","80","0","0","0"
"2026-03-02T06:00:00+00:00","Lahore","6","0","3","61","1.0","0.0","1.0","0.0","0.867456","0.497513","0","0","0","1","26.8","27","6.0","355","19.4","1013.5","0","6.4","23","","0.0","0.0","","","-1.1","1","43","pm25","80","23","8","44","2","3","0","Good","16.9333","13.9535","21.6","0","","","","43.0","43.0","43.0","46.0","43.0","0.0","43.0","45.25","46.0","0.0","0.0","-0.125","43","0","80","80","0","0","0"
"2026-03-02T07:00:00+00:00","Lahore","7","0","3","61","0.965926","-0.258819","1.0","0.0","0.867456","0.497513","0","1","0","1","28.9","23","7.2","342","23.8","1013.1","0","5.6","52","","0.0","0.0","27.47","","-0.9","2","43","pm25","80","23","8","44","2","3","0","Good","13.6667","16.7442","18.4","0","","","","43.0","43.0","43.0","46.0","43.0","0.0","43.0","45.12","46.0","0.0","0.0","-0.125","43","0","80","80","0","0","0"
"2026-03-02T08:00:00+00:00","Lahore","8","0","3","61","0.866025","-0.5","1.0","0.0","0.867456","0.497513","0","1","0","1","29.9","20","9.6","326","28.1","1012.3","0","4.2","13","","0.0","0.0","28.16","","-1.5","0","43","pm25","80","23","8","44","2","3","0","Good","10.0","22.3256","16.0","0","","","","43.0","43.0","43.0","46.0","43.0","0.0","43.0","45.0","46.0","0.0","0.0","-0.125","43","0","80","80","0","0","0"
"2026-03-02T09:00:00+00:00","Lahore","9","0","3","61","0.707107","-0.707107","1.0","0.0","0.867456","0.497513","0","1","0","1","30.3","19","10.7","314","29.9","1011.5","0","4.0","0","","0.0","0.0","28.45","","-2.1","0","43","pm25","80","23","8","44","2","3","0","Good","8.8972","24.8837","15.2","0","","","","43.0","43.0","43.0","46.0","43.0","0.0","43.0","44.88","46.0","0.0","0.0","-0.125","43","0","80","80","0","0","0"
"2026-03-02T10:00:00+00:00","Lahore","10","0","3","61","0.5","-0.866025","1.0","0.0","0.867456","0.497513","0","0","0","1","30.5","17","11.3","307","29.9","1010.8","0","2.4","0","","0.0","0.0","28.57","","-3.1","0","43","pm25","80","23","8","44","2","3","0","Good","8.2832","26.2791","13.6","0","","","","43.0","43.0","43.0","46.0","43.0","0.0","43.0","44.75","46.0","0.0","0.0","-0.125","43","0","80","80","0","0","0"
"2026-03-02T11:00:00+00:00","Lahore","11","0","3","61","0.258819","-0.965926","1.0","0.0","0.867456","0.497513","0","0","0","1","30.1","16","13.0","307","31.3","1010.4","0","1.1","3","","0.0","0.0","28.23","","-3.8","0","43","pm25","80","23","8","44","2","3","0","Good","7.1385","30.2326","12.8","0","","","","43.0","43.0","43.0","46.0","43.0","0.0","43.0","44.62","46.0","0.0","0.0","-0.125","43","0","80","80","0","0","0"
"2026-03-02T12:00:00+00:00","Lahore","12","0","3","61","0.0","-1.0","1.0","0.0","0.867456","0.497513","0","0","0","1","29.0","17","11.9","301","31.3","1010.5","0","1.3","4","","0.0","0.0","27.4","","-3.6","0","43","pm25","80","23","8","44","2","3","0","Good","7.8655","27.6744","13.6","0","","","","43.0","43.0","43.0","46.0","43.0","0.0","43.0","44.5","46.0","0.0","0.0","-0.125","43","0","80","80","0","0","0"
"2026-03-02T13:00:00+00:00","Lahore","13","0","3","61","-0.258819","-0.965926","1.0","0.0","0.867456","0.497513","0","0","0","1","27.1","27","10.5","278","25.6","1010.9","0","6.4","7","","0.0","0.0","26.37","","-2.4","0","43","pm25","80","23","8","44","2","3","0","Good","9.6762","24.4186","21.6","0","","","","43.0","43.0","43.0","46.0","43.0","0.0","43.0","44.38","46.0","0.0","0.0","-0.125","43","0","80","80","0","0","0"
"2026-03-02T14:00:00+00:00","Lahore","14","0","3","61","-0.5","-0.866025","1.0","0.0","0.867456","0.497513","0","0","0","1","25.8","32","9.9","265","21.6","1011.2","0","8.1","68","","0.0","0.0","","","-2.0","2","43","pm25","80","23","8","44","2","3","0","Good","10.6667","23.0233","25.6","0","","","","43.0","43.0","43.0","46.0","43.0","0.0","43.0","44.25","46.0","0.0","0.0","-0.125","43","0","80","80","0","0","0"
"2026-03-02T15:00:00+00:00","Lahore","15","0","3","61","-0.707107","-0.707107","1.0","0.0","0.867456","0.497513","0","0","0","1","25.2","33","9.9","258","20.2","1011.6","0","8.1","97","","0.0","0.0","","","-1.9","3","43","pm25","80","23","8","44","2","3","0","Good","10.7475","23.0233","26.4","0","","","","43.0","43.0","43.0","46.0","43.0","0.0","43.0","44.12","46.0","0.0","0.0","-0.125","43","0","80","80","0","0","0"
"2026-03-02T16:00:00+00:00","Lahore","16","0","3","61","-0.866025","-0.5","1.0","0.0","0.867456","0.497513","0","0","0","1","24.5","36","7.9","259","19.4","1012.1","0","8.6","70","","0.0","0.0","","","-1.5","2","43","pm25","80","23","8","44","2","3","0","Good","13.7722","18.3721","28.8","0","","","","43.0","43.0","43.0","46.0","43.0","0.0","43.0","44.0","46.0","0.0","0.0","-0.125","43","0","80","80","0","0","0"
"2026-03-02T17:00:00+00:00","Lahore","17","0","3","61","-0.965926","-0.258819","1.0","0.0","0.867456","0.497513","0","1","0","1","23.8","38","8.1","269","15.5","1012.6","0","8.6","46","","0.0","0.0","","","-1.6","1","43","pm25","80","23","8","44","2","3","0","Good","13.6296","18.8372","30.4","0","","","","43.0","43.0","43.0","46.0","43.0","0.0","43.0","43.88","46.0","0.0","0.0","-0.125","43","0","80","80","0","0","0"
"2026-03-02T18:00:00+00:00","Lahore","18","0","3","61","-1.0","-0.0","1.0","0.0","0.867456","0.497513","0","1","0","1","22.6","47","7.1","279","15.8","1012.4","0","10.6","100","","0.0","0.0","","","-0.8","3","43","pm25","80","23","8","44","2","3","0","Good","16.5634","16.5116","37.6","0","","","","43.0","43.0","43.0","46.0","43.0","0.0","43.0","43.75","46.0","0.0","0.0","-0.125","43","0","80","80","0","0","0"
"2026-03-02T19:00:00+00:00","Lahore","19","0","3","61","-0.965926","0.258819","1.0","0.0","0.867456","0.497513","0","1","0","1","22.0","48","7.8","285","15.1","1012.5","0","10.3","100","","0.0","0.0","","","-1.1","3","43","pm25","80","23","8","44","2","3","0","Good","15.1795","18.1395","38.4","0","","","","43.0","43.0","43.0","46.0","43.0","0.0","43.0","43.62","46.0","0.0","0.0","-0.125","43","0","80","80","0","0","0"
"2026-03-02T20:00:00+00:00","Lahore","20","0","3","61","-0.866025","0.5","1.0","0.0","0.867456","0.497513","0","0","0","1","21.1","50","8.6","300","16.6","1012.3","0","10.2","99","","0.0","0.0","","","-1.1","3","43","pm25","80","23","8","44","2","3","0","Good","13.9535","20.0","40.0","0","","","","43.0","43.0","43.0","46.0","43.0","0.0","43.0","43.5","46.0","0.0","0.0","-0.125","43","0","80","80","0","0","0"
"2026-03-02T21:00:00+00:00","Lahore","21","0","3","61","-0.707107","0.707107","1.0","0.0","0.867456","0.497513","0","0","0","1","20.6","51","9.2","305","17.6","1012.0","0","10.1","100","","0.0","0.0","","","-1.3","3","43","pm25","80","23","8","44","2","3","0","Good","13.1304","21.3953","40.8","0","","","","43.0","43.0","43.0","46.0","43.0","0.0","43.0","43.38","46.0","0.0","0.0","-0.125","43","0","80","80","0","0","0"
"2026-03-02T22:00:00+00:00","Lahore","22","0","3","61","-0.5","0.866025","1.0","0.0","0.867456","0.497513","0","0","1","1","20.0","52","9.0","301","17.6","1011.5","0","9.8","55","","0.0","0.0","","","-1.4","2","43","pm25","80","23","8","44","2","3","0","Good","13.5111","20.9302","41.6","0","","","","43.0","43.0","43.0","46.0","43.0","0.0","43.0","43.25","46.0","0.0","0.0","-0.125","43","0","80","80","0","0","0"
"2026-03-02T23:00:00+00:00","Lahore","23","0","3","61","-0.258819","0.965926","1.0","0.0","0.867456","0.497513","0","0","1","1","19.4","53","10.1","303","19.4","1011.0","0","9.4","16","","0.0","0.0","","","-1.6","0","43","pm25","80","23","8","44","2","3","0","Good","12.1188","23.4884","42.4","0","","","","43.0","43.0","43.0","46.0","43.0","0.0","43.0","43.12","46.0","0.0","0.0","-0.125","43","0","80","80","0","0","0"
"2026-03-03T00:00:00+00:00","Lahore","0","1","3","62","0.0","1.0","1.0","0.0","0.875892","0.482508","0","0","1","1","18.6","57","10.2","307","19.8","1011.3","0","9.9","86","","0.0","0.0","","","-1.4","3","43","pm25","87","23","14","46","3","2","0","Good","13.3912","23.7209","49.59","0","","","","43.0","43.0","43.0","43.0","43.0","0.0","43.0","43.0","43.0","0.0","0.0","0.0","43","0","87","87","0","0","0"
"2026-03-03T01:00:00+00:00","Lahore","1","1","3","62","0.258819","0.965926","1.0","0.0","0.875892","0.482508","0","0","1","1","18.0","59","7.9","309","19.4","1011.6","0","10.0","88","","0.0","0.0","","","-1.1","3","43","pm25","87","23","14","46","3","2","0","Good","17.5101","18.3721","51.33","0","","","","43.0","43.0","43.0","43.0","43.0","0.0","43.0","43.0","43.0","0.0","0.0","0.0","43","0","87","87","0","0","0"
"2026-03-03T02:00:00+00:00","Lahore","2","1","3","62","0.5","0.866025","1.0","0.0","0.875892","0.482508","0","0","1","1","18.0","59","7.2","305","14.8","1011.8","0","9.9","15","","0.0","0.0","","","-1.1","0","43","pm25","87","23","14","46","3","2","0","Good","19.2125","16.7442","51.33","0","","","","43.0","43.0","43.0","43.0","43.0","0.0","43.0","43.0","43.0","0.0","0.0","0.0","43","0","87","87","0","0","0"
"2026-03-03T03:00:00+00:00","Lahore","3","1","3","62","0.707107","0.707107","1.0","0.0","0.875892","0.482508","0","0","1","1","19.6","54","7.7","300","15.1","1012.2","0","10.0","0","","0.0","0.0","","","-1.1","0","43","pm25","87","23","14","46","3","2","0","Good","17.4","17.907","46.98","0","","","","43.0","43.0","43.0","43.0","43.0","0.0","43.0","43.0","43.0","0.0","0.0","0.0","43","0","87","87","0","0","0"
"2026-03-03T04:00:00+00:00","Lahore","4","1","3","62","0.866025","0.5","1.0","0.0","0.875892","0.482508","0","0","1","1","22.5","45","4.5","304","15.8","1012.8","0","9.8","0","","0.0","0.0","","","-0.8","0","43","pm25","87","23","14","46","3","2","0","Good","28.0333","10.4651","39.15","0","","","","43.0","43.0","43.0","43.0","43.0","0.0","43.0","43.0","43.0","0.0","0.0","0.0","43","0","87","87","0","0","0"
"2026-03-03T05:00:00+00:00","Lahore","5","1","3","62","0.965926","0.258819","1.0","0.0","0.875892","0.482508","0","0","1","1","25.5","35","5.2","311","18.7","1012.9","0","8.8","0","","0.0","0.0","","","-1.0","0","43","pm25","87","23","14","46","3","2","0","Good","22.5865","12.093","30.45","0","","","","43.0","43.0","43.0","43.0","43.0","0.0","43.0","43.0","43.0","0.0","0.0","0.0","43","0","87","87","0","0","0"
"2026-03-03T06:00:00+00:00","Lahore","6","1","3","62","1.0","0.0","1.0","0.0","0.875892","0.482508","0","0","0","1","28.1","27","6.8","310","22.3","1013.0","0","7.6","0","","0.0","0.0","27.04","","-0.9","0","43","pm25","87","23","14","46","3","2","0","Good","16.2485","15.814","23.49","0","","","","43.0","43.0","43.0","43.0","43.0","0.0","43.0","43.0","43.0","0.0","0.0","0.0","43","0","87","87","0","0","0"
"2026-03-03T07:00:00+00:00","Lahore","7","1","3","62","0.965926","-0.258819","1.0","0.0","0.875892","0.482508","0","1","0","1","30.5","21","8.7","307","26.3","1012.5","0","5.8","0","","0.0","0.0","28.69","","-1.2","0","43","pm25","87","23","14","46","3","2","0","Good","12.1","20.2326","18.27","0","","","","43.0","43.0","43.0","43.0","43.0","0.0","43.0","43.0","43.0","0.0","0.0","0.0","43","0","87","87","0","0","0"
"2026-03-03T08:00:00+00:00","Lahore","8","1","3","62","0.866025","-0.5","1.0","0.0","0.875892","0.482508","0","1","0","1","31.7","19","10.5","303","29.5","1011.8","0","4.9","0","","0.0","0.0","29.66","","-1.6","0","43","pm25","87","23","14","46","3","2","0","Good","9.86","24.4186","16.53","0","","","","43.0","43.0","43.0","43.0","43.0","0.0","43.0","43.0","43.0","0.0","0.0","0.0","43","0","87","87","0","0","0"
"2026-03-03T09:00:00+00:00","Lahore","9","1","3","62","0.707107","-0.707107","1.0","0.0","0.875892","0.482508","0","1","0","1","32.5","17","11.0","296","30.2","1010.7","0","3.8","0","","0.0","0.0","30.3","","-2.2","0","43","pm25","87","23","14","46","3","2","0","Good","9.2536","25.5814","14.79","0","","","","43.0","43.0","43.0","43.0","43.0","0.0","43.0","43.0","43.0","0.0","0.0","0.0","43","0","87","87","0","0","0"
"2026-03-03T10:00:00+00:00","Lahore","10","1","3","62","0.5","-0.866025","1.0","0.0","0.875892","0.482508","0","0","0","1","32.5","15","11.8","289","30.6","1010.0","0","2.8","0","","0.0","0.0","30.23","","-3.1","0","43","pm25","87","23","14","46","3","2","0","Good","8.4788","27.4419","13.05","0","","","","43.0","43.0","43.0","43.0","43.0","0.0","43.0","43.0","43.0","0.0","0.0","0.0","43","0","87","87","0","0","0"
"2026-03-03T11:00:00+00:00","Lahore","11","1","3","62","0.258819","-0.965926","1.0","0.0","0.875892","0.482508","0","0","0","1","31.8","17","12.6","284","31.0","1009.6","0","4.0","0","","0.0","0.0","29.67","","-3.3","0","43","pm25","87","23","14","46","3","2","0","Good","8.0786","29.3023","14.79","0","","","","43.0","43.0","43.0","43.0","43.0","0.0","43.0","43.0","43.0","0.0","0.0","0.0","43","0","87","87","0","0","0"
"2026-03-03T12:00:00+00:00","Lahore","12","1","3","62","0.0","-1.0","1.0","0.0","0.875892","0.482508","0","0","0","1","30.2","21","11.4","276","30.6","1009.8","0","5.7","0","","0.0","0.0","28.44","","-2.7","0","43","pm25","87","23","14","46","3","2","0","Good","9.2342","26.5116","18.27","0","","","","43.0","43.0","43.0","43.0","43.0","0.0","43.0","43.0","43.0","0.0","0.0","0.0","43","0","87","87","0","0","0"
"2026-03-03T13:00:00+00:00","Lahore","13","1","3","62","-0.258819","-0.965926","1.0","0.0","0.875892","0.482508","0","0","0","1","28.7","26","9.0","269","24.8","1010.5","0","7.3","0","","0.0","0.0","27.44","","-2.0","0","43","pm25","87","23","14","46","3","2","0","Good","12.18","20.9302","22.62","0","","","","43.0","43.0","43.0","43.0","43.0","0.0","43.0","43.0","43.0","0.0","0.0","0.0","43","0","87","87","0","0","0"
"2026-03-03T14:00:00+00:00","Lahore","14","1","3","62","-0.5","-0.866025","1.0","0.0","0.875892","0.482508","0","0","0","1","27.1","32","6.6","259","18.7","1010.6","0","8.8","0","","0.0","0.0","26.56","","-1.3","0","43","pm25","87","23","14","46","3","2","0","Good","17.4","15.3488","27.84","0","","","","43.0","43.0","43.0","43.0","43.0","0.0","43.0","43.0","43.0","0.0","0.0","0.0","43","0","87","87","0","0","0"
"2026-03-03T15:00:00+00:00","Lahore","15","1","3","62","-0.707107","-0.707107","1.0","0.0","0.875892","0.482508","0","0","0","1","26.0","36","6.8","252","13.0","1011.0","0","9.6","0","","0.0","0.0","","","-1.0","0","43","pm25","87","23","14","46","3","2","0","Good","17.4","15.814","31.32","0","","","","43.0","43.0","43.0","43.0","43.0","0.0","43.0","43.0","43.0","0.0","0.0","0.0","43","0","87","87","0","0","0"
"2026-03-03T16:00:00+00:00","Lahore","16","1","3","62","-0.866025","-0.5","1.0","0.0","0.875892","0.482508","0","0","0","1","25.2","38","6.1","256","14.0","1011.6","0","10.1","0","","0.0","0.0","","","-0.8","0","43","pm25","87","23","14","46","3","2","0","Good","19.682","14.186","33.06","0","","","","43.0","43.0","43.0","43.0","43.0","0.0","43.0","43.0","43.0","0.0","0.0","0.0","43","0","87","87","0","0","0"
"2026-03-03T17:00:00+00:00","Lahore","17","1","3","62","-0.965926","-0.258819","1.0","0.0","0.875892","0.482508","0","1","0","1","24.2","41","6.1","258","11.5","1012.1","0","10.1","0","","0.0","0.0","","","-0.9","0","43","pm25","87","23","14","46","3","2","0","Good","20.1098","14.186","35.67","0","","","","43.0","43.0","43.0","43.0","43.0","0.0","43.0","43.0","43.0","0.0","0.0","0.0","43","0","87","87","0","0","0"
"2026-03-03T18:00:00+00:00","Lahore","18","1","3","62","-1.0","-0.0","1.0","0.0","0.875892","0.482508","0","1","0","1","23.5","45","2.6","258","10.1","1012.4","0","10.9","0","","0.0","0.0","","","-0.1","0","43","pm25","87","23","14","46","3","2","0","Good","48.5192","6.0465","39.15","0","","","","43.0","43.0","43.0","43.0","43.0","0.0","43.0","43.0","43.0","0.0","0.0","0.0","43","0","87","87","0","0","0"
"2026-03-03T19:00:00+00:00","Lahore","19","1","3","62","-0.965926","0.258819","1.0","0.0","0.875892","0.482508","0","1","0","1","22.4","47","4.8","241","6.5","1012.5","0","10.6","0","","0.0","0.0","","","-0.6","0","43","pm25","87","23","14","46","3","2","0","Good","26.6438","11.1628","40.89","0","","","","43.0","43.0","43.0","43.0","43.0","0.0","43.0","43.0","43.0","0.0","0.0","0.0","43","0","87","87","0","0","0"
"2026-03-03T20:00:00+00:00","Lahore","20","1","3","62","-0.866025","0.5","1.0","0.0","0.875892","0.482508","0","0","0","1","21.1","51","2.5","30","7.2","1012.8","0","10.6","0","","0.0","0.0","","","-0.1","0","43","pm25","87","23","14","46","3","2","0","Good","52.548","5.814","44.37","0","","","","43.0","43.0","43.0","43.0","43.0","0.0","43.0","43.0","43.0","0.0","0.0","0.0","43","0","87","87","0","0","0"
"2026-03-03T21:00:00+00:00","Lahore","21","1","3","62","-0.707107","0.707107","1.0","0.0","0.875892","0.482508","0","0","0","1","19.9","57","6.4","16","14.4","1012.7","0","11.0","0","","0.0","0.0","","","-0.6","0","43","pm25","87","23","14","46","3","2","0","Good","21.3422","14.8837","49.59","0","","","","43.0","43.0","43.0","43.0","43.0","0.0","43.0","43.0","43.0","0.0","0.0","0.0","43","0","87","87","0","0","0"
"2026-03-03T22:00:00+00:00","Lahore","22","1","3","62","-0.5","0.866025","1.0","0.0","0.875892","0.482508","0","0","1","1","18.5","63","4.6","18","11.2","1012.2","0","11.4","0","","0.0","0.0","","","-0.2","0","43","pm25","87","23","14","46","3","2","0","Good","30.8283","10.6977","54.81","0","","","","43.0","43.0","43.0","43.0","43.0","0.0","43.0","43.0","43.0","0.0","0.0","0.0","43","0","87","87","0","0","0"
"2026-03-03T23:00:00+00:00","Lahore","23","1","3","62","-0.258819","0.965926","1.0","0.0","0.875892","0.482508","0","0","1","1","18.0","67","1.5","45","7.9","1011.8","0","11.6","0","","0.0","0.0","","","0.2","0","43","pm25","87","23","14","46","3","2","0","Good","96.86","3.4884","58.29","0","","","","43.0","43.0","43.0","43.0","43.0","0.0","43.0","43.0","43.0","0.0","0.0","0.0","43","0","87","87","0","0","0"
"2026-03-04T00:00:00+00:00","Lahore","0","2","3","63","0.0","1.0","1.0","0.0","0.884068","0.467359","0","0","1","1","17.9","74","0.9","191","2.2","1012.3","0","13.1","1","","0.0","0.0","","","0.8","0","39","pm25","91","15","13","44","7","4","0","Good","175.9333","2.3077","67.34","0","","","","43.0","43.0","43.0","43.0","43.0","0.0","43.0","43.0","43.0","0.0","0.0","0.0","39","0","91","91","0","0","0"
"2026-03-04T01:00:00+00:00","Lahore","1","2","3","63","0.258819","0.965926","1.0","0.0","0.884068","0.467359","0","0","1","1","17.3","76","1.3","214","2.9","1013.0","0","13.1","0","","0.0","0.0","","","0.8","0","39","pm25","91","15","13","44","7","4","0","Good","123.2","3.3333","69.16","0","","","","39.0","43.0","43.0","43.0","41.67","1.89","42.33","42.83","43.0","-4.0","-0.6667","-0.1667","39","0","91","91","0","0","0"
"2026-03-04T02:00:00+00:00","Lahore","2","2","3","63","0.5","0.866025","1.0","0.0","0.884068","0.467359","0","0","1","1","17.2","76","0.3","135","2.2","1013.4","0","13.1","0","","0.0","0.0","","","1.0","0","39","pm25","91","15","13","44","7","4","0","Good","533.8667","0.7692","69.16","0","","","","39.0","43.0","43.0","43.0","40.33","1.89","41.67","42.67","43.0","0.0","-0.6667","-0.1667","39","0","91","91","0","0","0"
"2026-03-04T03:00:00+00:00","Lahore","3","2","3","63","0.707107","0.707107","1.0","0.0","0.884068","0.467359","0","0","1","1","19.5","67","1.1","108","6.5","1014.1","0","13.2","0","","0.0","0.0","","","0.9","0","39","pm25","91","15","13","44","7","4","0","Good","138.1545","2.8205","60.97","0","","","","39.0","39.0","43.0","43.0","39.0","0.0","41.0","42.5","43.0","0.0","-0.6667","-0.1667","39","0","91","91","0","0","0"
"2026-03-04T04:00:00+00:00","Lahore","4","2","3","63","0.866025","0.5","1.0","0.0","0.884068","0.467359","0","0","1","1","23.9","51","0.7","76","8.6","1014.5","0","13.1","0","","0.0","0.0","","","0.8","0","39","pm25","91","15","13","44","7","4","0","Good","196.3","1.7949","46.41","0","","","","39.0","39.0","43.0","43.0","39.0","0.0","40.33","42.33","43.0","0.0","-0.6667","-0.1667","39","0","91","91","0","0","0"
"2026-03-04T05:00:00+00:00","Lahore","5","2","3","63","0.965926","0.258819","1.0","0.0","0.884068","0.467359","0","0","1","1","27.1","40","0.9","259","11.2","1014.5","0","12.4","0","","0.0","0.0","26.94","","0.7","0","39","pm25","91","15","13","44","7","4","0","Good","141.5556","2.3077","36.4","0","","","","39.0","39.0","43.0","43.0","39.0","0.0","39.67","42.17","43.0","0.0","-0.6667","-0.1667","39","0","91","91","0","0","0"
"2026-03-04T06:00:00+00:00","Lahore","6","2","3","63","1.0","0.0","1.0","0.0","0.884068","0.467359","0","0","0","1","29.0","35","2.2","325","15.1","1014.4","0","12.0","0","","0.0","0.0","28.2","","0.9","0","39","pm25","91","15","13","44","7","4","0","Good","55.8409","5.641","31.85","0","","","","39.0","39.0","39.0","43.0","39.0","0.0","39.0","42.0","43.0","0.0","0.0","-0.1667","39","0","91","91","0","0","0"
"2026-03-04T07:00:00+00:00","Lahore","7","2","3","63","0.965926","-0.258819","1.0","0.0","0.884068","0.467359","0","1","0","1","31.8","26","2.8","320","16.6","1013.9","0","10.1","0","","0.0","0.0","30.2","","0.9","0","39","pm25","91","15","13","44","7","4","0","Good","40.95","7.1795","23.66","0","","","","39.0","39.0","39.0","43.0","39.0","0.0","39.0","41.83","43.0","0.0","0.0","-0.1667","39","0","91","91","0","0","0"
"2026-03-04T08:00:00+00:00","Lahore","8","2","3","63","0.866025","-0.5","1.0","0.0","0.884068","0.467359","0","1","0","1","33.3","22","6.3","309","22.0","1013.1","0","8.9","0","","0.0","0.0","31.41","","0.0","0","39","pm25","91","15","13","44","7","4","0","Good","17.6222","16.1538","20.02","0","","","","39.0","39.0","39.0","43.0","39.0","0.0","39.0","41.67","43.0","0.0","0.0","-0.1667","39","0","91","91","0","0","0"
"2026-03-04T09:00:00+00:00","Lahore","9","2","3","63","0.707107","-0.707107","1.0","0.0","0.884068","0.467359","0","1","0","1","33.8","21","8.7","307","25.9","1012.0","0","8.8","0","","0.0","0.0","31.84","","-0.7","0","39","pm25","91","15","13","44","7","4","0","Good","12.6563","22.3077","19.11","0","","","","39.0","39.0","39.0","43.0","39.0","0.0","39.0","41.5","43.0","0.0","0.0","-0.1667","39","0","91","91","0","0","0"
"2026-03-04T10:00:00+00:00","Lahore","10","2","3","63","0.5","-0.866025","1.0","0.0","0.884068","0.467359","0","0","0","1","33.8","22","8.7","304","26.3","1011.1","0","8.9","0","","0.0","0.0","31.94","","-1.3","0","39","pm25","91","15","13","44","7","4","0","Good","12.7609","22.3077","20.02","0","","","","39.0","39.0","39.0","43.0","39.0","0.0","39.0","41.33","43.0","0.0","0.0","-0.1667","39","0","91","91","0","0","0"
"2026-03-04T11:00:00+00:00","Lahore","11","2","3","63","0.258819","-0.965926","1.0","0.0","0.884068","0.467359","0","0","0","1","33.4","23","9.0","300","25.2","1010.6","0","9.2","0","","0.0","0.0","31.61","","-1.5","0","39","pm25","91","15","13","44","7","4","0","Good","12.4367","23.0769","20.93","0","","","","39.0","39.0","39.0","43.0","39.0","0.0","39.0","41.17","43.0","0.0","0.0","-0.1667","39","0","91","91","0","0","0"
"2026-03-04T12:00:00+00:00","Lahore","12","2","3","63","0.0","-1.0","1.0","0.0","0.884068","0.467359","0","0","0","1","32.0","27","9.9","295","23.8","1010.3","0","10.9","0","","0.0","0.0","30.5","","-1.2","0","39","pm25","91","15","13","44","7","4","0","Good","11.6737","25.3846","24.57","0","","","","39.0","39.0","39.0","43.0","39.0","0.0","39.0","41.0","43.0","0.0","0.0","-0.1667","39","0","91","91","0","0","0"
"2026-03-04T13:00:00+00:00","Lahore","13","2","3","63","-0.258819","-0.965926","1.0","0.0","0.884068","0.467359","0","0","0","1","30.2","33","8.4","286","22.3","1010.7","0","12.3","0","","0.0","0.0","29.19","","-0.5","0","39","pm25","91","15","13","44","7","4","0","Good","14.4083","21.5385","30.03","0","","","","39.0","39.0","39.0","43.0","39.0","0.0","39.0","40.83","43.0","0.0","0.0","-0.1667","39","0","91","91","0","0","0"
"2026-03-04T14:00:00+00:00","Lahore","14","2","3","63","-0.5","-0.866025","1.0","0.0","0.884068","0.467359","0","0","0","1","28.9","39","7.1","289","17.6","1011.2","0","13.4","0","","0.0","0.0","28.42","","0.1","0","39","pm25","91","15","13","44","7","4","0","Good","17.8155","18.2051","35.49","0","","","","39.0","39.0","39.0","43.0","39.0","0.0","39.0","40.67","43.0","0.0","0.0","-0.1667","39","0","91","91","0","0","0"
"2026-03-04T15:00:00+00:00","Lahore","15","2","3","63","-0.707107","-0.707107","1.0","0.0","0.884068","0.467359","0","0","0","1","27.5","44","6.0","299","14.0","1011.4","0","14.2","0","","0.0","0.0","27.49","","0.5","0","39","pm25","91","15","13","44","7","4","0","Good","21.84","15.3846","40.04","0","","","","39.0","39.0","39.0","43.0","39.0","0.0","39.0","40.5","43.0","0.0","0.0","-0.1667","39","0","91","91","0","0","0"
"2026-03-04T16:00:00+00:00","Lahore","16","2","3","63","-0.866025","-0.5","1.0","0.0","0.884068","0.467359","0","0","0","1","26.2","48","5.6","291","12.2","1011.8","0","14.5","0","","0.0","0.0","","","0.7","0","39","pm25","91","15","13","44","7","4","0","Good","24.05","14.359","43.68","0","","","","39.0","39.0","39.0","43.0","39.0","0.0","39.0","40.33","43.0","0.0","0.0","-0.1667","39","0","91","91","0","0","0"
"2026-03-04T17:00:00+00:00","Lahore","17","2","3","63","-0.965926","-0.258819","1.0","0.0","0.884068","0.467359","0","1","0","1","26.0","48","6.7","284","12.6","1011.7","0","14.2","0","","0.0","0.0","","","0.4","0","39","pm25","91","15","13","44","7","4","0","Good","20.1015","17.1795","43.68","0","","","","39.0","39.0","39.0","43.0","39.0","0.0","39.0","40.17","43.0","0.0","0.0","-0.1667","39","0","91","91","0","0","0"
"2026-03-04T18:00:00+00:00","Lahore","18","2","3","63","-1.0","-0.0","1.0","0.0","0.884068","0.467359","0","1","0","1","25.6","51","7.0","271","13.0","1011.6","0","14.8","0","","0.0","0.0","","","0.6","0","39","pm25","91","15","13","44","7","4","0","Good","19.63","17.9487","46.41","0","","","","39.0","39.0","39.0","43.0","39.0","0.0","39.0","40.0","43.0","0.0","0.0","-0.1667","39","0","91","91","0","0","0"
"2026-03-04T19:00:00+00:00","Lahore","19","2","3","63","-0.965926","0.258819","1.0","0.0","0.884068","0.467359","0","1","0","1","24.7","55","6.5","276","13.3","1011.5","0","14.9","0","","0.0","0.0","","","0.7","0","39","pm25","91","15","13","44","7","4","0","Good","21.7","16.6667","50.05","0","","","","39.0","39.0","39.0","43.0","39.0","0.0","39.0","39.83","43.0","0.0","0.0","-0.1667","39","0","91","91","0","0","0"
"2026-03-04T20:00:00+00:00","Lahore","20","2","3","63","-0.866025","0.5","1.0","0.0","0.884068","0.467359","0","0","0","1","23.9","58","6.5","302","12.2","1011.4","0","15.1","0","","0.0","0.0","","","0.7","0","39","pm25","91","15","13","44","7","4","0","Good","22.12","16.6667","52.78","0","","","","39.0","39.0","39.0","43.0","39.0","0.0","39.0","39.67","43.0","0.0","0.0","-0.1667","39","0","91","91","0","0","0"
"2026-03-04T21:00:00+00:00","Lahore","21","2","3","63","-0.707107","0.707107","1.0","0.0","0.884068","0.467359","0","0","0","1","23.0","61","7.1","322","13.0","1011.2","0","15.1","0","","0.0","0.0","","","0.7","0","39","pm25","91","15","13","44","7","4","0","Good","20.6352","18.2051","55.51","0","","","","39.0","39.0","39.0","43.0","39.0","0.0","39.0","39.5","43.0","0.0","0.0","-0.1667","39","0","91","91","0","0","0"
"2026-03-04T22:00:00+00:00","Lahore","22","2","3","63","-0.5","0.866025","1.0","0.0","0.884068","0.467359","0","0","1","1","22.4","63","7.9","321","15.1","1010.8","0","14.9","0","","0.0","0.0","","","0.4","0","39","pm25","91","15","13","44","7","4","0","Good","18.7759","20.2564","57.33","0","","","","39.0","39.0","39.0","43.0","39.0","0.0","39.0","39.33","43.0","0.0","0.0","-0.1667","39","0","91","91","0","0","0"
"2026-03-04T23:00:00+00:00","Lahore","23","2","3","63","-0.258819","0.965926","1.0","0.0","0.884068","0.467359","0","0","1","1","21.6","66","7.8","316","15.1","1010.5","0","14.9","0","","0.0","0.0","","","0.5","0","39","pm25","91","15","13","44","7","4","0","Good","19.3667","20.0","60.06","0","","","","39.0","39.0","39.0","43.0","39.0","0.0","39.0","39.17","43.0","0.0","0.0","-0.1667","39","0","91","91","0","0","0"
"2026-03-05T00:00:00+00:00","Lahore","0","3","3","64","0.0","1.0","1.0","0.0","0.891981","0.452072","0","0","1","1","21.1","68","7.4","302","14.8","1010.4","0","15.1","0","","0.0","0.0","","","0.7","0","43","pm25","69","17","11","46","3","1","0","Good","15.6649","17.2093","46.92","0","","","","39.0","39.0","39.0","39.0","39.0","0.0","39.0","39.0","39.0","0.0","0.0","0.0","43","0","69","69","0","0","0"
"2026-03-05T01:00:00+00:00","Lahore","1","3","3","64","0.258819","0.965926","1.0","0.0","0.891981","0.452072","0","0","1","1","20.4","70","6.6","311","14.8","1010.5","0","14.8","0","","0.0","0.0","","","0.6","0","43","pm25","69","17","11","46","3","1","0","Good","17.7727","15.3488","48.3","0","","","","43.0","39.0","39.0","39.0","40.33","1.89","39.67","39.17","43.0","4.0","0.6667","0.1667","43","0","69","69","0","0","0"
"2026-03-05T02:00:00+00:00","Lahore","2","3","3","64","0.5","0.866025","1.0","0.0","0.891981","0.452072","0","0","1","1","20.0","72","5.6","318","11.9","1010.8","0","14.7","0","","0.0","0.0","","","0.7","0","43","pm25","69","17","11","46","3","1","0","Good","21.1929","13.0233","49.68","0","","","","43.0","39.0","39.0","39.0","41.67","1.89","40.33","39.33","43.0","0.0","0.6667","0.1667","43","0","69","69","0","0","0"
"2026-03-05T03:00:00+00:00","Lahore","3","3","3","64","0.707107","0.707107","1.0","0.0","0.891981","0.452072","0","0","1","1","21.6","65","5.6","315","12.6","1011.3","0","14.8","0","","0.0","0.0","","","0.8","0","43","pm25","69","17","11","46","3","1","0","Good","20.3304","13.0233","44.85","0","","","","43.0","43.0","39.0","39.0","43.0","0.0","41.0","39.5","43.0","0.0","0.6667","0.1667","43","0","69","69","0","0","0"
"2026-03-05T04:00:00+00:00","Lahore","4","3","3","64","0.866025","0.5","1.0","0.0","0.891981","0.452072","0","0","1","1","24.5","55","3.6","300","13.7","1011.3","0","14.9","0","","0.0","0.0","","","1.1","0","43","pm25","69","17","11","46","3","1","0","Good","29.7083","8.3721","37.95","0","","","","43.0","43.0","39.0","39.0","43.0","0.0","41.67","39.67","43.0","0.0","0.6667","0.1667","43","0","69","69","0","0","0"
"2026-03-05T05:00:00+00:00","Lahore","5","3","3","64","0.965926","0.258819","1.0","0.0","0.891981","0.452072","0","0","1","1","28.2","42","4.7","298","17.3","1011.5","0","14.3","0","","0.0","0.0","27.99","","0.8","0","43","pm25","69","17","11","46","3","1","0","Good","20.8468","10.9302","28.98","0","","","","43.0","43.0","39.0","39.0","43.0","0.0","42.33","39.83","43.0","0.0","0.6667","0.1667","43","0","69","69","0","0","0"
"2026-03-05T06:00:00+00:00","Lahore","6","3","3","64","1.0","0.0","1.0","0.0","0.891981","0.452072","0","0","0","1","30.8","32","6.8","312","21.6","1011.6","0","12.4","0","","0.0","0.0","29.71","","0.4","0","43","pm25","69","17","11","46","3","1","0","Good","13.3941","15.814","22.08","0","","","","43.0","43.0","43.0","39.0","43.0","0.0","43.0","40.0","43.0","0.0","0.0","0.1667","43","0","69","69","0","0","0"
"2026-03-05T07:00:00+00:00","Lahore","7","3","3","64","0.965926","-0.258819","1.0","0.0","0.891981","0.452072","0","1","0","1","32.8","26","7.8","316","24.8","1011.1","0","10.9","4","","0.0","0.0","31.27","","0.4","0","43","pm25","69","17","11","46","3","1","0","Good","11.1462","18.1395","17.94","0","","","","43.0","43.0","43.0","39.0","43.0","0.0","43.0","40.17","43.0","0.0","0.0","0.1667","43","0","69","69","0","0","0"
"2026-03-05T08:00:00+00:00","Lahore","8","3","3","64","0.866025","-0.5","1.0","0.0","0.891981","0.452072","0","1","0","1","34.2","24","8.0","306","25.2","1010.1","0","10.6","0","","0.0","0.0","32.63","","0.3","0","43","pm25","69","17","11","46","3","1","0","Good","10.695","18.6047","16.56","0","","","","43.0","43.0","43.0","39.0","43.0","0.0","43.0","40.33","43.0","0.0","0.0","0.1667","43","0","69","69","0","0","0"
"2026-03-05T09:00:00+00:00","Lahore","9","3","3","64","0.707107","-0.707107","1.0","0.0","0.891981","0.452072","0","1","0","1","34.8","23","8.0","298","25.2","1008.7","0","10.8","25","","0.0","0.0","33.2","","0.1","1","43","pm25","69","17","11","46","3","1","0","Good","10.6088","18.6047","15.87","0","","","","43.0","43.0","43.0","39.0","43.0","0.0","43.0","40.5","43.0","0.0","0.0","0.1667","43","0","69","69","0","0","0"
"2026-03-05T10:00:00+00:00","Lahore","10","3","3","64","0.5","-0.866025","1.0","0.0","0.891981","0.452072","0","0","0","1","35.0","23","8.7","294","25.2","1007.8","0","10.9","0","","0.0","0.0","33.44","","-0.8","0","43","pm25","69","17","11","46","3","1","0","Good","9.7552","20.2326","15.87","0","","","","43.0","43.0","43.0","39.0","43.0","0.0","43.0","40.67","43.0","0.0","0.0","0.1667","43","0","69","69","0","0","0"
"2026-03-05T11:00:00+00:00","Lahore","11","3","3","64","0.258819","-0.965926","1.0","0.0","0.891981","0.452072","0","0","0","1","34.5","25","9.0","285","25.2","1007.1","0","11.6","39","","0.0","0.0","33.12","","-0.8","1","43","pm25","69","17","11","46","3","1","0","Good","9.5833","20.9302","17.25","0","","","","43.0","43.0","43.0","39.0","43.0","0.0","43.0","40.83","43.0","0.0","0.0","0.1667","43","0","69","69","0","0","0"
"2026-03-05T12:00:00+00:00","Lahore","12","3","3","64","0.0","-1.0","1.0","0.0","0.891981","0.452072","0","0","0","1","33.1","30","9.0","285","23.8","1007.0","0","13.1","67","","0.0","0.0","32.12","","-0.3","2","43","pm25","69","17","11","46","3","1","0","Good","9.9667","20.9302","20.7","0","","","","43.0","43.0","43.0","39.0","43.0","0.0","43.0","41.0","43.0","0.0","0.0","0.1667","43","0","69","69","0","0","0"
"2026-03-05T13:00:00+00:00","Lahore","13","3","3","64","-0.258819","-0.965926","1.0","0.0","0.891981","0.452072","0","0","0","1","31.3","37","7.6","274","19.4","1007.2","0","14.9","64","","0.0","0.0","30.87","","0.5","2","43","pm25","69","17","11","46","3","1","0","Good","12.4382","17.6744","25.53","0","","","","43.0","43.0","43.0","39.0","43.0","0.0","43.0","41.17","43.0","0.0","0.0","0.1667","43","0","69","69","0","0","0"
"2026-03-05T14:00:00+00:00","Lahore","14","3","3","64","-0.5","-0.866025","1.0","0.0","0.891981","0.452072","0","0","0","1","29.5","45","5.4","266","15.8","1007.5","0","16.4","95","","0.0","0.0","29.68","","1.5","3","43","pm25","69","17","11","46","3","1","0","Good","18.5278","12.5581","31.05","0","","","","43.0","43.0","43.0","39.0","43.0","0.0","43.0","41.33","43.0","0.0","0.0","0.1667","43","0","69","69","0","0","0"
"2026-03-05T15:00:00+00:00","Lahore","15","3","3","64","-0.707107","-0.707107","1.0","0.0","0.891981","0.452072","0","0","0","1","28.2","51","5.2","274","10.4","1007.9","0","17.0","14","","0.0","0.0","28.77","","1.8","0","43","pm25","69","17","11","46","3","1","0","Good","20.0365","12.093","35.19","0","","","","43.0","43.0","43.0","39.0","43.0","0.0","43.0","41.5","43.0","0.0","0.0","0.1667","43","0","69","69","0","0","0"
"2026-03-05T16:00:00+00:00","Lahore","16","3","3","64","-0.866025","-0.5","1.0","0.0","0.891981","0.452072","0","0","0","1","27.5","53","5.6","274","10.8","1008.5","0","17.0","49","","0.0","0.0","28.14","","1.6","1","43","pm25","69","17","11","46","3","1","0","Good","18.8518","13.0233","36.57","0","","","","43.0","43.0","43.0","39.0","43.0","0.0","43.0","41.67","43.0","0.0","0.0","0.1667","43","0","69","69","0","0","0"
"2026-03-05T17:00:00+00:00","Lahore","17","3","3","64","-0.965926","-0.258819","1.0","0.0","0.891981","0.452072","0","1","0","1","26.5","54","5.9","256","11.2","1008.8","0","16.3","94","","0.0","0.0","","","1.3","3","43","pm25","69","17","11","46","3","1","0","Good","18.0102","13.7209","37.26","0","","","","43.0","43.0","43.0","39.0","43.0","0.0","43.0","41.83","43.0","0.0","0.0","0.1667","43","0","69","69","0","0","0"
"2026-03-05T18:00:00+00:00","Lahore","18","3","3","64","-1.0","-0.0","1.0","0.0","0.891981","0.452072","0","1","0","1","25.6","55","3.1","263","11.2","1008.9","0","15.9","99","","0.0","0.0","","","1.6","3","43","pm25","69","17","11","46","3","1","0","Good","34.5","7.2093","37.95","0","","","","43.0","43.0","43.0","39.0","43.0","0.0","43.0","42.0","43.0","0.0","0.0","0.1667","43","0","69","69","0","0","0"
"2026-03-05T19:00:00+00:00","Lahore","19","3","3","64","-0.965926","0.258819","1.0","0.0","0.891981","0.452072","0","1","0","1","24.6","58","0.3","45","4.3","1009.0","0","15.9","84","","0.0","0.0","","","2.0","3","43","pm25","69","17","11","46","3","1","0","Good","363.4","0.6977","40.02","0","","","","43.0","43.0","43.0","39.0","43.0","0.0","43.0","42.17","43.0","0.0","0.0","0.1667","43","0","69","69","0","0","0"
"2026-03-05T20:00:00+00:00","Lahore","20","3","3","64","-0.866025","0.5","1.0","0.0","0.891981","0.452072","0","0","0","1","23.6","62","0.7","14","1.4","1008.8","0","16.0","86","","0.0","0.0","","","2.0","3","43","pm25","69","17","11","46","3","1","0","Good","159.6857","1.6279","42.78","0","","","","43.0","43.0","43.0","39.0","43.0","0.0","43.0","42.33","43.0","0.0","0.0","0.1667","43","0","69","69","0","0","0"
"2026-03-05T21:00:00+00:00","Lahore","21","3","3","64","-0.707107","0.707107","1.0","0.0","0.891981","0.452072","0","0","0","1","22.9","65","1.9","311","2.9","1008.5","0","15.9","100","","0.0","0.0","","","1.7","3","43","pm25","69","17","11","46","3","1","0","Good","59.9211","4.4186","44.85","0","","","","43.0","43.0","43.0","39.0","43.0","0.0","43.0","42.5","43.0","0.0","0.0","0.1667","43","0","69","69","0","0","0"
"2026-03-05T22:00:00+00:00","Lahore","22","3","3","64","-0.5","0.866025","1.0","0.0","0.891981","0.452072","0","0","1","1","22.2","67","1.8","307","2.9","1008.2","0","15.9","87","","0.0","0.0","","","1.8","3","43","pm25","69","17","11","46","3","1","0","Good","64.0167","4.186","46.23","0","","","","43.0","43.0","43.0","39.0","43.0","0.0","43.0","42.67","43.0","0.0","0.0","0.1667","43","0","69","69","0","0","0"
"2026-03-05T23:00:00+00:00","Lahore","23","3","3","64","-0.258819","0.965926","1.0","0.0","0.891981","0.452072","0","0","1","1","21.4","71","2.2","346","3.2","1007.8","0","15.9","94","","0.0","0.0","","","1.7","3","43","pm25","69","17","11","46","3","1","0","Good","53.6318","5.1163","48.99","0","","","","43.0","43.0","43.0","39.0","43.0","0.0","43.0","42.83","43.0","0.0","0.0","0.1667","43","0","69","69","0","0","0"
"2026-03-06T00:00:00+00:00","Lahore","0","4","3","65","0.0","1.0","1.0","0.0","0.899631","0.436651","0","0","1","1","21.0","76","1.8","360","3.2","1008.0","0","16.5","74","","0.0","0.0","","","2.0","2","45","pm25","85","23","8","50","8","4","0","Good","83.1111","4.0","64.6","0","","","","43.0","43.0","43.0","43.0","43.0","0.0","43.0","43.0","43.0","0.0","0.0","0.0","45","0","85","85","0","0","0"
"2026-03-06T01:00:00+00:00","Lahore","1","4","3","65","0.258819","0.965926","1.0","0.0","0.899631","0.436651","0","0","1","1","19.9","81","2.9","86","4.0","1008.6","0","16.5","93","","0.0","0.0","","","1.8","3","45","pm25","85","23","8","50","8","4","0","Good","53.0517","6.4444","68.85","0","","","","45.0","43.0","43.0","43.0","43.67","0.94","43.33","43.08","45.0","2.0","0.3333","0.0833","45","0","85","85","0","0","0"
"2026-03-06T02:00:00+00:00","Lahore","2","4","3","65","0.5","0.866025","1.0","0.0","0.899631","0.436651","0","0","1","1","19.5","81","3.9","118","6.8","1009.1","0","16.1","0","","0.0","0.0","","","1.5","0","45","pm25","85","23","8","50","8","4","0","Good","39.4487","8.6667","68.85","0","","","","45.0","43.0","43.0","43.0","44.33","0.94","43.67","43.17","45.0","0.0","0.3333","0.0833","45","0","85","85","0","0","0"
"2026-03-06T03:00:00+00:00","Lahore","3","4","3","65","0.707107","0.707107","1.0","0.0","0.899631","0.436651","0","0","1","1","21.8","71","4.5","157","11.2","1009.8","0","16.3","0","","0.0","0.0","","","1.5","0","45","pm25","85","23","8","50","8","4","0","Good","32.3","10.0","60.35","0","","","","45.0","45.0","43.0","43.0","45.0","0.0","44.0","43.25","45.0","0.0","0.3333","0.0833","45","0","85","85","0","0","0"
"2026-03-06T04:00:00+00:00","Lahore","4","4","3","65","0.866025","0.5","1.0","0.0","0.899631","0.436651","0","0","1","1","25.5","57","2.9","133","12.2","1010.2","0","16.4","0","","0.0","0.0","","","1.7","0","45","pm25","85","23","8","50","8","4","0","Good","46.0172","6.4444","48.45","0","","","","45.0","45.0","43.0","43.0","45.0","0.0","44.33","43.33","45.0","0.0","0.3333","0.0833","45","0","85","85","0","0","0"
"2026-03-06T05:00:00+00:00","Lahore","5","4","3","65","0.965926","0.258819","1.0","0.0","0.899631","0.436651","0","0","1","1","28.9","44","2.4","138","13.7","1010.2","0","15.5","0","","0.0","0.0","28.88","","1.5","0","45","pm25","85","23","8","50","8","4","0","Good","51.0","5.3333","37.4","0","","","","45.0","45.0","43.0","43.0","45.0","0.0","44.67","43.42","45.0","0.0","0.3333","0.0833","45","0","85","85","0","0","0"
"2026-03-06T06:00:00+00:00","Lahore","6","4","3","65","1.0","0.0","1.0","0.0","0.899631","0.436651","0","0","0","1","31.3","36","2.6","196","14.4","1010.2","0","14.6","12","","0.0","0.0","30.74","","1.9","0","45","pm25","85","23","8","50","8","4","0","Good","44.4615","5.7778","30.6","0","","","","45.0","45.0","45.0","43.0","45.0","0.0","45.0","43.5","45.0","0.0","0.0","0.0833","45","0","85","85","0","0","0"
"2026-03-06T07:00:00+00:00","Lahore","7","4","3","65","0.965926","-0.258819","1.0","0.0","0.899631","0.436651","0","1","0","1","33.8","26","3.0","245","16.6","1009.6","0","11.6","27","","0.0","0.0","32.42","","1.4","1","45","pm25","85","23","8","50","8","4","0","Good","35.7","6.6667","22.1","0","","","","45.0","45.0","45.0","43.0","45.0","0.0","45.0","43.58","45.0","0.0","0.0","0.0833","45","0","85","85","0","0","0"
"2026-03-06T08:00:00+00:00","Lahore","8","4","3","65","0.866025","-0.5","1.0","0.0","0.899631","0.436651","0","1","0","1","35.1","22","1.9","287","16.6","1008.7","0","9.9","91","","0.0","0.0","33.41","","1.2","3","45","pm25","85","23","8","50","8","4","0","Good","54.5789","4.2222","18.7","0","","","","45.0","45.0","45.0","43.0","45.0","0.0","45.0","43.67","45.0","0.0","0.0","0.0833","45","0","85","85","0","0","0"
"2026-03-06T09:00:00+00:00","Lahore","9","4","3","65","0.707107","-0.707107","1.0","0.0","0.899631","0.436651","0","1","0","1","35.8","20","1.5","346","15.1","1007.5","0","8.9","21","","0.0","0.0","33.96","","0.5","1","45","pm25","85","23","8","50","8","4","0","Good","68.0","3.3333","17.0","0","","","","45.0","45.0","45.0","43.0","45.0","0.0","45.0","43.75","45.0","0.0","0.0","0.0833","45","0","85","85","0","0","0"
"2026-03-06T10:00:00+00:00","Lahore","10","4","3","65","0.5","-0.866025","1.0","0.0","0.899631","0.436651","0","0","0","1","36.0","18","0.6","34","14.0","1006.9","0","8.1","17","","0.0","0.0","33.92","","-0.4","0","45","pm25","85","23","8","50","8","4","0","Good","167.1667","1.3333","15.3","0","","","","45.0","45.0","45.0","43.0","45.0","0.0","45.0","43.83","45.0","0.0","0.0","0.0833","45","0","85","85","0","0","0"
"2026-03-06T11:00:00+00:00","Lahore","11","4","3","65","0.258819","-0.965926","1.0","0.0","0.899631","0.436651","0","0","0","1","35.7","17","1.3","214","11.9","1006.7","0","7.1","23","","0.0","0.0","33.47","","-0.9","1","45","pm25","85","23","8","50","8","4","0","Good","76.5","2.8889","14.45","0","","","","45.0","45.0","45.0","43.0","45.0","0.0","45.0","43.92","45.0","0.0","0.0","0.0833","45","0","85","85","0","0","0"
"2026-03-06T12:00:00+00:00","Lahore","12","4","3","65","0.0","-1.0","1.0","0.0","0.899631","0.436651","0","0","0","1","34.5","18","3.6","237","10.8","1006.8","0","7.1","2","","0.0","0.0","32.31","","-1.3","0","45","pm25","85","23","8","50","8","4","0","Good","27.8611","8.0","15.3","0","","","","45.0","45.0","45.0","43.0","45.0","0.0","45.0","44.0","45.0","0.0","0.0","0.0833","45","0","85","85","0","0","0"
"2026-03-06T13:00:00+00:00","Lahore","13","4","3","65","-0.258819","-0.965926","1.0","0.0","0.899631","0.436651","0","0","0","1","31.8","22","3.6","210","9.4","1007.3","0","7.3","0","","0.0","0.0","29.9","","-1.3","0","45","pm25","85","23","8","50","8","4","0","Good","28.8056","8.0","18.7","0","","","","45.0","45.0","45.0","43.0","45.0","0.0","45.0","44.08","45.0","0.0","0.0","0.0833","45","0","85","85","0","0","0"
"2026-03-06T14:00:00+00:00","Lahore","14","4","3","65","-0.5","-0.866025","1.0","0.0","0.899631","0.436651","0","0","0","1","29.9","24","4.5","220","8.6","1008.1","0","7.3","2","","0.0","0.0","28.31","","-1.4","0","45","pm25","85","23","8","50","8","4","0","Good","23.4222","10.0","20.4","0","","","","45.0","45.0","45.0","43.0","45.0","0.0","45.0","44.17","45.0","0.0","0.0","0.0833","45","0","85","85","0","0","0"
"2026-03-06T15:00:00+00:00","Lahore","15","4","3","65","-0.707107","-0.707107","1.0","0.0","0.899631","0.436651","0","0","0","1","28.3","29","4.0","210","9.0","1008.7","0","8.8","0","","0.0","0.0","27.27","","-0.9","0","45","pm25","85","23","8","50","8","4","0","Good","27.4125","8.8889","24.65","0","","","","45.0","45.0","45.0","43.0","45.0","0.0","45.0","44.25","45.0","0.0","0.0","0.0833","45","0","85","85","0","0","0"
"2026-03-06T16:00:00+00:00","Lahore","16","4","3","65","-0.866025","-0.5","1.0","0.0","0.899631","0.436651","0","0","0","1","26.5","34","4.4","153","7.9","1009.4","0","9.4","1","","0.0","0.0","","","-0.8","0","45","pm25","85","23","8","50","8","4","0","Good","25.8864","9.7778","28.9","0","","","","45.0","45.0","45.0","43.0","45.0","0.0","45.0","44.33","45.0","0.0","0.0","0.0833","45","0","85","85","0","0","0"
"2026-03-06T17:00:00+00:00","Lahore","17","4","3","65","-0.965926","-0.258819","1.0","0.0","0.899631","0.436651","0","1","0","1","25.0","41","4.1","157","8.3","1009.6","0","10.8","0","","0.0","0.0","","","-0.4","0","45","pm25","85","23","8","50","8","4","0","Good","29.2317","9.1111","34.85","0","","","","45.0","45.0","45.0","43.0","45.0","0.0","45.0","44.42","45.0","0.0","0.0","0.0833","45","0","85","85","0","0","0"
"2026-03-06T18:00:00+00:00","Lahore","18","4","3","65","-1.0","-0.0","1.0","0.0","0.899631","0.436651","0","1","0","1","24.0","48","3.8","139","7.6","1009.7","0","12.2","5","","0.0","0.0","","","0.1","0","45","pm25","85","23","8","50","8","4","0","Good","33.1053","8.4444","40.8","0","","","","45.0","45.0","45.0","43.0","45.0","0.0","45.0","44.5","45.0","0.0","0.0","0.0833","45","0","85","85","0","0","0"
"2026-03-06T19:00:00+00:00","Lahore","19","4","3","65","-0.965926","0.258819","1.0","0.0","0.899631","0.436651","0","1","0","1","23.1","50","4.7","133","7.6","1009.7","0","12.1","38","","0.0","0.0","","","0.0","1","45","pm25","85","23","8","50","8","4","0","Good","27.1277","10.4444","42.5","0","","","","45.0","45.0","45.0","43.0","45.0","0.0","45.0","44.58","45.0","0.0","0.0","0.0833","45","0","85","85","0","0","0"
"2026-03-06T20:00:00+00:00","Lahore","20","4","3","65","-0.866025","0.5","1.0","0.0","0.899631","0.436651","0","0","0","1","22.1","52","5.3","114","9.4","1009.8","0","11.8","58","","0.0","0.0","","","-0.2","2","45","pm25","85","23","8","50","8","4","0","Good","24.3774","11.7778","44.2","0","","","","45.0","45.0","45.0","43.0","45.0","0.0","45.0","44.67","45.0","0.0","0.0","0.0833","45","0","85","85","0","0","0"
"2026-03-06T21:00:00+00:00","Lahore","21","4","3","65","-0.707107","0.707107","1.0","0.0","0.899631","0.436651","0","0","0","1","21.1","54","5.3","98","9.7","1009.6","0","11.4","34","","0.0","0.0","","","-0.4","1","45","pm25","85","23","8","50","8","4","0","Good","24.6981","11.7778","45.9","0","","","","45.0","45.0","45.0","43.0","45.0","0.0","45.0","44.75","45.0","0.0","0.0","0.0833","45","0","85","85","0","0","0"
"2026-03-06T22:00:00+00:00","Lahore","22","4","3","65","-0.5","0.866025","1.0","0.0","0.899631","0.436651","0","0","1","1","20.2","56","5.3","102","9.4","1009.5","0","11.2","4","","0.0","0.0","","","-0.3","0","45","pm25","85","23","8","50","8","4","0","Good","25.0189","11.7778","47.6","0","","","","45.0","45.0","45.0","43.0","45.0","0.0","45.0","44.83","45.0","0.0","0.0","0.0833","45","0","85","85","0","0","0"
"2026-03-06T23:00:00+00:00","Lahore","23","4","3","65","-0.258819","0.965926","1.0","0.0","0.899631","0.436651","0","0","1","1","19.9","61","8.6","106","15.1","1009.5","0","12.1","2","","0.0","0.0","","","-0.6","0","45","pm25","85","23","8","50","8","4","0","Good","15.9128","19.1111","51.85","0","","","","45.0","45.0","45.0","43.0","45.0","0.0","45.0","44.92","45.0","0.0","0.0","0.0833","45","0","85","85","0","0","0"
"2026-03-07T00:00:00+00:00","Lahore","0","5","3","66","0.0","1.0","1.0","0.0","0.907014","0.421101","1","0","1","1","19.3","82","8.9","109","18.7","1009.7","0","16.1","15","","0.0","0.0","","","0.8","0","41","pm25","81","25","16","50","3","1","0","Good","16.564","21.7073","66.42","0","","","","45.0","45.0","45.0","45.0","45.0","0.0","45.0","45.0","45.0","0.0","0.0","0.0","41","0","81","81","0","0","0"
"2026-03-07T01:00:00+00:00","Lahore","1","5","3","66","0.258819","0.965926","1.0","0.0","0.907014","0.421101","1","0","1","1","19.0","85","8.3","112","16.6","1010.5","0","16.4","9","","0.0","0.0","","","1.1","0","41","pm25","81","25","16","50","3","1","0","Good","18.0542","20.2439","68.85","0","","","","41.0","45.0","45.0","45.0","43.67","1.89","44.33","44.83","45.0","-4.0","-0.6667","-0.1667","41","0","81","81","0","0","0"
"2026-03-07T02:00:00+00:00","Lahore","2","5","3","66","0.5","0.866025","1.0","0.0","0.907014","0.421101","1","0","1","1","19.2","81","10.0","118","17.6","1011.3","0","15.9","2","","0.0","0.0","","","0.6","0","41","pm25","81","25","16","50","3","1","0","Good","14.661","24.3902","65.61","0","","","","41.0","45.0","45.0","45.0","42.33","1.89","43.67","44.67","45.0","0.0","-0.6667","-0.1667","41","0","81","81","0","0","0"
"2026-03-07T03:00:00+00:00","Lahore","3","5","3","66","0.707107","0.707107","1.0","0.0","0.907014","0.421101","1","0","1","1","21.1","76","9.2","123","19.4","1011.9","0","16.7","26","","0.0","0.0","","","1.0","1","41","pm25","81","25","16","50","3","1","0","Good","15.4957","22.439","61.56","0","","","","41.0","41.0","45.0","45.0","41.0","0.0","43.0","44.5","45.0","0.0","-0.6667","-0.1667","41","0","81","81","0","0","0"
"2026-03-07T04:00:00+00:00","Lahore","4","5","3","66","0.866025","0.5","1.0","0.0","0.907014","0.421101","1","0","1","1","24.1","68","8.0","130","21.2","1012.1","0","17.8","27","","0.0","0.0","","","1.7","1","41","pm25","81","25","16","50","3","1","0","Good","17.01","19.5122","55.08","0","","","","41.0","41.0","45.0","45.0","41.0","0.0","42.33","44.33","45.0","0.0","-0.6667","-0.1667","41","0","81","81","0","0","0"
"2026-03-07T05:00:00+00:00","Lahore","5","5","3","66","0.965926","0.258819","1.0","0.0","0.907014","0.421101","1","0","1","1","27.5","56","7.6","135","21.6","1012.2","0","18.1","54","","0.0","0.0","28.39","","1.9","2","41","pm25","81","25","16","50","3","1","0","Good","16.6263","18.5366","45.36","0","","","","41.0","41.0","45.0","45.0","41.0","0.0","41.67","44.17","45.0","0.0","-0.6667","-0.1667","41","0","81","81","0","0","0"
"2026-03-07T06:00:00+00:00","Lahore","6","5","3","66","1.0","0.0","1.0","0.0","0.907014","0.421101","1","0","0","1","30.5","45","8.4","135","24.1","1012.4","0","17.0","31","","0.0","0.0","30.99","","1.8","1","41","pm25","81","25","16","50","3","1","0","Good","13.9821","20.4878","36.45","0","","","","41.0","41.0","41.0","45.0","41.0","0.0","41.0","44.0","45.0","0.0","0.0","-0.1667","41","0","81","81","0","0","0"
"2026-03-07T07:00:00+00:00","Lahore","7","5","3","66","0.965926","-0.258819","1.0","0.0","0.907014","0.421101","1","1","0","1","33.2","29","8.8","147","25.6","1011.9","0","12.6","56","","0.0","0.0","32.1","","0.6","2","41","pm25","81","25","16","50","3","1","0","Good","11.8739","21.4634","23.49","0","","","","41.0","41.0","41.0","45.0","41.0","0.0","41.0","43.83","45.0","0.0","0.0","-0.1667","41","0","81","81","0","0","0"
"2026-03-07T08:00:00+00:00","Lahore","8","5","3","66","0.866025","-0.5","1.0","0.0","0.907014","0.421101","1","1","0","1","34.6","22","7.9","156","25.6","1010.8","0","10.0","9","","0.0","0.0","32.83","","0.1","0","41","pm25","81","25","16","50","3","1","0","Good","12.5089","19.2683","17.82","0","","","","41.0","41.0","41.0","45.0","41.0","0.0","41.0","43.67","45.0","0.0","0.0","-0.1667","41","0","81","81","0","0","0"
"2026-03-07T09:00:00+00:00","Lahore","9","5","3","66","0.707107","-0.707107","1.0","0.0","0.907014","0.421101","1","1","0","1","35.1","20","6.8","162","23.8","1009.8","0","8.8","27","","0.0","0.0","33.16","","-0.4","1","41","pm25","81","25","16","50","3","1","0","Good","14.2941","16.5854","16.2","0","","","","41.0","41.0","41.0","45.0","41.0","0.0","41.0","43.5","45.0","0.0","0.0","-0.1667","41","0","81","81","0","0","0"
"2026-03-07T10:00:00+00:00","Lahore","10","5","3","66","0.5","-0.866025","1.0","0.0","0.907014","0.421101","1","0","0","1","35.3","19","5.9","168","22.0","1009.3","0","7.8","6","","0.0","0.0","33.26","","-1.2","0","41","pm25","81","25","16","50","3","1","0","Good","16.3373","14.3902","15.39","0","","","","41.0","41.0","41.0","45.0","41.0","0.0","41.0","43.33","45.0","0.0","0.0","-0.1667","41","0","81","81","0","0","0"
"2026-03-07T11:00:00+00:00","Lahore","11","5","3","66","0.258819","-0.965926","1.0","0.0","0.907014","0.421101","1","0","0","1","35.0","18","5.5","157","19.4","1009.1","0","7.1","53","","0.0","0.0","32.83","","-1.6","2","41","pm25","81","25","16","50","3","1","0","Good","17.3782","13.4146","14.58","0","","","","41.0","41.0","41.0","45.0","41.0","0.0","41.0","43.17","45.0","0.0","0.0","-0.1667","41","0","81","81","0","0","0"
"2026-03-07T12:00:00+00:00","Lahore","12","5","3","66","0.0","-1.0","1.0","0.0","0.907014","0.421101","1","0","0","1","33.8","20","4.8","149","16.6","1009.3","0","7.7","55","","0.0","0.0","31.75","","-1.4","2","41","pm25","81","25","16","50","3","1","0","Good","20.25","11.7073","16.2","0","","","","41.0","41.0","41.0","45.0","41.0","0.0","41.0","43.0","45.0","0.0","0.0","-0.1667","41","0","81","81","0","0","0"
"2026-03-07T13:00:00+00:00","Lahore","13","5","3","66","-0.258819","-0.965926","1.0","0.0","0.907014","0.421101","1","0","0","1","31.1","32","5.9","104","11.2","1009.9","0","12.5","85","","0.0","0.0","30.04","","0.0","3","41","pm25","81","25","16","50","3","1","0","Good","18.122","14.3902","25.92","0","","","","41.0","41.0","41.0","45.0","41.0","0.0","41.0","42.83","45.0","0.0","0.0","-0.1667","41","0","81","81","0","0","0"
"2026-03-07T14:00:00+00:00","Lahore","14","5","3","66","-0.5","-0.866025","1.0","0.0","0.907014","0.421101","1","0","0","1","28.7","52","7.6","90","14.8","1011.0","0","17.8","62","","0.0","0.0","29.51","","1.7","2","41","pm25","81","25","16","50","3","1","0","Good","16.2","18.5366","42.12","0","","","","41.0","41.0","41.0","45.0","41.0","0.0","41.0","42.67","45.0","0.0","0.0","-0.1667","41","0","81","81","0","0","0"
"2026-03-07T15:00:00+00:00","Lahore","15","5","3","66","-0.707107","-0.707107","1.0","0.0","0.907014","0.421101","1","0","0","1","26.9","67","8.8","88","16.6","1011.5","0","20.3","94","","0.0","0.0","","","2.7","3","41","pm25","81","25","16","50","3","1","0","Good","15.3716","21.4634","54.27","0","","","","41.0","41.0","41.0","45.0","41.0","0.0","41.0","42.5","45.0","0.0","0.0","-0.1667","41","0","81","81","0","0","0"
"2026-03-07T16:00:00+00:00","Lahore","16","5","3","66","-0.866025","-0.5","1.0","0.0","0.907014","0.421101","1","0","0","1","25.5","73","7.3","81","16.6","1012.2","0","20.4","77","","0.0","0.0","","","3.0","2","41","pm25","81","25","16","50","3","1","0","Good","19.1959","17.8049","59.13","0","","","","41.0","41.0","41.0","45.0","41.0","0.0","41.0","42.33","45.0","0.0","0.0","-0.1667","41","0","81","81","0","0","0"
"2026-03-07T17:00:00+00:00","Lahore","17","5","3","66","-0.965926","-0.258819","1.0","0.0","0.907014","0.421101","1","1","0","1","24.6","76","5.7","108","14.0","1012.5","0","20.2","92","","0.0","0.0","","","3.2","3","41","pm25","81","25","16","50","3","1","0","Good","25.0105","13.9024","61.56","0","","","","41.0","41.0","41.0","45.0","41.0","0.0","41.0","42.17","45.0","0.0","0.0","-0.1667","41","0","81","81","0","0","0"
"2026-03-07T18:00:00+00:00","Lahore","18","5","3","66","-1.0","-0.0","1.0","0.0","0.907014","0.421101","1","1","0","1","23.9","84","5.6","94","9.7","1012.5","0","21.0","85","","0.0","0.0","","","3.6","3","41","pm25","81","25","16","50","3","1","0","Good","26.6143","13.6585","68.04","0","","","","41.0","41.0","41.0","45.0","41.0","0.0","41.0","42.0","45.0","0.0","0.0","-0.1667","41","0","81","81","0","0","0"
"2026-03-07T19:00:00+00:00","Lahore","19","5","3","66","-0.965926","0.258819","1.0","0.0","0.907014","0.421101","1","1","0","1","23.4","86","4.4","83","10.4","1012.6","0","20.8","86","","0.0","0.0","","","3.6","3","41","pm25","81","25","16","50","3","1","0","Good","34.2409","10.7317","69.66","0","","","","41.0","41.0","41.0","45.0","41.0","0.0","41.0","41.83","45.0","0.0","0.0","-0.1667","41","0","81","81","0","0","0"
"2026-03-07T20:00:00+00:00","Lahore","20","5","3","66","-0.866025","0.5","1.0","0.0","0.907014","0.421101","1","0","0","1","22.4","89","3.4","87","7.6","1012.5","0","20.5","0","","0.0","0.0","","","3.6","0","41","pm25","81","25","16","50","3","1","0","Good","45.0265","8.2927","72.09","0","","","","41.0","41.0","41.0","45.0","41.0","0.0","41.0","41.67","45.0","0.0","0.0","-0.1667","41","0","81","81","0","0","0"
"2026-03-07T21:00:00+00:00","Lahore","21","5","3","66","-0.707107","0.707107","1.0","0.0","0.907014","0.421101","1","0","0","1","21.8","91","4.1","75","6.8","1012.0","0","20.2","0","","0.0","0.0","","","3.3","0","41","pm25","81","25","16","50","3","1","0","Good","37.7341","10.0","73.71","0","","","","41.0","41.0","41.0","45.0","41.0","0.0","41.0","41.5","45.0","0.0","0.0","-0.1667","41","0","81","81","0","0","0"
"2026-03-07T22:00:00+00:00","Lahore","22","5","3","66","-0.5","0.866025","1.0","0.0","0.907014","0.421101","1","0","1","1","21.2","91","5.5","71","9.7","1011.7","0","19.8","0","","0.0","0.0","","","3.0","0","41","pm25","81","25","16","50","3","1","0","Good","28.1291","13.4146","73.71","0","","","","41.0","41.0","41.0","45.0","41.0","0.0","41.0","41.33","45.0","0.0","0.0","-0.1667","41","0","81","81","0","0","0"
"2026-03-07T23:00:00+00:00","Lahore","23","5","3","66","-0.258819","0.965926","1.0","0.0","0.907014","0.421101","1","0","1","1","20.6","93","4.1","67","9.7","1011.3","0","19.4","0","","0.0","0.0","","","2.9","0","41","pm25","81","25","16","50","3","1","0","Good","38.1293","10.0","75.33","0","","","","41.0","41.0","41.0","45.0","41.0","0.0","41.0","41.17","45.0","0.0","0.0","-0.1667","41","0","81","81","0","0","0"
"2026-03-08T00:00:00+00:00","Lahore","0","6","3","67","0.0","1.0","1.0","0.0","0.914128","0.405426","1","0","1","1","20.4","96","4.5","47","7.2","1011.4","0","19.8","7","","0.0","0.0","","","3.0","0","55","pm25","87","21","7","56","3","2","1","Moderate","37.8933","8.1818","83.52","0","","","","41.0","41.0","41.0","41.0","41.0","0.0","41.0","41.0","41.0","0.0","0.0","0.0","55","1","87","87","1","1","0"
"2026-03-08T01:00:00+00:00","Lahore","1","6","3","67","0.258819","0.965926","1.0","0.0","0.914128","0.405426","1","0","1","1","20.1","95","3.6","57","9.7","1011.9","0","19.2","22","","0.0","0.0","","","3.0","1","55","pm25","87","21","7","56","3","2","1","Moderate","47.125","6.5455","82.65","0","","","","55.0","41.0","41.0","41.0","45.67","6.6","43.33","41.58","55.0","14.0","2.3333","0.5833","55","1","87","87","1","1","1"
"2026-03-08T02:00:00+00:00","Lahore","2","6","3","67","0.5","0.866025","1.0","0.0","0.914128","0.405426","1","0","1","1","20.4","92","2.9","68","5.4","1012.5","0","19.1","10","","0.0","0.0","","","3.0","0","55","pm25","87","21","7","56","3","2","1","Moderate","57.6","5.2727","80.04","0","","","","55.0","41.0","41.0","41.0","50.33","6.6","45.67","42.17","55.0","0.0","2.3333","0.5833","55","1","87","87","1","1","0"
"2026-03-08T03:00:00+00:00","Lahore","3","6","3","67","0.707107","0.707107","1.0","0.0","0.914128","0.405426","1","0","1","1","22.6","81","2.2","76","8.6","1013.1","0","19.2","1","","0.0","0.0","","","3.1","0","55","pm25","87","21","7","56","3","2","1","Moderate","71.5773","4.0","70.47","0","","","","55.0","55.0","41.0","41.0","55.0","0.0","48.0","42.75","55.0","0.0","2.3333","0.5833","55","1","87","87","1","1","0"
"2026-03-08T04:00:00+00:00","Lahore","4","6","3","67","0.866025","0.5","1.0","0.0","0.914128","0.405426","1","0","1","1","26.4","65","1.3","82","10.4","1013.7","0","19.2","0","","0.0","0.0","","","3.2","0","55","pm25","87","21","7","56","3","2","1","Moderate","110.4231","2.3636","56.55","0","","","","55.0","55.0","41.0","41.0","55.0","0.0","50.33","43.33","55.0","0.0","2.3333","0.5833","55","1","87","87","1","1","0"
"2026-03-08T05:00:00+00:00","Lahore","5","6","3","67","0.965926","0.258819","1.0","0.0","0.914128","0.405426","1","0","1","1","29.8","49","0.4","117","11.5","1013.8","0","17.9","6","","0.0","0.0","30.61","","2.7","0","55","pm25","87","21","7","56","3","2","1","Moderate","324.075","0.7273","42.63","0","","","","55.0","55.0","41.0","41.0","55.0","0.0","52.67","43.92","55.0","0.0","2.3333","0.5833","55","1","87","87","1","1","0"
"2026-03-08T06:00:00+00:00","Lahore","6","6","3","67","1.0","0.0","1.0","0.0","0.914128","0.405426","1","0","0","1","30.6","42","0.4","333","14.4","1013.9","0","16.3","25","","0.0","0.0","30.68","","2.9","1","55","pm25","87","21","7","56","3","2","1","Moderate","308.85","0.7273","36.54","0","","","","55.0","55.0","55.0","41.0","55.0","0.0","55.0","44.5","55.0","0.0","0.0","0.5833","55","1","87","87","1","1","0"
"2026-03-08T07:00:00+00:00","Lahore","7","6","3","67","0.965926","-0.258819","1.0","0.0","0.914128","0.405426","1","1","0","1","33.0","34","1.9","343","15.8","1013.0","0","14.9","13","","0.0","0.0","32.63","","2.6","0","55","pm25","87","21","7","56","3","2","1","Moderate","61.3579","3.4545","29.58","0","","","","55.0","55.0","55.0","41.0","55.0","0.0","55.0","45.08","55.0","0.0","0.0","0.5833","55","1","87","87","1","1","0"
"2026-03-08T08:00:00+00:00","Lahore","8","6","3","67","0.866025","-0.5","1.0","0.0","0.914128","0.405426","1","1","0","1","34.0","30","3.5","332","18.0","1012.1","0","14.1","55","","0.0","0.0","33.29","","2.2","2","55","pm25","87","21","7","56","3","2","1","Moderate","32.3143","6.3636","26.1","0","","","","55.0","55.0","55.0","41.0","55.0","0.0","55.0","45.67","55.0","0.0","0.0","0.5833","55","1","87","87","1","1","0"
"2026-03-08T09:00:00+00:00","Lahore","9","6","3","67","0.707107","-0.707107","1.0","0.0","0.914128","0.405426","1","1","0","1","34.5","28","4.7","328","19.8","1010.9","0","13.6","95","","0.0","0.0","33.6","","1.4","3","55","pm25","87","21","7","56","3","2","1","Moderate","23.6936","8.5455","24.36","0","","","","55.0","55.0","55.0","41.0","55.0","0.0","55.0","46.25","55.0","0.0","0.0","0.5833","55","1","87","87","1","1","0"
"2026-03-08T10:00:00+00:00","Lahore","10","6","3","67","0.5","-0.866025","1.0","0.0","0.914128","0.405426","1","0","0","1","33.7","30","5.6","295","22.7","1010.4","0","13.6","91","","0.0","0.0","32.89","","0.4","3","55","pm25","87","21","7","56","3","2","1","Moderate","20.1964","10.1818","26.1","0","","","","55.0","55.0","55.0","41.0","55.0","0.0","55.0","46.83","55.0","0.0","0.0","0.5833","55","1","87","87","1","1","0"
"2026-03-08T11:00:00+00:00","Lahore","11","6","3","67","0.258819","-0.965926","1.0","0.0","0.914128","0.405426","1","0","0","1","33.9","28","2.7","312","19.8","1009.7","0","12.8","97","","0.0","0.0","32.83","","0.5","3","55","pm25","87","21","7","56","3","2","1","Moderate","41.2444","4.9091","24.36","0","","","","55.0","55.0","55.0","41.0","55.0","0.0","55.0","47.42","55.0","0.0","0.0","0.5833","55","1","87","87","1","1","0"
"2026-03-08T12:00:00+00:00","Lahore","12","6","3","67","0.0","-1.0","1.0","0.0","0.914128","0.405426","1","0","0","1","32.8","32","5.2","333","13.7","1009.8","0","13.9","59","","0.0","0.0","32.04","","0.5","2","55","pm25","87","21","7","56","3","2","1","Moderate","22.0846","9.4545","27.84","0","","","","55.0","55.0","55.0","41.0","55.0","0.0","55.0","48.0","55.0","0.0","0.0","0.5833","55","1","87","87","1","1","0"
"2026-03-08T13:00:00+00:00","Lahore","13","6","3","67","-0.258819","-0.965926","1.0","0.0","0.914128","0.405426","1","0","0","1","31.5","36","3.8","335","14.0","1010.0","0","14.6","67","","0.0","0.0","30.98","","0.9","2","55","pm25","87","21","7","56","3","2","1","Moderate","31.1368","6.9091","31.32","0","","","","55.0","55.0","55.0","41.0","55.0","0.0","55.0","48.58","55.0","0.0","0.0","0.5833","55","1","87","87","1","1","0"
"2026-03-08T14:00:00+00:00","Lahore","14","6","3","67","-0.5","-0.866025","1.0","0.0","0.914128","0.405426","1","0","0","1","30.4","40","5.1","315","10.8","1011.1","0","15.4","23","","0.0","0.0","30.16","","1.1","1","55","pm25","87","21","7","56","3","2","1","Moderate","23.8824","9.2727","34.8","0","","","","55.0","55.0","55.0","41.0","55.0","0.0","55.0","49.17","55.0","0.0","0.0","0.5833","55","1","87","87","1","1","0"
"2026-03-08T15:00:00+00:00","Lahore","15","6","3","67","-0.707107","-0.707107","1.0","0.0","0.914128","0.405426","1","0","0","1","29.3","45","5.2","304","11.5","1011.7","0","16.3","0","","0.0","0.0","29.44","","1.4","0","55","pm25","87","21","7","56","3","2","1","Moderate","24.2596","9.4545","39.15","0","","","","55.0","55.0","55.0","41.0","55.0","0.0","55.0","49.75","55.0","0.0","0.0","0.5833","55","1","87","87","1","1","0"
"2026-03-08T16:00:00+00:00","Lahore","16","6","3","67","-0.866025","-0.5","1.0","0.0","0.914128","0.405426","1","0","0","1","28.0","49","4.0","306","11.5","1011.8","0","16.4","2","","0.0","0.0","28.36","","1.7","0","55","pm25","87","21","7","56","3","2","1","Moderate","32.4075","7.2727","42.63","0","","","","55.0","55.0","55.0","41.0","55.0","0.0","55.0","50.33","55.0","0.0","0.0","0.5833","55","1","87","87","1","1","0"
"2026-03-08T17:00:00+00:00","Lahore","17","6","3","67","-0.965926","-0.258819","1.0","0.0","0.914128","0.405426","1","1","0","1","27.4","51","4.2","290","7.9","1011.8","0","16.3","3","","0.0","0.0","27.88","","1.5","0","55","pm25","87","21","7","56","3","2","1","Moderate","31.2786","7.6364","44.37","0","","","","55.0","55.0","55.0","41.0","55.0","0.0","55.0","50.92","55.0","0.0","0.0","0.5833","55","1","87","87","1","1","0"
"2026-03-08T18:00:00+00:00","Lahore","18","6","3","67","-1.0","-0.0","1.0","0.0","0.914128","0.405426","1","1","0","1","26.8","56","3.3","257","7.2","1012.2","0","17.3","9","","0.0","0.0","","","2.1","0","55","pm25","87","21","7","56","3","2","1","Moderate","41.1273","6.0","48.72","0","","","","55.0","55.0","55.0","41.0","55.0","0.0","55.0","51.5","55.0","0.0","0.0","0.5833","55","1","87","87","1","1","0"
"2026-03-08T19:00:00+00:00","Lahore","19","6","3","67","-0.965926","0.258819","1.0","0.0","0.914128","0.405426","1","1","0","1","25.8","60","3.2","243","6.8","1012.0","0","17.4","0","","0.0","0.0","","","2.1","0","55","pm25","87","21","7","56","3","2","1","Moderate","43.5","5.8182","52.2","0","","","","55.0","55.0","55.0","41.0","55.0","0.0","55.0","52.08","55.0","0.0","0.0","0.5833","55","1","87","87","1","1","0"
"2026-03-08T20:00:00+00:00","Lahore","20","6","3","67","-0.866025","0.5","1.0","0.0","0.914128","0.405426","1","0","0","1","24.2","65","4.3","22","5.4","1012.1","0","17.2","5","","0.0","0.0","","","2.0","0","55","pm25","87","21","7","56","3","2","1","Moderate","33.3837","7.8182","56.55","0","","","","55.0","55.0","55.0","41.0","55.0","0.0","55.0","52.67","55.0","0.0","0.0","0.5833","55","1","87","87","1","1","0"
"2026-03-08T21:00:00+00:00","Lahore","21","6","3","67","-0.707107","0.707107","1.0","0.0","0.914128","0.405426","1","0","0","1","23.0","70","4.3","17","14.0","1011.7","0","17.1","1","","0.0","0.0","","","1.8","0","55","pm25","87","21","7","56","3","2","1","Moderate","34.3953","7.8182","60.9","0","","","","55.0","55.0","55.0","41.0","55.0","0.0","55.0","53.25","55.0","0.0","0.0","0.5833","55","1","87","87","1","1","0"
"2026-03-08T22:00:00+00:00","Lahore","22","6","3","67","-0.5","0.866025","1.0","0.0","0.914128","0.405426","1","0","1","1","22.0","74","3.6","20","7.2","1011.1","0","17.0","7","","0.0","0.0","","","2.0","0","55","pm25","87","21","7","56","3","2","1","Moderate","42.05","6.5455","64.38","0","","","","55.0","55.0","55.0","41.0","55.0","0.0","55.0","53.83","55.0","0.0","0.0","0.5833","55","1","87","87","1","1","0"
"2026-03-08T23:00:00+00:00","Lahore","23","6","3","67","-0.258819","0.965926","1.0","0.0","0.914128","0.405426","1","0","1","1","21.9","74","2.1","340","5.8","1010.7","0","17.0","11","","0.0","0.0","","","2.1","0","55","pm25","87","21","7","56","3","2","1","Moderate","72.0857","3.8182","64.38","0","","","","55.0","55.0","55.0","41.0","55.0","0.0","55.0","54.42","55.0","0.0","0.0","0.5833","55","1","87","87","1","1","0"
"2026-03-09T00:00:00+00:00","Lahore","0","0","3","68","0.0","1.0","1.0","0.0","0.920971","0.38963","0","0","1","1","21.6","78","1.2","243","4.0","1010.9","0","17.5","48","","0.0","0.0","","","2.5","1","48","pm25","66","22","8","50","8","4","0","Good","97.9","2.5","51.48","0","","","","55.0","55.0","55.0","55.0","55.0","0.0","55.0","55.0","55.0","0.0","0.0","0.0","48","0","66","66","0","0","0"
"2026-03-09T01:00:00+00:00","Lahore","1","0","3","68","0.258819","0.965926","1.0","0.0","0.920971","0.38963","0","0","1","1","21.3","79","1.5","201","3.6","1011.1","0","17.6","19","","0.0","0.0","","","2.5","0","48","pm25","66","22","8","50","8","4","0","Good","78.76","3.125","52.14","0","","","","48.0","55.0","55.0","55.0","52.67","3.3","53.83","54.71","55.0","-7.0","-1.1667","-0.2917","48","0","66","66","0","0","-1"
"2026-03-09T02:00:00+00:00","Lahore","2","0","3","68","0.5","0.866025","1.0","0.0","0.920971","0.38963","0","0","1","1","21.4","79","2.0","170","3.6","1011.5","0","17.6","30","","0.0","0.0","","","2.4","1","48","pm25","66","22","8","50","8","4","0","Good","59.07","4.1667","52.14","0","","","","48.0","55.0","55.0","55.0","50.33","3.3","52.67","54.42","55.0","0.0","-1.1667","-0.2917","48","0","66","66","0","0","0"
"2026-03-09T03:00:00+00:00","Lahore","3","0","3","68","0.707107","0.707107","1.0","0.0","0.920971","0.38963","0","0","1","1","23.5","70","3.6","177","10.4","1012.1","0","17.8","38","","0.0","0.0","","","2.3","1","48","pm25","66","22","8","50","8","4","0","Good","31.1667","7.5","46.2","0","","","","48.0","48.0","55.0","55.0","48.0","0.0","51.5","54.12","55.0","0.0","-1.1667","-0.2917","48","0","66","66","0","0","0"
"2026-03-09T04:00:00+00:00","Lahore","4","0","3","68","0.866025","0.5","1.0","0.0","0.920971","0.38963","0","0","1","1","26.9","57","3.3","202","13.3","1012.3","0","17.6","100","","0.0","0.0","","","2.3","3","48","pm25","66","22","8","50","8","4","0","Good","31.4","6.875","37.62","0","","","","48.0","48.0","55.0","55.0","48.0","0.0","50.33","53.83","55.0","0.0","-1.1667","-0.2917","48","0","66","66","0","0","0"
"2026-03-09T05:00:00+00:00","Lahore","5","0","3","68","0.965926","0.258819","1.0","0.0","0.920971","0.38963","0","0","1","1","29.6","47","3.3","221","15.1","1012.4","0","17.0","95","","0.0","0.0","30.06","","2.0","3","48","pm25","66","22","8","50","8","4","0","Good","29.4","6.875","31.02","0","","","","48.0","48.0","55.0","55.0","48.0","0.0","49.17","53.54","55.0","0.0","-1.1667","-0.2917","48","0","66","66","0","0","0"
"2026-03-09T06:00:00+00:00","Lahore","6","0","3","68","1.0","0.0","1.0","0.0","0.920971","0.38963","0","0","0","1","31.7","39","5.4","255","17.6","1012.3","0","16.2","55","","0.0","0.0","31.69","","2.0","2","48","pm25","66","22","8","50","8","4","0","Good","16.9889","11.25","25.74","0","","","","48.0","48.0","48.0","55.0","48.0","0.0","48.0","53.25","55.0","0.0","0.0","-0.2917","48","0","66","66","0","0","0"
"2026-03-09T07:00:00+00:00","Lahore","7","0","3","68","0.965926","-0.258819","1.0","0.0","0.920971","0.38963","0","1","0","1","33.8","31","5.1","260","20.5","1012.0","0","14.4","52","","0.0","0.0","33.19","","1.9","2","48","pm25","66","22","8","50","8","4","0","Good","16.9529","10.625","20.46","0","","","","48.0","48.0","48.0","55.0","48.0","0.0","48.0","52.96","55.0","0.0","0.0","-0.2917","48","0","66","66","0","0","0"
"2026-03-09T08:00:00+00:00","Lahore","8","0","3","68","0.866025","-0.5","1.0","0.0","0.920971","0.38963","0","1","0","1","34.8","28","4.4","263","20.2","1011.1","0","13.6","91","","0.0","0.0","34.0","","1.9","3","48","pm25","66","22","8","50","8","4","0","Good","19.2","9.1667","18.48","0","","","","48.0","48.0","48.0","55.0","48.0","0.0","48.0","52.67","55.0","0.0","0.0","-0.2917","48","0","66","66","0","0","0"
"2026-03-09T09:00:00+00:00","Lahore","9","0","3","68","0.707107","-0.707107","1.0","0.0","0.920971","0.38963","0","1","0","1","35.3","26","4.8","257","20.2","1010.1","0","13.1","99","","0.0","0.0","34.3","","1.2","3","48","pm25","66","22","8","50","8","4","0","Good","17.325","10.0","17.16","0","","","","48.0","48.0","48.0","55.0","48.0","0.0","48.0","52.38","55.0","0.0","0.0","-0.2917","48","0","66","66","0","0","0"
"2026-03-09T10:00:00+00:00","Lahore","10","0","3","68","0.5","-0.866025","1.0","0.0","0.920971","0.38963","0","0","0","1","35.2","25","5.0","249","19.4","1009.2","0","12.6","87","","0.0","0.0","34.0","","0.1","3","48","pm25","66","22","8","50","8","4","0","Good","16.5","10.4167","16.5","0","","","","48.0","48.0","48.0","55.0","48.0","0.0","48.0","52.08","55.0","0.0","0.0","-0.2917","48","0","66","66","0","0","0"
"2026-03-09T11:00:00+00:00","Lahore","11","0","3","68","0.258819","-0.965926","1.0","0.0","0.920971","0.38963","0","0","0","1","35.0","26","5.5","257","18.7","1009.2","0","12.6","69","","0.0","0.0","33.91","","0.0","2","48","pm25","66","22","8","50","8","4","0","Good","15.12","11.4583","17.16","0","","","","48.0","48.0","48.0","55.0","48.0","0.0","48.0","51.79","55.0","0.0","0.0","-0.2917","48","0","66","66","0","0","0"
"2026-03-09T12:00:00+00:00","Lahore","12","0","3","68","0.0","-1.0","1.0","0.0","0.920971","0.38963","0","0","0","1","33.6","27","4.3","270","18.0","1009.7","0","12.2","100","","0.0","0.0","32.31","","0.0","3","48","pm25","66","22","8","50","8","4","0","Good","19.493","8.9583","17.82","0","","","","48.0","48.0","48.0","55.0","48.0","0.0","48.0","51.5","55.0","0.0","0.0","-0.2917","48","0","66","66","0","0","0"
"2026-03-09T13:00:00+00:00","Lahore","13","0","3","68","-0.258819","-0.965926","1.0","0.0","0.920971","0.38963","0","0","0","1","32.0","34","2.0","265","12.2","1010.1","0","14.0","51","","0.0","0.0","31.33","","1.1","2","48","pm25","66","22","8","50","8","4","0","Good","44.22","4.1667","22.44","0","","","","48.0","48.0","48.0","55.0","48.0","0.0","48.0","51.21","55.0","0.0","0.0","-0.2917","48","0","66","66","0","0","0"
"2026-03-09T14:00:00+00:00","Lahore","14","0","3","68","-0.5","-0.866025","1.0","0.0","0.920971","0.38963","0","0","0","1","30.4","37","1.7","347","4.7","1010.9","0","14.0","93","","0.0","0.0","29.8","","1.0","3","48","pm25","66","22","8","50","8","4","0","Good","53.1882","3.5417","24.42","0","","","","48.0","48.0","48.0","55.0","48.0","0.0","48.0","50.92","55.0","0.0","0.0","-0.2917","48","0","66","66","0","0","0"
"2026-03-09T15:00:00+00:00","Lahore","15","0","3","68","-0.707107","-0.707107","1.0","0.0","0.920971","0.38963","0","0","0","1","28.8","40","3.1","62","5.8","1011.5","0","13.9","100","","0.0","0.0","28.41","","0.8","3","48","pm25","66","22","8","50","8","4","0","Good","29.8065","6.4583","26.4","0","","","","48.0","48.0","48.0","55.0","48.0","0.0","48.0","50.62","55.0","0.0","0.0","-0.2917","48","0","66","66","0","0","0"
"2026-03-09T16:00:00+00:00","Lahore","16","0","3","68","-0.866025","-0.5","1.0","0.0","0.920971","0.38963","0","0","0","1","27.8","46","5.9","88","10.1","1011.9","0","15.0","30","","0.0","0.0","27.91","","0.7","1","48","pm25","66","22","8","50","8","4","0","Good","16.3322","12.2917","30.36","0","","","","48.0","48.0","48.0","55.0","48.0","0.0","48.0","50.33","55.0","0.0","0.0","-0.2917","48","0","66","66","0","0","0"
"2026-03-09T17:00:00+00:00","Lahore","17","0","3","68","-0.965926","-0.258819","1.0","0.0","0.920971","0.38963","0","1","0","1","25.9","54","3.4","106","10.4","1012.7","0","15.8","100","","0.0","0.0","","","1.4","3","48","pm25","66","22","8","50","8","4","0","Good","29.8941","7.0833","35.64","0","","","","48.0","48.0","48.0","55.0","48.0","0.0","48.0","50.04","55.0","0.0","0.0","-0.2917","48","0","66","66","0","0","0"
"2026-03-09T18:00:00+00:00","Lahore","18","0","3","68","-1.0","-0.0","1.0","0.0","0.920971","0.38963","0","1","0","1","24.9","62","3.9","103","6.5","1012.9","0","17.0","91","","0.0","0.0","","","1.9","3","48","pm25","66","22","8","50","8","4","0","Good","27.4154","8.125","40.92","0","","","","48.0","48.0","48.0","55.0","48.0","0.0","48.0","49.75","55.0","0.0","0.0","-0.2917","48","0","66","66","0","0","0"
"2026-03-09T19:00:00+00:00","Lahore","19","0","3","68","-0.965926","0.258819","1.0","0.0","0.920971","0.38963","0","1","0","1","24.2","65","4.7","97","9.4","1012.8","0","17.3","45","","0.0","0.0","","","1.9","1","48","pm25","66","22","8","50","8","4","0","Good","23.1702","9.7917","42.9","0","","","","48.0","48.0","48.0","55.0","48.0","0.0","48.0","49.46","55.0","0.0","0.0","-0.2917","48","0","66","66","0","0","0"
"2026-03-09T20:00:00+00:00","Lahore","20","0","3","68","-0.866025","0.5","1.0","0.0","0.920971","0.38963","0","0","0","1","23.5","70","4.9","86","7.9","1012.9","0","17.8","100","","0.0","0.0","","","2.1","3","48","pm25","66","22","8","50","8","4","0","Good","22.898","10.2083","46.2","0","","","","48.0","48.0","48.0","55.0","48.0","0.0","48.0","49.17","55.0","0.0","0.0","-0.2917","48","0","66","66","0","0","0"
"2026-03-09T21:00:00+00:00","Lahore","21","0","3","68","-0.707107","0.707107","1.0","0.0","0.920971","0.38963","0","0","0","1","22.7","77","5.2","6","10.1","1012.9","0","18.4","97","","0.0","0.0","","","2.3","3","48","pm25","66","22","8","50","8","4","0","Good","22.4654","10.8333","50.82","0","","","","48.0","48.0","48.0","55.0","48.0","0.0","48.0","48.88","55.0","0.0","0.0","-0.2917","48","0","66","66","0","0","0"
"2026-03-09T22:00:00+00:00","Lahore","22","0","3","68","-0.5","0.866025","1.0","0.0","0.920971","0.38963","0","0","1","1","22.1","88","9.9","25","22.3","1013.0","0","20.0","100","","0.0","0.0","","","2.5","3","48","pm25","66","22","8","50","8","4","0","Good","12.5333","20.625","58.08","0","","","","48.0","48.0","48.0","55.0","48.0","0.0","48.0","48.58","55.0","0.0","0.0","-0.2917","48","0","66","66","0","0","0"
"2026-03-09T23:00:00+00:00","Lahore","23","0","3","68","-0.258819","0.965926","1.0","0.0","0.920971","0.38963","0","0","1","1","22.2","90","7.9","69","20.2","1012.4","0","20.5","99","","0.0","0.0","","","3.0","3","48","pm25","66","22","8","50","8","4","0","Good","15.8734","16.4583","59.4","0","","","","48.0","48.0","48.0","55.0","48.0","0.0","48.0","48.29","55.0","0.0","0.0","-0.2917","48","0","66","66","0","0","0"
"2026-03-10T00:00:00+00:00","Lahore","0","1","3","69","0.0","1.0","1.0","0.0","0.927542","0.37372","0","0","1","1","21.6","91","5.5","101","14.8","1013.0","0","20.1","99","","0.0","0.0","","","3.2","3","48","pm25","49","22","4","43","3","3","0","Good","17.0164","11.4583","44.59","0","","","","48.0","48.0","48.0","48.0","48.0","0.0","48.0","48.0","48.0","0.0","0.0","0.0","48","0","49","49","0","0","0"
"2026-03-10T01:00:00+00:00","Lahore","1","1","3","69","0.258819","0.965926","1.0","0.0","0.927542","0.37372","0","0","1","1","21.5","92","5.6","115","11.5","1013.5","0","20.1","100","","0.0","0.0","","","3.1","3","48","pm25","49","22","4","43","3","3","0","Good","16.8","11.6667","45.08","0","","","","48.0","48.0","48.0","48.0","48.0","0.0","48.0","48.0","48.0","0.0","0.0","0.0","48","0","49","49","0","0","0"
"2026-03-10T02:00:00+00:00","Lahore","2","1","3","69","0.5","0.866025","1.0","0.0","0.927542","0.37372","0","0","1","1","21.7","90","7.1","120","12.2","1014.5","0","20.0","100","","0.0","0.0","","","2.9","3","48","pm25","49","22","4","43","3","3","0","Good","13.1127","14.7917","44.1","0","","","","48.0","48.0","48.0","48.0","48.0","0.0","48.0","48.0","48.0","0.0","0.0","0.0","48","0","49","49","0","0","0"
"2026-03-10T03:00:00+00:00","Lahore","3","1","3","69","0.707107","0.707107","1.0","0.0","0.927542","0.37372","0","0","1","1","23.2","82","4.9","100","13.3","1015.0","0","20.0","100","","0.0","0.0","","","3.2","3","48","pm25","49","22","4","43","3","3","0","Good","18.2","10.2083","40.18","0","","","","48.0","48.0","48.0","48.0","48.0","0.0","48.0","48.0","48.0","0.0","0.0","0.0","48","0","49","49","0","0","0"
"2026-03-10T04:00:00+00:00","Lahore","4","1","3","69","0.866025","0.5","1.0","0.0","0.927542","0.37372","0","0","1","1","26.2","67","4.0","80","14.8","1015.5","0","19.7","100","","0.0","0.0","","","3.2","3","48","pm25","49","22","4","43","3","3","0","Good","20.4575","8.3333","32.83","0","","","","48.0","48.0","48.0","48.0","48.0","0.0","48.0","48.0","48.0","0.0","0.0","0.0","48","0","49","49","0","0","0"
"2026-03-10T05:00:00+00:00","Lahore","5","1","3","69","0.965926","0.258819","1.0","0.0","0.927542","0.37372","0","0","1","1","28.8","57","5.5","99","18.0","1015.4","0","19.5","100","","0.0","0.0","30.28","","2.7","3","48","pm25","49","22","4","43","3","3","0","Good","13.9873","11.4583","27.93","0","","","","48.0","48.0","48.0","48.0","48.0","0.0","48.0","48.0","48.0","0.0","0.0","0.0","48","0","49","49","0","0","0"
"2026-03-10T06:00:00+00:00","Lahore","6","1","3","69","1.0","0.0","1.0","0.0","0.927542","0.37372","0","0","0","1","29.9","54","7.8","119","18.7","1015.7","0","19.5","100","","0.0","0.0","31.55","","2.5","3","48","pm25","49","22","4","43","3","3","0","Good","9.6744","16.25","26.46","0","","","","48.0","48.0","48.0","48.0","48.0","0.0","48.0","48.0","48.0","0.0","0.0","0.0","48","0","49","49","0","0","0"
"2026-03-10T07:00:00+00:00","Lahore","7","1","3","69","0.965926","-0.258819","1.0","0.0","0.927542","0.37372","0","1","0","1","32.3","42","8.2","126","24.1","1014.8","0","17.9","100","","0.0","0.0","33.1","","2.0","3","48","pm25","49","22","4","43","3","3","0","Good","8.4854","17.0833","20.58","0","","","","48.0","48.0","48.0","48.0","48.0","0.0","48.0","48.0","48.0","0.0","0.0","0.0","48","0","49","49","0","0","0"
"2026-03-10T08:00:00+00:00","Lahore","8","1","3","69","0.866025","-0.5","1.0","0.0","0.927542","0.37372","0","1","0","1","34.7","27","7.0","138","24.8","1013.9","0","13.1","73","","0.0","0.0","33.69","","1.0","2","48","pm25","49","22","4","43","3","3","0","Good","8.89","14.5833","13.23","0","","","","48.0","48.0","48.0","48.0","48.0","0.0","48.0","48.0","48.0","0.0","0.0","0.0","48","0","49","49","0","0","0"
"2026-03-10T09:00:00+00:00","Lahore","9","1","3","69","0.707107","-0.707107","1.0","0.0","0.927542","0.37372","0","1","0","1","36.0","18","8.3","162","24.8","1012.4","0","7.7","33","","0.0","0.0","33.92","","-0.9","1","48","pm25","49","22","4","43","3","3","0","Good","6.9663","17.2917","8.82","0","","","","48.0","48.0","48.0","48.0","48.0","0.0","48.0","48.0","48.0","0.0","0.0","0.0","48","0","49","49","0","0","0"
"2026-03-10T10:00:00+00:00","Lahore","10","1","3","69","0.5","-0.866025","1.0","0.0","0.927542","0.37372","0","0","0","1","35.8","15","6.4","170","25.2","1011.5","0","4.8","87","","0.0","0.0","33.38","","-2.0","3","48","pm25","49","22","4","43","3","3","0","Good","8.8047","13.3333","7.35","0","","","","48.0","48.0","48.0","48.0","48.0","0.0","48.0","48.0","48.0","0.0","0.0","0.0","48","0","49","49","0","0","0"
"2026-03-10T11:00:00+00:00","Lahore","11","1","3","69","0.258819","-0.965926","1.0","0.0","0.927542","0.37372","0","0","0","1","34.8","15","5.5","134","20.9","1010.9","0","4.1","76","","0.0","0.0","32.38","","-2.2","2","48","pm25","49","22","4","43","3","3","0","Good","10.2455","11.4583","7.35","0","","","","48.0","48.0","48.0","48.0","48.0","0.0","48.0","48.0","48.0","0.0","0.0","0.0","48","0","49","49","0","0","0"
"2026-03-10T12:00:00+00:00","Lahore","12","1","3","69","0.0","-1.0","1.0","0.0","0.927542","0.37372","0","0","0","1","33.5","16","13.7","201","17.6","1010.9","0","4.4","100","","0.0","0.0","31.18","","-3.3","3","48","pm25","49","22","4","43","3","3","0","Good","4.1489","28.5417","7.84","0","","","","48.0","48.0","48.0","48.0","48.0","0.0","48.0","48.0","48.0","0.0","0.0","0.0","48","0","49","49","0","0","0"
"2026-03-10T13:00:00+00:00","Lahore","13","1","3","69","-0.258819","-0.965926","1.0","0.0","0.927542","0.37372","0","0","0","1","32.0","19","8.3","193","27.7","1011.2","0","5.7","100","","0.0","0.0","29.93","","-2.3","3","48","pm25","49","22","4","43","3","3","0","Good","7.0253","17.2917","9.31","0","","","","48.0","48.0","48.0","48.0","48.0","0.0","48.0","48.0","48.0","0.0","0.0","0.0","48","0","49","49","0","0","0"
"2026-03-10T14:00:00+00:00","Lahore","14","1","3","69","-0.5","-0.866025","1.0","0.0","0.927542","0.37372","0","0","0","1","30.0","24","5.1","172","16.6","1011.6","0","7.4","58","","0.0","0.0","28.39","","-1.4","2","48","pm25","49","22","4","43","3","3","0","Good","11.9137","10.625","11.76","0","","","","48.0","48.0","48.0","48.0","48.0","0.0","48.0","48.0","48.0","0.0","0.0","0.0","48","0","49","49","0","0","0"
"2026-03-10T15:00:00+00:00","Lahore","15","1","3","69","-0.707107","-0.707107","1.0","0.0","0.927542","0.37372","0","0","0","1","27.8","31","3.5","145","9.0","1012.3","0","9.1","75","","0.0","0.0","27.0","","-0.8","2","48","pm25","49","22","4","43","3","3","0","Good","18.34","7.2917","15.19","0","","","","48.0","48.0","48.0","48.0","48.0","0.0","48.0","48.0","48.0","0.0","0.0","0.0","48","0","49","49","0","0","0"
"2026-03-10T16:00:00+00:00","Lahore","16","1","3","69","-0.866025","-0.5","1.0","0.0","0.927542","0.37372","0","0","0","1","26.4","36","4.4","153","7.6","1012.4","0","10.1","95","","0.0","0.0","","","-0.6","3","48","pm25","49","22","4","43","3","3","0","Good","15.1455","9.1667","17.64","0","","","","48.0","48.0","48.0","48.0","48.0","0.0","48.0","48.0","48.0","0.0","0.0","0.0","48","0","49","49","0","0","0"
"2026-03-10T17:00:00+00:00","Lahore","17","1","3","69","-0.965926","-0.258819","1.0","0.0","0.927542","0.37372","0","1","0","1","25.6","41","1.9","112","7.6","1013.0","0","11.6","77","","0.0","0.0","","","0.2","2","48","pm25","49","22","4","43","3","3","0","Good","36.3632","3.9583","20.09","0","","","","48.0","48.0","48.0","48.0","48.0","0.0","48.0","48.0","48.0","0.0","0.0","0.0","48","0","49","49","0","0","0"
"2026-03-10T18:00:00+00:00","Lahore","18","1","3","69","-1.0","-0.0","1.0","0.0","0.927542","0.37372","0","1","0","1","24.9","53","1.6","90","7.6","1012.9","0","14.6","100","","0.0","0.0","","","1.2","3","48","pm25","49","22","4","43","3","3","0","Good","46.8562","3.3333","25.97","0","","","","48.0","48.0","48.0","48.0","48.0","0.0","48.0","48.0","48.0","0.0","0.0","0.0","48","0","49","49","0","0","0"
"2026-03-10T19:00:00+00:00","Lahore","19","1","3","69","-0.965926","0.258819","1.0","0.0","0.927542","0.37372","0","1","0","1","24.0","57","5.3","78","9.4","1012.8","0","14.9","98","","0.0","0.0","","","0.8","3","48","pm25","49","22","4","43","3","3","0","Good","14.5151","11.0417","27.93","0","","","","48.0","48.0","48.0","48.0","48.0","0.0","48.0","48.0","48.0","0.0","0.0","0.0","48","0","49","49","0","0","0"
"2026-03-10T20:00:00+00:00","Lahore","20","1","3","69","-0.866025","0.5","1.0","0.0","0.927542","0.37372","0","0","0","1","23.1","65","7.6","78","13.7","1012.4","0","16.1","100","","0.0","0.0","","","1.0","3","48","pm25","49","22","4","43","3","3","0","Good","10.6382","15.8333","31.85","0","","","","48.0","48.0","48.0","48.0","48.0","0.0","48.0","48.0","48.0","0.0","0.0","0.0","48","0","49","49","0","0","0"
"2026-03-10T21:00:00+00:00","Lahore","21","1","3","69","-0.707107","0.707107","1.0","0.0","0.927542","0.37372","0","0","0","1","23.0","70","6.0","100","13.7","1011.9","0","17.2","100","","0.0","0.0","","","1.6","3","48","pm25","49","22","4","43","3","3","0","Good","13.8833","12.5","34.3","0","","","","48.0","48.0","48.0","48.0","48.0","0.0","48.0","48.0","48.0","0.0","0.0","0.0","48","0","49","49","0","0","0"
"2026-03-10T22:00:00+00:00","Lahore","22","1","3","69","-0.5","0.866025","1.0","0.0","0.927542","0.37372","0","0","1","1","22.8","71","6.5","134","11.5","1011.2","0","17.2","100","","0.0","0.0","","","1.6","3","48","pm25","49","22","4","43","3","3","0","Good","12.8908","13.5417","34.79","0","","","","48.0","48.0","48.0","48.0","48.0","0.0","48.0","48.0","48.0","0.0","0.0","0.0","48","0","49","49","0","0","0"
"2026-03-10T23:00:00+00:00","Lahore","23","1","3","69","-0.258819","0.965926","1.0","0.0","0.927542","0.37372","0","0","1","1","22.2","71","2.7","122","11.5","1011.7","0","16.9","99","","0.0","0.0","","","2.1","3","48","pm25","49","22","4","43","3","3","0","Good","31.0333","5.625","34.79","0","","","","48.0","48.0","48.0","48.0","48.0","0.0","48.0","48.0","48.0","0.0","0.0","0.0","48","0","49","49","0","0","0"
"2026-03-11T00:00:00+00:00","Lahore","0","2","3","70","0.0","1.0","1.0","0.0","0.933837","0.357698","0","0","1","1","20.9","88","5.4","132","3.6","1012.5","0","18.8","99","","0.0","0.0","","","2.5","3","50","pm25","56","22","6","47","7","5","0","Good","19.4963","10.8","49.28","0","","","","48.0","48.0","48.0","48.0","48.0","0.0","48.0","48.0","48.0","0.0","0.0","0.0","50","0","56","56","0","0","0"
"2026-03-11T01:00:00+00:00","Lahore","1","2","3","70","0.258819","0.965926","1.0","0.0","0.933837","0.357698","0","0","1","1","20.1","91","3.5","156","9.0","1012.6","0","18.6","100","","0.0","0.0","","","2.7","3","50","pm25","56","22","6","47","7","5","0","Good","30.56","7.0","50.96","0","","","","50.0","48.0","48.0","48.0","48.67","0.94","48.33","48.08","50.0","2.0","0.3333","0.0833","50","0","56","56","0","0","0"
"2026-03-11T02:00:00+00:00","Lahore","2","2","3","70","0.5","0.866025","1.0","0.0","0.933837","0.357698","0","0","1","1","20.6","87","5.5","126","8.6","1013.2","0","18.5","57","","0.0","0.0","","","2.4","2","50","pm25","56","22","6","47","7","5","0","Good","19.04","11.0","48.72","0","","","","50.0","48.0","48.0","48.0","49.33","0.94","48.67","48.17","50.0","0.0","0.3333","0.0833","50","0","56","56","0","0","0"
"2026-03-11T03:00:00+00:00","Lahore","3","2","3","70","0.707107","0.707107","1.0","0.0","0.933837","0.357698","0","0","1","1","22.7","76","6.4","128","14.0","1013.4","0","18.2","10","","0.0","0.0","","","2.1","0","50","pm25","56","22","6","47","7","5","0","Good","15.4","12.8","42.56","0","","","","50.0","50.0","48.0","48.0","50.0","0.0","49.0","48.25","50.0","0.0","0.3333","0.0833","50","0","56","56","0","0","0"
"2026-03-11T04:00:00+00:00","Lahore","4","2","3","70","0.866025","0.5","1.0","0.0","0.933837","0.357698","0","0","1","1","26.1","57","3.6","135","15.1","1013.9","0","17.0","57","","0.0","0.0","","","2.0","2","50","pm25","56","22","6","47","7","5","0","Good","24.4222","7.2","31.92","0","","","","50.0","50.0","48.0","48.0","50.0","0.0","49.33","48.33","50.0","0.0","0.3333","0.0833","50","0","56","56","0","0","0"
"2026-03-11T05:00:00+00:00","Lahore","5","2","3","70","0.965926","0.258819","1.0","0.0","0.933837","0.357698","0","0","1","1","29.2","43","3.8","163","16.2","1014.0","0","15.3","92","","0.0","0.0","29.11","","1.2","3","50","pm25","56","22","6","47","7","5","0","Good","21.0737","7.6","24.08","0","","","","50.0","50.0","48.0","48.0","50.0","0.0","49.67","48.42","50.0","0.0","0.3333","0.0833","50","0","56","56","0","0","0"
"2026-03-11T06:00:00+00:00","Lahore","6","2","3","70","1.0","0.0","1.0","0.0","0.933837","0.357698","0","0","0","1","30.2","39","2.6","146","15.8","1013.6","0","14.6","99","","0.0","0.0","29.8","","1.8","3","50","pm25","56","22","6","47","7","5","0","Good","29.9385","5.2","21.84","0","","","","50.0","50.0","50.0","48.0","50.0","0.0","50.0","48.5","50.0","0.0","0.0","0.0833","50","0","56","56","0","0","0"
"2026-03-11T07:00:00+00:00","Lahore","7","2","3","70","0.965926","-0.258819","1.0","0.0","0.933837","0.357698","0","1","0","1","32.2","31","2.7","184","15.8","1013.2","0","12.9","92","","0.0","0.0","31.17","","1.5","3","50","pm25","56","22","6","47","7","5","0","Good","27.1704","5.4","17.36","0","","","","50.0","50.0","50.0","48.0","50.0","0.0","50.0","48.58","50.0","0.0","0.0","0.0833","50","0","56","56","0","0","0"
"2026-03-11T08:00:00+00:00","Lahore","8","2","3","70","0.866025","-0.5","1.0","0.0","0.933837","0.357698","0","1","0","1","33.3","26","3.4","183","16.9","1011.6","0","11.3","88","","0.0","0.0","31.83","","0.6","3","50","pm25","56","22","6","47","7","5","0","Good","20.7529","6.8","14.56","0","","","","50.0","50.0","50.0","48.0","50.0","0.0","50.0","48.67","50.0","0.0","0.0","0.0833","50","0","56","56","0","0","0"
"2026-03-11T09:00:00+00:00","Lahore","9","2","3","70","0.707107","-0.707107","1.0","0.0","0.933837","0.357698","0","1","0","1","33.9","25","5.4","240","20.2","1010.2","0","10.9","70","","0.0","0.0","32.4","","0.4","2","50","pm25","56","22","6","47","7","5","0","Good","12.963","10.8","14.0","0","","","","50.0","50.0","50.0","48.0","50.0","0.0","50.0","48.75","50.0","0.0","0.0","0.0833","50","0","56","56","0","0","0"
"2026-03-11T10:00:00+00:00","Lahore","10","2","3","70","0.5","-0.866025","1.0","0.0","0.933837","0.357698","0","0","0","1","33.1","29","10.0","264","27.0","1009.8","0","12.6","99","","0.6","0.6","31.98","","-0.6","53","50","pm25","56","22","6","47","7","5","0","Good","7.224","20.0","16.24","0","","","","50.0","50.0","50.0","48.0","50.0","0.0","50.0","48.83","50.0","0.0","0.0","0.0833","50","0","56","56","0","0","0"
"2026-03-11T11:00:00+00:00","Lahore","11","2","3","70","0.258819","-0.965926","1.0","0.0","0.933837","0.357698","0","0","0","1","30.9","36","9.0","290","28.1","1010.2","0","14.1","98","","0.9","0.9","30.26","","0.0","53","50","pm25","56","22","6","47","7","5","0","Good","8.4622","18.0","20.16","0","","","","50.0","50.0","50.0","48.0","50.0","0.0","50.0","48.92","50.0","0.0","0.0","0.0833","50","0","56","56","0","0","0"
"2026-03-11T12:00:00+00:00","Lahore","12","2","3","70","0.0","-1.0","1.0","0.0","0.933837","0.357698","0","0","0","1","31.1","34","8.0","320","22.3","1010.0","0","13.6","85","","0.0","0.0","30.26","","0.0","3","50","pm25","56","22","6","47","7","5","0","Good","9.38","16.0","19.04","0","","","","50.0","50.0","50.0","48.0","50.0","0.0","50.0","49.0","50.0","0.0","0.0","0.0833","50","0","56","56","0","0","0"
"2026-03-11T13:00:00+00:00","Lahore","13","2","3","70","-0.258819","-0.965926","1.0","0.0","0.933837","0.357698","0","0","0","1","29.8","39","8.1","3","20.9","1010.1","0","14.2","99","","0.0","0.0","29.35","","0.2","3","50","pm25","56","22","6","47","7","5","0","Good","9.6099","16.2","21.84","0","","","","50.0","50.0","50.0","48.0","50.0","0.0","50.0","49.08","50.0","0.0","0.0","0.0833","50","0","56","56","0","0","0"
"2026-03-11T14:00:00+00:00","Lahore","14","2","3","70","-0.5","-0.866025","1.0","0.0","0.933837","0.357698","0","0","0","1","28.2","43","6.8","17","18.0","1010.6","0","14.4","97","","0.0","0.0","28.07","","0.4","3","50","pm25","56","22","6","47","7","5","0","Good","11.7765","13.6","24.08","0","","","","50.0","50.0","50.0","48.0","50.0","0.0","50.0","49.17","50.0","0.0","0.0","0.0833","50","0","56","56","0","0","0"
"2026-03-11T15:00:00+00:00","Lahore","15","2","3","70","-0.707107","-0.707107","1.0","0.0","0.933837","0.357698","0","0","0","1","27.5","45","5.4","30","13.7","1010.9","0","14.3","100","","0.0","0.0","27.56","","0.6","3","50","pm25","56","22","6","47","7","5","0","Good","15.037","10.8","25.2","0","","","","50.0","50.0","50.0","48.0","50.0","0.0","50.0","49.25","50.0","0.0","0.0","0.0833","50","0","56","56","0","0","0"
"2026-03-11T16:00:00+00:00","Lahore","16","2","3","70","-0.866025","-0.5","1.0","0.0","0.933837","0.357698","0","0","0","1","26.6","48","5.9","40","12.2","1010.9","0","14.7","87","","0.0","0.0","","","0.7","3","50","pm25","56","22","6","47","7","5","0","Good","14.0475","11.8","26.88","0","","","","50.0","50.0","50.0","48.0","50.0","0.0","50.0","49.33","50.0","0.0","0.0","0.0833","50","0","56","56","0","0","0"
"2026-03-11T17:00:00+00:00","Lahore","17","2","3","70","-0.965926","-0.258819","1.0","0.0","0.933837","0.357698","0","1","0","1","25.6","53","3.8","45","10.8","1010.2","0","15.2","44","","0.0","0.0","","","1.2","1","50","pm25","56","22","6","47","7","5","0","Good","22.5474","7.6","29.68","0","","","","50.0","50.0","50.0","48.0","50.0","0.0","50.0","49.42","50.0","0.0","0.0","0.0833","50","0","56","56","0","0","0"
"2026-03-11T18:00:00+00:00","Lahore","18","2","3","70","-1.0","-0.0","1.0","0.0","0.933837","0.357698","0","1","0","1","25.2","72","9.9","190","6.8","1010.7","0","19.8","99","","0.0","0.0","","","2.3","3","50","pm25","56","22","6","47","7","5","0","Good","9.7293","19.8","40.32","0","","","","50.0","50.0","50.0","48.0","50.0","0.0","50.0","49.5","50.0","0.0","0.0","0.0833","50","0","56","56","0","0","0"
"2026-03-11T19:00:00+00:00","Lahore","19","2","3","70","-0.965926","0.258819","1.0","0.0","0.933837","0.357698","0","1","0","1","24.0","65","8.8","191","22.3","1010.1","0","17.0","100","","0.0","0.0","","","1.2","3","50","pm25","56","22","6","47","7","5","0","Good","10.5","17.6","36.4","0","","","","50.0","50.0","50.0","48.0","50.0","0.0","50.0","49.58","50.0","0.0","0.0","0.0833","50","0","56","56","0","0","0"
"2026-03-11T20:00:00+00:00","Lahore","20","2","3","70","-0.866025","0.5","1.0","0.0","0.933837","0.357698","0","0","0","1","23.7","66","11.2","1","19.4","1009.8","0","16.9","100","","0.0","0.0","","","0.8","3","50","pm25","56","22","6","47","7","5","0","Good","8.3","22.4","36.96","0","","","","50.0","50.0","50.0","48.0","50.0","0.0","50.0","49.67","50.0","0.0","0.0","0.0833","50","0","56","56","0","0","0"
"2026-03-11T21:00:00+00:00","Lahore","21","2","3","70","-0.707107","0.707107","1.0","0.0","0.933837","0.357698","0","0","0","1","23.6","67","5.7","44","26.3","1008.1","0","17.1","98","","0.0","0.0","","","1.7","3","50","pm25","56","22","6","47","7","5","0","Good","16.407","11.4","37.52","0","","","","50.0","50.0","50.0","48.0","50.0","0.0","50.0","49.75","50.0","0.0","0.0","0.0833","50","0","56","56","0","0","0"
"2026-03-11T22:00:00+00:00","Lahore","22","2","3","70","-0.5","0.866025","1.0","0.0","0.933837","0.357698","0","0","1","1","22.0","73","5.0","296","32.8","1008.7","0","17.0","99","","0.5","0.5","","","1.7","53","50","pm25","56","22","6","47","7","5","0","Good","19.376","10.0","40.88","0","","","","50.0","50.0","50.0","48.0","50.0","0.0","50.0","49.83","50.0","0.0","0.0","0.0833","50","0","56","56","0","0","0"
"2026-03-11T23:00:00+00:00","Lahore","23","2","3","70","-0.258819","0.965926","1.0","0.0","0.933837","0.357698","0","0","1","1","21.3","76","7.8","173","16.2","1007.3","0","17.0","100","","0.0","0.0","","","1.3","3","50","pm25","56","22","6","47","7","5","0","Good","12.6359","15.6","42.56","0","","","","50.0","50.0","50.0","48.0","50.0","0.0","50.0","49.92","50.0","0.0","0.0","0.0833","50","0","56","56","0","0","0"
"2026-03-12T00:00:00+00:00","Lahore","0","3","3","71","0.0","1.0","1.0","0.0","0.939856","0.341571","0","0","1","1","22.1","84","12.4","300","43.2","1008.2","0","19.4","100","","1.6","1.6","","","1.8","61","52","pm25","68","16","7","50","5","1","1","Moderate","10.0903","23.8462","57.12","0","","","","50.0","50.0","50.0","50.0","50.0","0.0","50.0","50.0","50.0","0.0","0.0","0.0","52","1","68","68","1","1","0"
"2026-03-12T01:00:00+00:00","Lahore","1","3","3","71","0.258819","0.965926","1.0","0.0","0.939856","0.341571","0","0","1","1","20.5","94","14.4","347","34.2","1008.8","0","19.4","98","","0.1","0.1","","","1.4","51","52","pm25","68","16","7","50","5","1","1","Moderate","9.1611","27.6923","63.92","0","","","","52.0","50.0","50.0","50.0","50.67","0.94","50.33","50.08","52.0","2.0","0.3333","0.0833","52","1","68","68","1","1","0"
"2026-03-12T02:00:00+00:00","Lahore","2","3","3","71","0.5","0.866025","1.0","0.0","0.939856","0.341571","0","0","1","1","18.5","90","23.2","351","42.5","1011.0","0","16.9","97","","15.0","15.0","","","-0.9","65","52","pm25","68","16","7","50","5","1","1","Moderate","5.569","44.6154","61.2","0","","","","52.0","50.0","50.0","50.0","51.33","0.94","50.67","50.17","52.0","0.0","0.3333","0.0833","52","1","68","68","1","1","0"
"2026-03-12T03:00:00+00:00","Lahore","3","3","3","71","0.707107","0.707107","1.0","0.0","0.939856","0.341571","0","0","1","1","19.0","86","15.9","15","45.4","1011.0","0","16.5","96","","6.6","6.6","","","-0.1","63","52","pm25","68","16","7","50","5","1","1","Moderate","7.9547","30.5769","58.48","0","","","","52.0","52.0","50.0","50.0","52.0","0.0","51.0","50.25","52.0","0.0","0.3333","0.0833","52","1","68","68","1","1","0"
"2026-03-12T04:00:00+00:00","Lahore","4","3","3","71","0.866025","0.5","1.0","0.0","0.939856","0.341571","0","0","1","1","20.4","80","10.8","62","32.0","1011.3","0","16.9","31","","0.0","0.0","","","0.8","1","52","pm25","68","16","7","50","5","1","1","Moderate","11.3333","20.7692","54.4","0","","","","52.0","52.0","50.0","50.0","52.0","0.0","51.33","50.33","52.0","0.0","0.3333","0.0833","52","1","68","68","1","1","0"
"2026-03-12T05:00:00+00:00","Lahore","5","3","3","71","0.965926","0.258819","1.0","0.0","0.939856","0.341571","0","0","1","1","22.5","74","10.3","68","27.7","1011.2","0","17.6","79","","0.0","0.0","","","1.3","2","52","pm25","68","16","7","50","5","1","1","Moderate","11.4874","19.8077","50.32","0","","","","52.0","52.0","50.0","50.0","52.0","0.0","51.67","50.42","52.0","0.0","0.3333","0.0833","52","1","68","68","1","1","0"
"2026-03-12T06:00:00+00:00","Lahore","6","3","3","71","1.0","0.0","1.0","0.0","0.939856","0.341571","0","0","0","1","23.4","69","13.2","60","26.6","1011.1","0","17.2","98","","0.0","0.0","","","1.2","3","52","pm25","68","16","7","50","5","1","1","Moderate","8.7061","25.3846","46.92","0","","","","52.0","52.0","52.0","50.0","52.0","0.0","52.0","50.5","52.0","0.0","0.0","0.0833","52","1","68","68","1","1","0"
"2026-03-12T07:00:00+00:00","Lahore","7","3","3","71","0.965926","-0.258819","1.0","0.0","0.939856","0.341571","0","1","0","1","24.9","64","8.8","47","30.2","1010.6","0","17.6","23","","0.0","0.0","","","2.6","1","52","pm25","68","16","7","50","5","1","1","Moderate","12.6727","16.9231","43.52","0","","","","52.0","52.0","52.0","50.0","52.0","0.0","52.0","50.58","52.0","0.0","0.0","0.0833","52","1","68","68","1","1","0"
"2026-03-12T08:00:00+00:00","Lahore","8","3","3","71","0.866025","-0.5","1.0","0.0","0.939856","0.341571","0","1","0","1","26.1","59","4.6","39","23.8","1009.7","0","17.5","0","","0.0","0.0","","","3.5","0","52","pm25","68","16","7","50","5","1","1","Moderate","23.5043","8.8462","40.12","0","","","","52.0","52.0","52.0","50.0","52.0","0.0","52.0","50.67","52.0","0.0","0.0","0.0833","52","1","68","68","1","1","0"
"2026-03-12T09:00:00+00:00","Lahore","9","3","3","71","0.707107","-0.707107","1.0","0.0","0.939856","0.341571","0","1","0","1","26.9","56","1.8","354","16.2","1008.7","0","17.3","0","","0.0","0.0","","","3.5","0","52","pm25","68","16","7","50","5","1","1","Moderate","58.9333","3.4615","38.08","0","","","","52.0","52.0","52.0","50.0","52.0","0.0","52.0","50.75","52.0","0.0","0.0","0.0833","52","1","68","68","1","1","0"
"2026-03-12T10:00:00+00:00","Lahore","10","3","3","71","0.5","-0.866025","1.0","0.0","0.939856","0.341571","0","0","0","1","27.1","55","2.2","346","11.5","1008.0","0","17.1","9","","0.0","0.0","27.85","","2.6","0","52","pm25","68","16","7","50","5","1","1","Moderate","47.9091","4.2308","37.4","0","","","","52.0","52.0","52.0","50.0","52.0","0.0","52.0","50.83","52.0","0.0","0.0","0.0833","52","1","68","68","1","1","0"
"2026-03-12T11:00:00+00:00","Lahore","11","3","3","71","0.258819","-0.965926","1.0","0.0","0.939856","0.341571","0","0","0","1","26.9","55","2.4","324","11.5","1007.7","0","17.1","12","","0.0","0.0","","","2.2","0","52","pm25","68","16","7","50","5","1","1","Moderate","43.9167","4.6154","37.4","0","","","","52.0","52.0","52.0","50.0","52.0","0.0","52.0","50.92","52.0","0.0","0.0","0.0833","52","1","68","68","1","1","0"
"2026-03-12T12:00:00+00:00","Lahore","12","3","3","71","0.0","-1.0","1.0","0.0","0.939856","0.341571","0","0","0","1","27.5","46","3.6","311","10.1","1007.7","0","14.9","2","","0.0","0.0","27.63","","1.1","0","52","pm25","68","16","7","50","5","1","1","Moderate","27.5778","6.9231","31.28","0","","","","52.0","52.0","52.0","50.0","52.0","0.0","52.0","51.0","52.0","0.0","0.0","0.0833","52","1","68","68","1","1","0"
"2026-03-12T13:00:00+00:00","Lahore","13","3","3","71","-0.258819","-0.965926","1.0","0.0","0.939856","0.341571","0","0","0","1","25.6","61","4.1","304","7.6","1007.9","0","17.5","2","","0.0","0.0","","","2.1","0","52","pm25","68","16","7","50","5","1","1","Moderate","26.7024","7.8846","41.48","0","","","","52.0","52.0","52.0","50.0","52.0","0.0","52.0","51.08","52.0","0.0","0.0","0.0833","52","1","68","68","1","1","0"
"2026-03-12T14:00:00+00:00","Lahore","14","3","3","71","-0.5","-0.866025","1.0","0.0","0.939856","0.341571","0","0","0","1","24.3","64","6.8","310","12.6","1008.7","0","17.0","0","","0.0","0.0","","","1.5","0","52","pm25","68","16","7","50","5","1","1","Moderate","16.4","13.0769","43.52","0","","","","52.0","52.0","52.0","50.0","52.0","0.0","52.0","51.17","52.0","0.0","0.0","0.0833","52","1","68","68","1","1","0"
"2026-03-12T15:00:00+00:00","Lahore","15","3","3","71","-0.707107","-0.707107","1.0","0.0","0.939856","0.341571","0","0","0","1","22.8","70","5.5","328","13.0","1009.6","0","17.0","0","","0.0","0.0","","","1.7","0","52","pm25","68","16","7","50","5","1","1","Moderate","21.0182","10.5769","47.6","0","","","","52.0","52.0","52.0","50.0","52.0","0.0","52.0","51.25","52.0","0.0","0.0","0.0833","52","1","68","68","1","1","0"
"2026-03-12T16:00:00+00:00","Lahore","16","3","3","71","-0.866025","-0.5","1.0","0.0","0.939856","0.341571","0","0","0","1","21.9","71","6.2","319","11.5","1010.4","0","16.3","0","","0.0","0.0","","","1.2","0","52","pm25","68","16","7","50","5","1","1","Moderate","18.7548","11.9231","48.28","0","","","","52.0","52.0","52.0","50.0","52.0","0.0","52.0","51.33","52.0","0.0","0.0","0.0833","52","1","68","68","1","1","0"
"2026-03-12T17:00:00+00:00","Lahore","17","3","3","71","-0.965926","-0.258819","1.0","0.0","0.939856","0.341571","0","1","0","1","21.2","72","7.6","333","14.4","1010.5","0","15.9","0","","0.0","0.0","","","0.9","0","52","pm25","68","16","7","50","5","1","1","Moderate","15.3895","14.6154","48.96","0","","","","52.0","52.0","52.0","50.0","52.0","0.0","52.0","51.42","52.0","0.0","0.0","0.0833","52","1","68","68","1","1","0"
"2026-03-12T18:00:00+00:00","Lahore","18","3","3","71","-1.0","-0.0","1.0","0.0","0.939856","0.341571","0","1","0","1","21.2","85","5.2","333","15.8","1010.7","0","18.5","0","","0.0","0.0","","","2.4","0","52","pm25","68","16","7","50","5","1","1","Moderate","24.1923","10.0","57.8","0","","","","52.0","52.0","52.0","50.0","52.0","0.0","52.0","51.5","52.0","0.0","0.0","0.0833","52","1","68","68","1","1","0"
"2026-03-12T19:00:00+00:00","Lahore","19","3","3","71","-0.965926","0.258819","1.0","0.0","0.939856","0.341571","0","1","0","1","21.0","85","4.6","347","9.4","1010.3","0","18.4","2","","0.0","0.0","","","2.4","0","52","pm25","68","16","7","50","5","1","1","Moderate","27.3478","8.8462","57.8","0","","","","52.0","52.0","52.0","50.0","52.0","0.0","52.0","51.58","52.0","0.0","0.0","0.0833","52","1","68","68","1","1","0"
"2026-03-12T20:00:00+00:00","Lahore","20","3","3","71","-0.866025","0.5","1.0","0.0","0.939856","0.341571","0","0","0","1","20.8","84","6.3","15","10.4","1010.3","0","17.9","99","","0.0","0.0","","","1.9","3","52","pm25","68","16","7","50","5","1","1","Moderate","19.8603","12.1154","57.12","0","","","","52.0","52.0","52.0","50.0","52.0","0.0","52.0","51.67","52.0","0.0","0.0","0.0833","52","1","68","68","1","1","0"
"2026-03-12T21:00:00+00:00","Lahore","21","3","3","71","-0.707107","0.707107","1.0","0.0","0.939856","0.341571","0","0","0","1","19.8","86","5.6","31","14.4","1009.9","0","17.4","100","","0.0","0.0","","","1.8","3","52","pm25","68","16","7","50","5","1","1","Moderate","22.5857","10.7692","58.48","0","","","","52.0","52.0","52.0","50.0","52.0","0.0","52.0","51.75","52.0","0.0","0.0","0.0833","52","1","68","68","1","1","0"
"2026-03-12T22:00:00+00:00","Lahore","22","3","3","71","-0.5","0.866025","1.0","0.0","0.939856","0.341571","0","0","1","1","18.9","88","4.9","360","9.7","1009.4","0","16.9","100","","0.0","0.0","","","1.7","3","52","pm25","68","16","7","50","5","1","1","Moderate","26.0898","9.4231","59.84","0","","","","52.0","52.0","52.0","50.0","52.0","0.0","52.0","51.83","52.0","0.0","0.0","0.0833","52","1","68","68","1","1","0"
"2026-03-12T23:00:00+00:00","Lahore","23","3","3","71","-0.258819","0.965926","1.0","0.0","0.939856","0.341571","0","0","1","1","18.7","87","6.0","350","11.2","1009.4","0","16.5","100","","0.0","0.0","","","1.4","3","52","pm25","68","16","7","50","5","1","1","Moderate","21.1933","11.5385","59.16","0","","","","52.0","52.0","52.0","50.0","52.0","0.0","52.0","51.92","52.0","0.0","0.0","0.0833","52","1","68","68","1","1","0"
"2026-03-13T00:00:00+00:00","Lahore","0","4","3","72","0.0","1.0","1.0","0.0","0.945596","0.325342","0","0","1","1","18.0","88","4.7","313","11.2","1009.4","0","15.9","100","","0.0","0.0","","","1.4","3","44","pm25","72","42","18","44","4","1","0","Good","28.8","10.6818","63.36","0","","","","52.0","52.0","52.0","52.0","52.0","0.0","52.0","52.0","52.0","0.0","0.0","0.0","44","0","72","72","0","0","0"
"2026-03-13T01:00:00+00:00","Lahore","1","4","3","72","0.258819","0.965926","1.0","0.0","0.945596","0.325342","0","0","1","1","17.8","88","4.6","339","7.6","1009.7","0","15.8","99","","0.0","0.0","","","1.2","3","44","pm25","72","42","18","44","4","1","0","Good","29.4261","10.4545","63.36","0","","","","44.0","52.0","52.0","52.0","49.33","3.77","50.67","51.67","52.0","-8.0","-1.3333","-0.3333","44","0","72","72","0","0","-1"
"2026-03-13T02:00:00+00:00","Lahore","2","4","3","72","0.5","0.866025","1.0","0.0","0.945596","0.325342","0","0","1","1","18.3","86","1.7","302","7.2","1010.3","0","15.9","100","","0.0","0.0","","","1.8","3","44","pm25","72","42","18","44","4","1","0","Good","78.7765","3.8636","61.92","0","","","","44.0","52.0","52.0","52.0","46.67","3.77","49.33","51.33","52.0","0.0","-1.3333","-0.3333","44","0","72","72","0","0","0"
"2026-03-13T03:00:00+00:00","Lahore","3","4","3","72","0.707107","0.707107","1.0","0.0","0.945596","0.325342","0","0","1","1","19.9","79","0.8","153","6.1","1011.3","0","16.2","100","","0.0","0.0","","","2.0","3","44","pm25","72","42","18","44","4","1","0","Good","161.1","1.8182","56.88","0","","","","44.0","44.0","52.0","52.0","44.0","0.0","48.0","51.0","52.0","0.0","-1.3333","-0.3333","44","0","72","72","0","0","0"
"2026-03-13T04:00:00+00:00","Lahore","4","4","3","72","0.866025","0.5","1.0","0.0","0.945596","0.325342","0","0","1","1","22.1","69","2.5","300","11.2","1012.0","0","16.2","98","","0.0","0.0","","","1.8","3","44","pm25","72","42","18","44","4","1","0","Good","48.672","5.6818","49.68","0","","","","44.0","44.0","52.0","52.0","44.0","0.0","46.67","50.67","52.0","0.0","-1.3333","-0.3333","44","0","72","72","0","0","0"
"2026-03-13T05:00:00+00:00","Lahore","5","4","3","72","0.965926","0.258819","1.0","0.0","0.945596","0.325342","0","0","1","1","24.5","59","4.1","293","15.1","1011.8","0","16.0","100","","0.0","0.0","","","1.5","3","44","pm25","72","42","18","44","4","1","0","Good","27.922","9.3182","42.48","0","","","","44.0","44.0","52.0","52.0","44.0","0.0","45.33","50.33","52.0","0.0","-1.3333","-0.3333","44","0","72","72","0","0","0"
"2026-03-13T06:00:00+00:00","Lahore","6","4","3","72","1.0","0.0","1.0","0.0","0.945596","0.325342","0","0","0","1","26.7","51","7.0","316","16.9","1011.8","0","15.9","100","","0.0","0.0","","","1.6","3","44","pm25","72","42","18","44","4","1","0","Good","15.5314","15.9091","36.72","0","","","","44.0","44.0","44.0","52.0","44.0","0.0","44.0","50.0","52.0","0.0","0.0","-0.3333","44","0","72","72","0","0","0"
"2026-03-13T07:00:00+00:00","Lahore","7","4","3","72","0.965926","-0.258819","1.0","0.0","0.945596","0.325342","0","1","0","1","28.1","43","8.4","326","22.3","1011.2","0","14.2","100","","0.0","0.0","27.97","","0.6","3","44","pm25","72","42","18","44","4","1","0","Good","12.2571","19.0909","30.96","0","","","","44.0","44.0","44.0","52.0","44.0","0.0","44.0","49.67","52.0","0.0","0.0","-0.3333","44","0","72","72","0","0","0"
"2026-03-13T08:00:00+00:00","Lahore","8","4","3","72","0.866025","-0.5","1.0","0.0","0.945596","0.325342","0","1","0","1","29.1","31","9.5","327","23.8","1010.0","0","10.1","66","","0.0","0.0","28.02","","-0.8","2","44","pm25","72","42","18","44","4","1","0","Good","9.9284","21.5909","22.32","0","","","","44.0","44.0","44.0","52.0","44.0","0.0","44.0","49.33","52.0","0.0","0.0","-0.3333","44","0","72","72","0","0","0"
"2026-03-13T09:00:00+00:00","Lahore","9","4","3","72","0.707107","-0.707107","1.0","0.0","0.945596","0.325342","0","1","0","1","29.7","26","10.8","313","26.6","1009.2","0","8.1","30","","0.0","0.0","28.24","","-1.2","1","44","pm25","72","42","18","44","4","1","0","Good","8.4","24.5455","18.72","0","","","","44.0","44.0","44.0","52.0","44.0","0.0","44.0","49.0","52.0","0.0","0.0","-0.3333","44","0","72","72","0","0","0"
"2026-03-13T10:00:00+00:00","Lahore","10","4","3","72","0.5","-0.866025","1.0","0.0","0.945596","0.325342","0","0","0","1","29.5","26","11.1","304","27.4","1008.5","0","8.1","19","","0.0","0.0","28.07","","-1.8","0","44","pm25","72","42","18","44","4","1","0","Good","8.173","25.2273","18.72","0","","","","44.0","44.0","44.0","52.0","44.0","0.0","44.0","48.67","52.0","0.0","0.0","-0.3333","44","0","72","72","0","0","0"
"2026-03-13T11:00:00+00:00","Lahore","11","4","3","72","0.258819","-0.965926","1.0","0.0","0.945596","0.325342","0","0","0","1","29.0","28","10.9","297","26.3","1008.4","0","8.6","30","","0.0","0.0","27.76","","-2.0","1","44","pm25","72","42","18","44","4","1","0","Good","8.455","24.7727","20.16","0","","","","44.0","44.0","44.0","52.0","44.0","0.0","44.0","48.33","52.0","0.0","0.0","-0.3333","44","0","72","72","0","0","0"
"2026-03-13T12:00:00+00:00","Lahore","12","4","3","72","0.0","-1.0","1.0","0.0","0.945596","0.325342","0","0","0","1","27.6","36","9.6","298","24.8","1008.6","0","11.1","79","","0.0","0.0","27.1","","-1.0","2","44","pm25","72","42","18","44","4","1","0","Good","10.2","21.8182","25.92","0","","","","44.0","44.0","44.0","52.0","44.0","0.0","44.0","48.0","52.0","0.0","0.0","-0.3333","44","0","72","72","0","0","0"
"2026-03-13T13:00:00+00:00","Lahore","13","4","3","72","-0.258819","-0.965926","1.0","0.0","0.945596","0.325342","0","0","0","1","24.6","48","6.5","298","19.4","1008.8","0","12.9","100","","0.0","0.0","","","0.0","3","44","pm25","72","42","18","44","4","1","0","Good","16.3938","14.7727","34.56","0","","","","44.0","44.0","44.0","52.0","44.0","0.0","44.0","47.67","52.0","0.0","0.0","-0.3333","44","0","72","72","0","0","0"
"2026-03-13T14:00:00+00:00","Lahore","14","4","3","72","-0.5","-0.866025","1.0","0.0","0.945596","0.325342","0","0","0","1","23.1","54","6.2","277","11.9","1009.1","0","13.3","100","","0.0","0.0","","","0.2","3","44","pm25","72","42","18","44","4","1","0","Good","17.8839","14.0909","38.88","0","","","","44.0","44.0","44.0","52.0","44.0","0.0","44.0","47.33","52.0","0.0","0.0","-0.3333","44","0","72","72","0","0","0"
"2026-03-13T15:00:00+00:00","Lahore","15","4","3","72","-0.707107","-0.707107","1.0","0.0","0.945596","0.325342","0","0","0","1","22.3","57","6.5","273","11.5","1009.5","0","13.4","100","","0.0","0.0","","","0.1","3","44","pm25","72","42","18","44","4","1","0","Good","17.3908","14.7727","41.04","0","","","","44.0","44.0","44.0","52.0","44.0","0.0","44.0","47.0","52.0","0.0","0.0","-0.3333","44","0","72","72","0","0","0"
"2026-03-13T16:00:00+00:00","Lahore","16","4","3","72","-0.866025","-0.5","1.0","0.0","0.945596","0.325342","0","0","0","1","21.9","60","6.8","268","12.6","1010.0","0","13.8","100","","0.0","0.0","","","0.2","3","44","pm25","72","42","18","44","4","1","0","Good","16.9412","15.4545","43.2","0","","","","44.0","44.0","44.0","52.0","44.0","0.0","44.0","46.67","52.0","0.0","0.0","-0.3333","44","0","72","72","0","0","0"
"2026-03-13T17:00:00+00:00","Lahore","17","4","3","72","-0.965926","-0.258819","1.0","0.0","0.945596","0.325342","0","1","0","1","21.2","62","6.7","275","12.6","1010.0","0","13.8","100","","0.0","0.0","","","0.3","3","44","pm25","72","42","18","44","4","1","0","Good","17.409","15.2273","44.64","0","","","","44.0","44.0","44.0","52.0","44.0","0.0","44.0","46.33","52.0","0.0","0.0","-0.3333","44","0","72","72","0","0","0"
"2026-03-13T18:00:00+00:00","Lahore","18","4","3","72","-1.0","-0.0","1.0","0.0","0.945596","0.325342","0","1","0","1","21.0","69","6.3","285","11.9","1009.9","0","15.2","100","","0.0","0.0","","","0.9","3","44","pm25","72","42","18","44","4","1","0","Good","19.3143","14.3182","49.68","0","","","","44.0","44.0","44.0","52.0","44.0","0.0","44.0","46.0","52.0","0.0","0.0","-0.3333","44","0","72","72","0","0","0"
"2026-03-13T19:00:00+00:00","Lahore","19","4","3","72","-0.965926","0.258819","1.0","0.0","0.945596","0.325342","0","1","0","1","20.7","70","7.3","343","14.4","1010.1","0","15.1","100","","0.0","0.0","","","0.6","3","44","pm25","72","42","18","44","4","1","0","Good","16.7671","16.5909","50.4","0","","","","44.0","44.0","44.0","52.0","44.0","0.0","44.0","45.67","52.0","0.0","0.0","-0.3333","44","0","72","72","0","0","0"
"2026-03-13T20:00:00+00:00","Lahore","20","4","3","72","-0.866025","0.5","1.0","0.0","0.945596","0.325342","0","0","0","1","20.1","69","6.1","326","14.4","1009.6","0","14.3","100","","0.0","0.0","","","0.6","3","44","pm25","72","42","18","44","4","1","0","Good","19.9475","13.8636","49.68","0","","","","44.0","44.0","44.0","52.0","44.0","0.0","44.0","45.33","52.0","0.0","0.0","-0.3333","44","0","72","72","0","0","0"
"2026-03-13T21:00:00+00:00","Lahore","21","4","3","72","-0.707107","0.707107","1.0","0.0","0.945596","0.325342","0","0","0","1","19.7","66","6.1","326","11.5","1009.2","0","13.1","99","","0.0","0.0","","","0.1","3","44","pm25","72","42","18","44","4","1","0","Good","19.5934","13.8636","47.52","0","","","","44.0","44.0","44.0","52.0","44.0","0.0","44.0","45.0","52.0","0.0","0.0","-0.3333","44","0","72","72","0","0","0"
"2026-03-13T22:00:00+00:00","Lahore","22","4","3","72","-0.5","0.866025","1.0","0.0","0.945596","0.325342","0","0","1","1","19.1","64","6.1","330","11.2","1008.7","0","12.1","86","","0.0","0.0","","","-0.2","3","44","pm25","72","42","18","44","4","1","0","Good","19.3574","13.8636","46.08","0","","","","44.0","44.0","44.0","52.0","44.0","0.0","44.0","44.67","52.0","0.0","0.0","-0.3333","44","0","72","72","0","0","0"
"2026-03-13T23:00:00+00:00","Lahore","23","4","3","72","-0.258819","0.965926","1.0","0.0","0.945596","0.325342","0","0","1","1","18.2","63","6.2","334","10.4","1008.2","0","11.1","59","","0.0","0.0","","","-0.6","2","44","pm25","72","42","18","44","4","1","0","Good","18.929","14.0909","45.36","0","","","","44.0","44.0","44.0","52.0","44.0","0.0","44.0","44.33","52.0","0.0","0.0","-0.3333","44","0","72","72","0","0","0"
"2026-03-14T00:00:00+00:00","Lahore","0","5","3","73","0.0","1.0","1.0","0.0","0.951057","0.309017","1","0","1","1","18.2","66","7.3","330","10.4","1008.3","0","11.9","86","","0.0","0.0","","","-0.5","3","40","pm25","73","32","5","45","1","3","0","Good","16.6","18.25","48.18","0","","","","44.0","44.0","44.0","44.0","44.0","0.0","44.0","44.0","44.0","0.0","0.0","0.0","40","0","73","73","0","0","0"
"2026-03-14T01:00:00+00:00","Lahore","1","5","3","73","0.258819","0.965926","1.0","0.0","0.951057","0.309017","1","0","1","1","17.5","68","7.5","336","13.7","1008.9","0","11.5","45","","0.0","0.0","","","-0.7","1","40","pm25","73","32","5","45","1","3","0","Good","16.352","18.75","49.64","0","","","","40.0","44.0","44.0","44.0","42.67","1.89","43.33","43.83","44.0","-4.0","-0.6667","-0.1667","40","0","73","73","0","0","0"
"2026-03-14T02:00:00+00:00","Lahore","2","5","3","73","0.5","0.866025","1.0","0.0","0.951057","0.309017","1","0","1","1","17.8","66","7.9","336","14.8","1009.1","0","11.3","100","","0.0","0.0","","","-0.8","3","40","pm25","73","32","5","45","1","3","0","Good","15.3392","19.75","48.18","0","","","","40.0","44.0","44.0","44.0","41.33","1.89","42.67","43.67","44.0","0.0","-0.6667","-0.1667","40","0","73","73","0","0","0"
"2026-03-14T03:00:00+00:00","Lahore","3","5","3","73","0.707107","0.707107","1.0","0.0","0.951057","0.309017","1","0","1","1","19.6","61","8.0","326","15.1","1009.6","0","12.0","100","","0.0","0.0","","","-0.5","3","40","pm25","73","32","5","45","1","3","0","Good","14.6912","20.0","44.53","0","","","","40.0","40.0","44.0","44.0","40.0","0.0","42.0","43.5","44.0","0.0","-0.6667","-0.1667","40","0","73","73","0","0","0"
"2026-03-14T04:00:00+00:00","Lahore","4","5","3","73","0.866025","0.5","1.0","0.0","0.951057","0.309017","1","0","1","1","22.1","56","4.4","308","14.4","1010.2","0","12.9","100","","0.0","0.0","","","0.3","3","40","pm25","73","32","5","45","1","3","0","Good","25.8818","11.0","40.88","0","","","","40.0","40.0","44.0","44.0","40.0","0.0","41.33","43.33","44.0","0.0","-0.6667","-0.1667","40","0","73","73","0","0","0"
"2026-03-14T05:00:00+00:00","Lahore","5","5","3","73","0.965926","0.258819","1.0","0.0","0.951057","0.309017","1","0","1","1","24.2","50","4.4","322","14.0","1010.3","0","13.1","100","","0.0","0.0","","","0.4","3","40","pm25","73","32","5","45","1","3","0","Good","24.8864","11.0","36.5","0","","","","40.0","40.0","44.0","44.0","40.0","0.0","40.67","43.17","44.0","0.0","-0.6667","-0.1667","40","0","73","73","0","0","0"
"2026-03-14T06:00:00+00:00","Lahore","6","5","3","73","1.0","0.0","1.0","0.0","0.951057","0.309017","1","0","0","1","26.8","39","7.6","346","18.4","1010.2","0","11.9","100","","0.0","0.0","","","0.0","3","40","pm25","73","32","5","45","1","3","0","Good","13.3513","19.0","28.47","0","","","","40.0","40.0","40.0","44.0","40.0","0.0","40.0","43.0","44.0","0.0","0.0","-0.1667","40","0","73","73","0","0","0"
"2026-03-14T07:00:00+00:00","Lahore","7","5","3","73","0.965926","-0.258819","1.0","0.0","0.951057","0.309017","1","1","0","1","28.1","33","6.9","343","21.2","1009.6","0","10.1","98","","0.0","0.0","27.32","","-0.2","3","40","pm25","73","32","5","45","1","3","0","Good","14.071","17.25","24.09","0","","","","40.0","40.0","40.0","44.0","40.0","0.0","40.0","42.83","44.0","0.0","0.0","-0.1667","40","0","73","73","0","0","0"
"2026-03-14T08:00:00+00:00","Lahore","8","5","3","73","0.866025","-0.5","1.0","0.0","0.951057","0.309017","1","1","0","1","29.0","27","6.4","313","20.2","1008.9","0","7.9","79","","0.0","0.0","27.72","","-0.8","2","40","pm25","73","32","5","45","1","3","0","Good","14.4859","16.0","19.71","0","","","","40.0","40.0","40.0","44.0","40.0","0.0","40.0","42.67","44.0","0.0","0.0","-0.1667","40","0","73","73","0","0","0"
"2026-03-14T09:00:00+00:00","Lahore","9","5","3","73","0.707107","-0.707107","1.0","0.0","0.951057","0.309017","1","1","0","1","29.8","24","7.6","298","21.2","1007.8","0","6.8","91","","0.0","0.0","28.23","","-1.0","3","40","pm25","73","32","5","45","1","3","0","Good","11.9105","19.0","17.52","0","","","","40.0","40.0","40.0","44.0","40.0","0.0","40.0","42.5","44.0","0.0","0.0","-0.1667","40","0","73","73","0","0","0"
"2026-03-14T10:00:00+00:00","Lahore","10","5","3","73","0.5","-0.866025","1.0","0.0","0.951057","0.309017","1","0","0","1","29.9","22","7.2","298","21.2","1006.8","0","5.8","23","","0.0","0.0","28.23","","-1.8","1","40","pm25","73","32","5","45","1","3","0","Good","12.3694","18.0","16.06","0","","","","40.0","40.0","40.0","44.0","40.0","0.0","40.0","42.33","44.0","0.0","0.0","-0.1667","40","0","73","73","0","0","0"
"2026-03-14T11:00:00+00:00","Lahore","11","5","3","73","0.258819","-0.965926","1.0","0.0","0.951057","0.309017","1","0","0","1","29.5","23","6.6","296","19.8","1006.1","0","6.3","5","","0.0","0.0","27.94","","-1.9","0","40","pm25","73","32","5","45","1","3","0","Good","13.6045","16.5","16.79","0","","","","40.0","40.0","40.0","44.0","40.0","0.0","40.0","42.17","44.0","0.0","0.0","-0.1667","40","0","73","73","0","0","0"
"2026-03-14T12:00:00+00:00","Lahore","12","5","3","73","0.0","-1.0","1.0","0.0","0.951057","0.309017","1","0","0","1","27.6","37","3.3","283","16.9","1006.1","0","11.6","100","","0.0","0.0","27.15","","0.0","3","40","pm25","73","32","5","45","1","3","0","Good","30.3061","8.25","27.01","0","","","","40.0","40.0","40.0","44.0","40.0","0.0","40.0","42.0","44.0","0.0","0.0","-0.1667","40","0","73","73","0","0","0"
"2026-03-14T13:00:00+00:00","Lahore","13","5","3","73","-0.258819","-0.965926","1.0","0.0","0.951057","0.309017","1","0","0","1","25.9","40","4.7","266","6.5","1006.4","0","11.4","100","","0.0","0.0","","","-0.3","3","40","pm25","73","32","5","45","1","3","0","Good","21.7447","11.75","29.2","0","","","","40.0","40.0","40.0","44.0","40.0","0.0","40.0","41.83","44.0","0.0","0.0","-0.1667","40","0","73","73","0","0","0"
"2026-03-14T14:00:00+00:00","Lahore","14","5","3","73","-0.5","-0.866025","1.0","0.0","0.951057","0.309017","1","0","0","1","24.8","39","5.4","264","9.4","1006.9","0","10.1","100","","0.0","0.0","","","-0.8","3","40","pm25","73","32","5","45","1","3","0","Good","18.7907","13.5","28.47","0","","","","40.0","40.0","40.0","44.0","40.0","0.0","40.0","41.67","44.0","0.0","0.0","-0.1667","40","0","73","73","0","0","0"
"2026-03-14T15:00:00+00:00","Lahore","15","5","3","73","-0.707107","-0.707107","1.0","0.0","0.951057","0.309017","1","0","0","1","24.4","43","3.6","267","8.6","1007.6","0","10.9","100","","0.0","0.0","","","-0.2","3","40","pm25","73","32","5","45","1","3","0","Good","28.9972","9.0","31.39","0","","","","40.0","40.0","40.0","44.0","40.0","0.0","40.0","41.5","44.0","0.0","0.0","-0.1667","40","0","73","73","0","0","0"
"2026-03-14T16:00:00+00:00","Lahore","16","5","3","73","-0.866025","-0.5","1.0","0.0","0.951057","0.309017","1","0","0","1","23.5","46","3.1","242","5.0","1008.2","0","11.4","100","","0.0","0.0","","","0.0","3","40","pm25","73","32","5","45","1","3","0","Good","34.3806","7.75","33.58","0","","","","40.0","40.0","40.0","44.0","40.0","0.0","40.0","41.33","44.0","0.0","0.0","-0.1667","40","0","73","73","0","0","0"
"2026-03-14T17:00:00+00:00","Lahore","17","5","3","73","-0.965926","-0.258819","1.0","0.0","0.951057","0.309017","1","1","0","1","22.9","48","2.9","210","4.3","1008.3","0","11.4","100","","0.0","0.0","","","0.0","3","40","pm25","73","32","5","45","1","3","0","Good","37.2552","7.25","35.04","0","","","","40.0","40.0","40.0","44.0","40.0","0.0","40.0","41.17","44.0","0.0","0.0","-0.1667","40","0","73","73","0","0","0"
"2026-03-14T18:00:00+00:00","Lahore","18","5","3","73","-1.0","-0.0","1.0","0.0","0.951057","0.309017","1","1","0","1","22.7","52","4.7","198","6.1","1008.3","0","12.2","100","","0.0","0.0","","","0.0","3","40","pm25","73","32","5","45","1","3","0","Good","23.6085","11.75","37.96","0","","","","40.0","40.0","40.0","44.0","40.0","0.0","40.0","41.0","44.0","0.0","0.0","-0.1667","40","0","73","73","0","0","0"
"2026-03-14T19:00:00+00:00","Lahore","19","5","3","73","-0.965926","0.258819","1.0","0.0","0.951057","0.309017","1","1","0","1","23.1","49","1.5","159","6.5","1008.0","0","11.9","97","","0.0","0.0","","","0.4","3","40","pm25","73","32","5","45","1","3","0","Good","72.5133","3.75","35.77","0","","","","40.0","40.0","40.0","44.0","40.0","0.0","40.0","40.83","44.0","0.0","0.0","-0.1667","40","0","73","73","0","0","0"
"2026-03-14T20:00:00+00:00","Lahore","20","5","3","73","-0.866025","0.5","1.0","0.0","0.951057","0.309017","1","0","0","1","20.1","56","5.0","69","7.2","1007.8","0","11.1","100","","0.0","0.0","","","-0.3","3","40","pm25","73","32","5","45","1","3","0","Good","22.776","12.5","40.88","0","","","","40.0","40.0","40.0","44.0","40.0","0.0","40.0","40.67","44.0","0.0","0.0","-0.1667","40","0","73","73","0","0","0"
"2026-03-14T21:00:00+00:00","Lahore","21","5","3","73","-0.707107","0.707107","1.0","0.0","0.951057","0.309017","1","0","0","1","18.8","62","5.8","68","12.6","1007.5","0","11.3","100","","0.0","0.0","","","-0.5","3","40","pm25","73","32","5","45","1","3","0","Good","20.3897","14.5","45.26","0","","","","40.0","40.0","40.0","44.0","40.0","0.0","40.0","40.5","44.0","0.0","0.0","-0.1667","40","0","73","73","0","0","0"
"2026-03-14T22:00:00+00:00","Lahore","22","5","3","73","-0.5","0.866025","1.0","0.0","0.951057","0.309017","1","0","1","1","18.0","70","3.0","205","10.1","1007.6","0","12.6","99","","0.0","0.0","","","0.4","3","40","pm25","73","32","5","45","1","3","0","Good","41.3667","7.5","51.1","0","","","","40.0","40.0","40.0","44.0","40.0","0.0","40.0","40.33","44.0","0.0","0.0","-0.1667","40","0","73","73","0","0","0"
"2026-03-14T23:00:00+00:00","Lahore","23","5","3","73","-0.258819","0.965926","1.0","0.0","0.951057","0.309017","1","0","1","1","17.5","76","9.0","240","43.6","1009.1","0","13.1","100","","1.4","1.4","","","-0.4","61","40","pm25","73","32","5","45","1","3","0","Good","14.2756","22.5","55.48","0","","","","40.0","40.0","40.0","44.0","40.0","0.0","40.0","40.17","44.0","0.0","0.0","-0.1667","40","0","73","73","0","0","0"
"2026-03-15T00:00:00+00:00","Lahore","0","6","3","74","0.0","1.0","1.0","0.0","0.956235","0.2926","1","0","1","1","19.0","67","9.6","250","15.5","1008.2","0","12.7","100","","0.0","0.0","","","-0.5","3","37","pm25","64","15","8","40","2","8","0","Good","11.1333","25.9459","42.88","0","","","","40.0","40.0","40.0","40.0","40.0","0.0","40.0","40.0","40.0","0.0","0.0","0.0","37","0","64","64","0","0","0"
"2026-03-15T01:00:00+00:00","Lahore","1","6","3","74","0.258819","0.965926","1.0","0.0","0.956235","0.2926","1","0","1","1","18.4","74","11.3","260","28.8","1008.8","0","13.6","100","","0.3","0.3","","","-0.5","51","37","pm25","64","15","8","40","2","8","0","Good","9.8549","30.5405","47.36","0","","","","37.0","40.0","40.0","40.0","39.0","1.41","39.5","39.88","40.0","-3.0","-0.5","-0.125","37","0","64","64","0","0","0"
"2026-03-15T02:00:00+00:00","Lahore","2","6","3","74","0.5","0.866025","1.0","0.0","0.956235","0.2926","1","0","1","1","17.9","80","11.0","328","21.6","1008.6","0","14.4","100","","0.3","0.3","","","-0.1","51","37","pm25","64","15","8","40","2","8","0","Good","10.4727","29.7297","51.2","0","","","","37.0","40.0","40.0","40.0","38.0","1.41","39.0","39.75","40.0","0.0","-0.5","-0.125","37","0","64","64","0","0","0"
"2026-03-15T03:00:00+00:00","Lahore","3","6","3","74","0.707107","0.707107","1.0","0.0","0.956235","0.2926","1","0","1","1","18.4","82","10.2","37","22.0","1009.0","0","15.3","98","","0.0","0.0","","","0.3","3","37","pm25","64","15","8","40","2","8","0","Good","11.4196","27.5676","52.48","0","","","","37.0","37.0","40.0","40.0","37.0","0.0","38.5","39.62","40.0","0.0","-0.5","-0.125","37","0","64","64","0","0","0"
"2026-03-15T04:00:00+00:00","Lahore","4","6","3","74","0.866025","0.5","1.0","0.0","0.956235","0.2926","1","0","1","1","20.4","72","10.6","43","25.6","1010.0","0","15.1","98","","0.0","0.0","","","0.1","3","37","pm25","64","15","8","40","2","8","0","Good","10.3849","28.6486","46.08","0","","","","37.0","37.0","40.0","40.0","37.0","0.0","38.0","39.5","40.0","0.0","-0.5","-0.125","37","0","64","64","0","0","0"
"2026-03-15T05:00:00+00:00","Lahore","5","6","3","74","0.965926","0.258819","1.0","0.0","0.956235","0.2926","1","0","1","1","21.4","64","9.6","49","25.6","1010.4","0","14.3","98","","0.0","0.0","","","0.0","3","37","pm25","64","15","8","40","2","8","0","Good","10.9333","25.9459","40.96","0","","","","37.0","37.0","40.0","40.0","37.0","0.0","37.5","39.38","40.0","0.0","-0.5","-0.125","37","0","64","64","0","0","0"
"2026-03-15T06:00:00+00:00","Lahore","6","6","3","74","1.0","0.0","1.0","0.0","0.956235","0.2926","1","0","0","1","22.4","59","17.1","86","38.2","1010.7","0","14.0","16","","1.1","1.1","","","-0.8","55","37","pm25","64","15","8","40","2","8","0","Good","5.9509","46.2162","37.76","0","","","","37.0","37.0","37.0","40.0","37.0","0.0","37.0","39.25","40.0","0.0","0.0","-0.125","37","0","64","64","0","0","0"
"2026-03-15T07:00:00+00:00","Lahore","7","6","3","74","0.965926","-0.258819","1.0","0.0","0.956235","0.2926","1","1","0","1","22.5","56","13.4","105","39.2","1010.6","0","13.2","74","","0.4","0.4","","","0.4","51","37","pm25","64","15","8","40","2","8","0","Good","7.4507","36.2162","35.84","0","","","","37.0","37.0","37.0","40.0","37.0","0.0","37.0","39.12","40.0","0.0","0.0","-0.125","37","0","64","64","0","0","0"
"2026-03-15T08:00:00+00:00","Lahore","8","6","3","74","0.866025","-0.5","1.0","0.0","0.956235","0.2926","1","1","0","1","21.5","60","10.2","99","32.8","1010.8","0","13.6","99","","0.2","0.2","","","-0.3","51","37","pm25","64","15","8","40","2","8","0","Good","10.0392","27.5676","38.4","0","","","","37.0","37.0","37.0","40.0","37.0","0.0","37.0","39.0","40.0","0.0","0.0","-0.125","37","0","64","64","0","0","0"
"2026-03-15T09:00:00+00:00","Lahore","9","6","3","74","0.707107","-0.707107","1.0","0.0","0.956235","0.2926","1","1","0","1","20.8","65","12.5","130","28.1","1008.7","0","13.9","80","","0.0","0.0","","","-0.6","3","37","pm25","64","15","8","40","2","8","0","Good","8.448","33.7838","41.6","0","","","","37.0","37.0","37.0","40.0","37.0","0.0","37.0","38.88","40.0","0.0","0.0","-0.125","37","0","64","64","0","0","0"
"2026-03-15T10:00:00+00:00","Lahore","10","6","3","74","0.5","-0.866025","1.0","0.0","0.956235","0.2926","1","0","0","1","21.5","62","16.8","145","42.1","1008.4","0","14.0","98","","0.3","0.3","","","-1.1","51","37","pm25","64","15","8","40","2","8","0","Good","6.1714","45.4054","39.68","0","","","","37.0","37.0","37.0","40.0","37.0","0.0","37.0","38.75","40.0","0.0","0.0","-0.125","37","0","64","64","0","0","0"
"2026-03-15T11:00:00+00:00","Lahore","11","6","3","74","0.258819","-0.965926","1.0","0.0","0.956235","0.2926","1","0","0","1","20.2","68","9.4","162","36.7","1008.9","0","14.2","98","","1.2","1.2","","","0.0","55","37","pm25","64","15","8","40","2","8","0","Good","11.4383","25.4054","43.52","0","","","","37.0","37.0","37.0","40.0","37.0","0.0","37.0","38.62","40.0","0.0","0.0","-0.125","37","0","64","64","0","0","0"
"2026-03-15T12:00:00+00:00","Lahore","12","6","3","74","0.0","-1.0","1.0","0.0","0.956235","0.2926","1","0","0","1","17.7","79","9.8","95","23.0","1010.2","0","14.1","96","","0.0","0.0","","","-0.1","3","37","pm25","64","15","8","40","2","8","0","Good","11.6898","26.4865","50.56","0","","","","37.0","37.0","37.0","40.0","37.0","0.0","37.0","38.5","40.0","0.0","0.0","-0.125","37","0","64","64","0","0","0"
"2026-03-15T13:00:00+00:00","Lahore","13","6","3","74","-0.258819","-0.965926","1.0","0.0","0.956235","0.2926","1","0","0","1","16.4","89","11.4","106","22.3","1011.0","0","14.6","99","","2.1","2.1","","","-0.1","61","37","pm25","64","15","8","40","2","8","0","Good","10.6105","30.8108","56.96","0","","","","37.0","37.0","37.0","40.0","37.0","0.0","37.0","38.38","40.0","0.0","0.0","-0.125","37","0","64","64","0","0","0"
"2026-03-15T14:00:00+00:00","Lahore","14","6","3","74","-0.5","-0.866025","1.0","0.0","0.956235","0.2926","1","0","0","1","16.3","85","11.3","99","34.9","1009.3","0","13.9","3","","0.0","0.0","","","-0.4","0","37","pm25","64","15","8","40","2","8","0","Good","10.4779","30.5405","54.4","0","","","","37.0","37.0","37.0","40.0","37.0","0.0","37.0","38.25","40.0","0.0","0.0","-0.125","37","0","64","64","0","0","0"
"2026-03-15T15:00:00+00:00","Lahore","15","6","3","74","-0.707107","-0.707107","1.0","0.0","0.956235","0.2926","1","0","0","1","15.9","88","8.5","73","19.4","1009.7","0","14.0","1","","0.0","0.0","","","0.1","0","37","pm25","64","15","8","40","2","8","0","Good","14.1553","22.973","56.32","0","","","","37.0","37.0","37.0","40.0","37.0","0.0","37.0","38.12","40.0","0.0","0.0","-0.125","37","0","64","64","0","0","0"
"2026-03-15T16:00:00+00:00","Lahore","16","6","3","74","-0.866025","-0.5","1.0","0.0","0.956235","0.2926","1","0","0","1","15.6","91","11.4","87","21.6","1010.4","0","14.1","0","","0.0","0.0","","","-0.2","0","37","pm25","64","15","8","40","2","8","0","Good","10.7228","30.8108","58.24","0","","","","37.0","37.0","37.0","40.0","37.0","0.0","37.0","38.0","40.0","0.0","0.0","-0.125","37","0","64","64","0","0","0"
"2026-03-15T17:00:00+00:00","Lahore","17","6","3","74","-0.965926","-0.258819","1.0","0.0","0.956235","0.2926","1","1","0","1","15.6","89","11.5","88","21.6","1011.0","0","13.8","11","","0.0","0.0","","","-0.5","0","37","pm25","64","15","8","40","2","8","0","Good","10.5183","31.0811","56.96","0","","","","37.0","37.0","37.0","40.0","37.0","0.0","37.0","37.88","40.0","0.0","0.0","-0.125","37","0","64","64","0","0","0"
"2026-03-15T18:00:00+00:00","Lahore","18","6","3","74","-1.0","-0.0","1.0","0.0","0.956235","0.2926","1","1","0","1","15.4","88","13.2","55","21.6","1010.9","0","13.4","17","","0.0","0.0","","","-0.9","0","37","pm25","64","15","8","40","2","8","0","Good","9.1152","35.6757","56.32","0","","","","37.0","37.0","37.0","40.0","37.0","0.0","37.0","37.75","40.0","0.0","0.0","-0.125","37","0","64","64","0","0","0"
"2026-03-15T19:00:00+00:00","Lahore","19","6","3","74","-0.965926","0.258819","1.0","0.0","0.956235","0.2926","1","1","0","1","15.1","89","11.9","58","25.6","1010.8","0","13.3","30","","0.0","0.0","","","-0.6","1","37","pm25","64","15","8","40","2","8","0","Good","10.1647","32.1622","56.96","0","","","","37.0","37.0","37.0","40.0","37.0","0.0","37.0","37.62","40.0","0.0","0.0","-0.125","37","0","64","64","0","0","0"
"2026-03-15T20:00:00+00:00","Lahore","20","6","3","74","-0.866025","0.5","1.0","0.0","0.956235","0.2926","1","0","0","1","14.8","86","15.0","42","28.4","1010.5","0","12.4","42","","0.0","0.0","","","-1.4","1","37","pm25","64","15","8","40","2","8","0","Good","7.936","40.5405","55.04","0","","","","37.0","37.0","37.0","40.0","37.0","0.0","37.0","37.5","40.0","0.0","0.0","-0.125","37","0","64","64","0","0","0"
"2026-03-15T21:00:00+00:00","Lahore","21","6","3","74","-0.707107","0.707107","1.0","0.0","0.956235","0.2926","1","0","0","1","15.1","81","17.5","91","34.9","1008.7","0","11.8","49","","0.0","0.0","","","-2.0","1","37","pm25","64","15","8","40","2","8","0","Good","6.6194","47.2973","51.84","0","","","","37.0","37.0","37.0","40.0","37.0","0.0","37.0","37.38","40.0","0.0","0.0","-0.125","37","0","64","64","0","0","0"
"2026-03-15T22:00:00+00:00","Lahore","22","6","3","74","-0.5","0.866025","1.0","0.0","0.956235","0.2926","1","0","1","1","14.5","85","10.7","82","34.2","1009.0","0","12.1","8","","0.0","0.0","","","-0.9","0","37","pm25","64","15","8","40","2","8","0","Good","11.0654","28.9189","54.4","0","","","","37.0","37.0","37.0","40.0","37.0","0.0","37.0","37.25","40.0","0.0","0.0","-0.125","37","0","64","64","0","0","0"
"2026-03-15T23:00:00+00:00","Lahore","23","6","3","74","-0.258819","0.965926","1.0","0.0","0.956235","0.2926","1","0","1","1","14.3","85","10.2","80","21.6","1008.8","0","11.8","24","","0.0","0.0","","","-1.0","1","37","pm25","64","15","8","40","2","8","0","Good","11.6078","27.5676","54.4","0","","","","37.0","37.0","37.0","40.0","37.0","0.0","37.0","37.12","40.0","0.0","0.0","-0.125","37","0","64","64","0","0","0"
"2026-03-16T00:00:00+00:00","Lahore","0","0","3","75","0.0","1.0","1.0","0.0","0.96113","0.276097","0","0","1","1","14.7","81","13.1","25","23.8","1010.9","0","11.5","29","","0.0","0.0","","","-1.5","1","35","pm25","59","37","23","43","4","4","0","Good","8.1519","37.4286","47.79","0","","","","37.0","37.0","37.0","37.0","37.0","0.0","37.0","37.0","37.0","0.0","0.0","0.0","35","0","59","59","0","0","0"
"2026-03-16T01:00:00+00:00","Lahore","1","0","3","75","0.258819","0.965926","1.0","0.0","0.96113","0.276097","0","0","1","1","13.9","80","13.2","17","29.9","1011.4","0","10.5","65","","0.0","0.0","","","-1.7","2","35","pm25","59","37","23","43","4","4","0","Good","8.0455","37.7143","47.2","0","","","","35.0","37.0","37.0","37.0","36.33","0.94","36.67","36.92","37.0","-2.0","-0.3333","-0.0833","35","0","59","59","0","0","0"
"2026-03-16T02:00:00+00:00","Lahore","2","0","3","75","0.5","0.866025","1.0","0.0","0.96113","0.276097","0","0","1","1","13.7","85","10.8","21","25.6","1012.2","0","11.2","67","","0.0","0.0","","","-1.2","2","35","pm25","59","37","23","43","4","4","0","Good","10.1065","30.8571","50.15","0","","","","35.0","37.0","37.0","37.0","35.67","0.94","36.33","36.83","37.0","0.0","-0.3333","-0.0833","35","0","59","59","0","0","0"
"2026-03-16T03:00:00+00:00","Lahore","3","0","3","75","0.707107","0.707107","1.0","0.0","0.96113","0.276097","0","0","1","1","14.6","85","11.9","49","26.3","1012.3","0","12.1","59","","0.0","0.0","","","-1.1","2","35","pm25","59","37","23","43","4","4","0","Good","9.1723","34.0","50.15","0","","","","35.0","35.0","37.0","37.0","35.0","0.0","36.0","36.75","37.0","0.0","-0.3333","-0.0833","35","0","59","59","0","0","0"
"2026-03-16T04:00:00+00:00","Lahore","4","0","3","75","0.866025","0.5","1.0","0.0","0.96113","0.276097","0","0","1","1","15.9","81","12.0","54","28.1","1012.4","0","12.6","41","","0.2","0.2","","","-0.9","51","35","pm25","59","37","23","43","4","4","0","Good","8.8992","34.2857","47.79","0","","","","35.0","35.0","37.0","37.0","35.0","0.0","35.67","36.67","37.0","0.0","-0.3333","-0.0833","35","0","59","59","0","0","0"
"2026-03-16T05:00:00+00:00","Lahore","5","0","3","75","0.965926","0.258819","1.0","0.0","0.96113","0.276097","0","0","1","1","18.1","70","11.0","65","29.5","1011.9","0","12.5","93","","0.0","0.0","","","-0.8","3","35","pm25","59","37","23","43","4","4","0","Good","9.1182","31.4286","41.3","0","","","","35.0","35.0","37.0","37.0","35.0","0.0","35.33","36.58","37.0","0.0","-0.3333","-0.0833","35","0","59","59","0","0","0"
"2026-03-16T06:00:00+00:00","Lahore","6","0","3","75","1.0","0.0","1.0","0.0","0.96113","0.276097","0","0","0","1","17.1","75","12.8","58","27.4","1011.9","0","12.8","66","","0.0","0.0","","","-0.9","2","35","pm25","59","37","23","43","4","4","0","Good","8.0664","36.5714","44.25","0","","","","35.0","35.0","35.0","37.0","35.0","0.0","35.0","36.5","37.0","0.0","0.0","-0.0833","35","0","59","59","0","0","0"
"2026-03-16T07:00:00+00:00","Lahore","7","0","3","75","0.965926","-0.258819","1.0","0.0","0.96113","0.276097","0","1","0","1","18.2","68","11.4","78","29.2","1011.7","0","12.2","15","","0.0","0.0","","","-1.0","0","35","pm25","59","37","23","43","4","4","0","Good","8.6947","32.5714","40.12","0","","","","35.0","35.0","35.0","37.0","35.0","0.0","35.0","36.42","37.0","0.0","0.0","-0.0833","35","0","59","59","0","0","0"
"2026-03-16T08:00:00+00:00","Lahore","8","0","3","75","0.866025","-0.5","1.0","0.0","0.96113","0.276097","0","1","0","1","20.7","58","10.1","86","31.7","1010.9","0","12.1","18","","0.0","0.0","","","0.5","0","35","pm25","59","37","23","43","4","4","0","Good","9.2297","28.8571","34.22","0","","","","35.0","35.0","35.0","37.0","35.0","0.0","35.0","36.33","37.0","0.0","0.0","-0.0833","35","0","59","59","0","0","0"
"2026-03-16T09:00:00+00:00","Lahore","9","0","3","75","0.707107","-0.707107","1.0","0.0","0.96113","0.276097","0","1","0","1","21.0","55","10.9","52","27.7","1010.5","0","11.6","23","","0.0","0.0","","","-0.5","1","35","pm25","59","37","23","43","4","4","0","Good","8.3899","31.1429","32.45","0","","","","35.0","35.0","35.0","37.0","35.0","0.0","35.0","36.25","37.0","0.0","0.0","-0.0833","35","0","59","59","0","0","0"
"2026-03-16T10:00:00+00:00","Lahore","10","0","3","75","0.5","-0.866025","1.0","0.0","0.96113","0.276097","0","0","0","1","20.7","57","9.9","37","28.1","1010.4","0","11.9","21","","0.0","0.0","","","-0.5","1","35","pm25","59","37","23","43","4","4","0","Good","9.3566","28.2857","33.63","0","","","","35.0","35.0","35.0","37.0","35.0","0.0","35.0","36.17","37.0","0.0","0.0","-0.0833","35","0","59","59","0","0","0"
"2026-03-16T11:00:00+00:00","Lahore","11","0","3","75","0.258819","-0.965926","1.0","0.0","0.96113","0.276097","0","0","0","1","20.2","59","8.9","40","25.2","1009.7","0","11.9","12","","0.0","0.0","","","-0.7","0","35","pm25","59","37","23","43","4","4","0","Good","10.5404","25.4286","34.81","0","","","","35.0","35.0","35.0","37.0","35.0","0.0","35.0","36.08","37.0","0.0","0.0","-0.0833","35","0","59","59","0","0","0"
"2026-03-16T12:00:00+00:00","Lahore","12","0","3","75","0.0","-1.0","1.0","0.0","0.96113","0.276097","0","0","0","1","21.1","55","8.5","36","21.6","1009.7","0","11.6","13","","0.0","0.0","","","-0.7","0","35","pm25","59","37","23","43","4","4","0","Good","10.7588","24.2857","32.45","0","","","","35.0","35.0","35.0","37.0","35.0","0.0","35.0","36.0","37.0","0.0","0.0","-0.0833","35","0","59","59","0","0","0"
"2026-03-16T13:00:00+00:00","Lahore","13","0","3","75","-0.258819","-0.965926","1.0","0.0","0.96113","0.276097","0","0","0","1","18.9","68","6.1","40","18.0","1010.0","0","12.9","0","","0.0","0.0","","","0.0","0","35","pm25","59","37","23","43","4","4","0","Good","16.2492","17.4286","40.12","0","","","","35.0","35.0","35.0","37.0","35.0","0.0","35.0","35.92","37.0","0.0","0.0","-0.0833","35","0","59","59","0","0","0"
"2026-03-16T14:00:00+00:00","Lahore","14","0","3","75","-0.5","-0.866025","1.0","0.0","0.96113","0.276097","0","0","0","1","17.7","74","2.2","14","11.5","1010.7","0","12.9","1","","0.0","0.0","","","0.6","0","35","pm25","59","37","23","43","4","4","0","Good","46.6636","6.2857","43.66","0","","","","35.0","35.0","35.0","37.0","35.0","0.0","35.0","35.83","37.0","0.0","0.0","-0.0833","35","0","59","59","0","0","0"
"2026-03-16T15:00:00+00:00","Lahore","15","0","3","75","-0.707107","-0.707107","1.0","0.0","0.96113","0.276097","0","0","0","1","16.6","78","2.8","11","4.7","1011.1","0","12.7","18","","0.0","0.0","","","0.5","0","35","pm25","59","37","23","43","4","4","0","Good","37.5071","8.0","46.02","0","","","","35.0","35.0","35.0","37.0","35.0","0.0","35.0","35.75","37.0","0.0","0.0","-0.0833","35","0","59","59","0","0","0"
"2026-03-16T16:00:00+00:00","Lahore","16","0","3","75","-0.866025","-0.5","1.0","0.0","0.96113","0.276097","0","0","0","1","15.6","82","4.0","51","5.4","1011.5","0","12.5","3","","0.0","0.0","","","0.3","0","35","pm25","59","37","23","43","4","4","0","Good","26.845","11.4286","48.38","0","","","","35.0","35.0","35.0","37.0","35.0","0.0","35.0","35.67","37.0","0.0","0.0","-0.0833","35","0","59","59","0","0","0"
"2026-03-16T17:00:00+00:00","Lahore","17","0","3","75","-0.965926","-0.258819","1.0","0.0","0.96113","0.276097","0","1","0","1","15.0","85","5.9","79","10.1","1011.9","0","12.5","63","","0.0","0.0","","","-0.1","2","35","pm25","59","37","23","43","4","4","0","Good","18.5","16.8571","50.15","0","","","","35.0","35.0","35.0","37.0","35.0","0.0","35.0","35.58","37.0","0.0","0.0","-0.0833","35","0","59","59","0","0","0"
"2026-03-16T18:00:00+00:00","Lahore","18","0","3","75","-1.0","-0.0","1.0","0.0","0.96113","0.276097","0","1","0","1","15.1","85","2.0","153","10.1","1012.3","0","12.6","97","","0.0","0.0","","","0.6","3","35","pm25","59","37","23","43","4","4","0","Good","54.575","5.7143","50.15","0","","","","35.0","35.0","35.0","37.0","35.0","0.0","35.0","35.5","37.0","0.0","0.0","-0.0833","35","0","59","59","0","0","0"
"2026-03-16T19:00:00+00:00","Lahore","19","0","3","75","-0.965926","0.258819","1.0","0.0","0.96113","0.276097","0","1","0","1","15.3","84","5.8","30","8.6","1012.0","0","12.6","53","","0.0","0.0","","","0.0","2","35","pm25","59","37","23","43","4","4","0","Good","18.7172","16.5714","49.56","0","","","","35.0","35.0","35.0","37.0","35.0","0.0","35.0","35.42","37.0","0.0","0.0","-0.0833","35","0","59","59","0","0","0"
"2026-03-16T20:00:00+00:00","Lahore","20","0","3","75","-0.866025","0.5","1.0","0.0","0.96113","0.276097","0","0","0","1","14.9","84","6.1","346","15.5","1011.9","0","12.1","99","","0.0","0.0","","","-0.2","3","35","pm25","59","37","23","43","4","4","0","Good","17.7967","17.4286","49.56","0","","","","35.0","35.0","35.0","37.0","35.0","0.0","35.0","35.33","37.0","0.0","0.0","-0.0833","35","0","59","59","0","0","0"
"2026-03-16T21:00:00+00:00","Lahore","21","0","3","75","-0.707107","0.707107","1.0","0.0","0.96113","0.276097","0","0","0","1","14.6","84","8.2","351","15.5","1011.3","0","11.9","100","","0.0","0.0","","","-0.5","3","35","pm25","59","37","23","43","4","4","0","Good","13.239","23.4286","49.56","0","","","","35.0","35.0","35.0","37.0","35.0","0.0","35.0","35.25","37.0","0.0","0.0","-0.0833","35","0","59","59","0","0","0"
"2026-03-16T22:00:00+00:00","Lahore","22","0","3","75","-0.5","0.866025","1.0","0.0","0.96113","0.276097","0","0","1","1","14.1","87","5.2","338","15.5","1010.9","0","11.9","100","","0.0","0.0","","","-0.2","3","35","pm25","59","37","23","43","4","4","0","Good","21.2173","14.8571","51.33","0","","","","35.0","35.0","35.0","37.0","35.0","0.0","35.0","35.17","37.0","0.0","0.0","-0.0833","35","0","59","59","0","0","0"
"2026-03-16T23:00:00+00:00","Lahore","23","0","3","75","-0.258819","0.965926","1.0","0.0","0.96113","0.276097","0","0","1","1","13.7","89","4.2","280","9.7","1010.8","0","11.9","100","","0.0","0.0","","","0.0","3","35","pm25","59","37","23","43","4","4","0","Good","26.55","12.0","52.51","0","","","","35.0","35.0","35.0","37.0","35.0","0.0","35.0","35.08","37.0","0.0","0.0","-0.0833","35","0","59","59","0","0","0"
"2026-03-17T00:00:00+00:00","Lahore","0","1","3","76","0.0","1.0","1.0","0.0","0.96574","0.259512","0","0","1","1","13.6","90","6.9","300","7.9","1010.8","0","12.1","100","","0.0","0.0","","","-0.3","3","55","pm25","60","20","12","51","4","3","1","Moderate","16.5217","12.5455","54.0","0","","","","35.0","35.0","35.0","35.0","35.0","0.0","35.0","35.0","35.0","0.0","0.0","0.0","55","1","60","60","1","1","0"
"2026-03-17T01:00:00+00:00","Lahore","1","1","3","76","0.258819","0.965926","1.0","0.0","0.96574","0.259512","0","0","1","1","13.6","87","6.9","330","14.0","1011.0","0","11.6","100","","0.0","0.0","","","-0.5","3","55","pm25","60","20","12","51","4","3","1","Moderate","16.2609","12.5455","52.2","0","","","","55.0","35.0","35.0","35.0","41.67","9.43","38.33","35.83","55.0","20.0","3.3333","0.8333","55","1","60","60","1","1","1"
"2026-03-17T02:00:00+00:00","Lahore","2","1","3","76","0.5","0.866025","1.0","0.0","0.96574","0.259512","0","0","1","1","14.2","85","6.8","328","13.0","1011.4","0","11.7","100","","0.0","0.0","","","-0.5","3","55","pm25","60","20","12","51","4","3","1","Moderate","16.3235","12.3636","51.0","0","","","","55.0","35.0","35.0","35.0","48.33","9.43","41.67","36.67","55.0","0.0","3.3333","0.8333","55","1","60","60","1","1","0"
"2026-03-17T03:00:00+00:00","Lahore","3","1","3","76","0.707107","0.707107","1.0","0.0","0.96574","0.259512","0","0","1","1","15.7","83","9.0","359","15.1","1011.8","0","12.9","100","","0.0","0.0","","","-0.4","3","55","pm25","60","20","12","51","4","3","1","Moderate","12.2","16.3636","49.8","0","","","","55.0","55.0","35.0","35.0","55.0","0.0","45.0","37.5","55.0","0.0","3.3333","0.8333","55","1","60","60","1","1","0"
"2026-03-17T04:00:00+00:00","Lahore","4","1","3","76","0.866025","0.5","1.0","0.0","0.96574","0.259512","0","0","1","1","18.4","75","7.0","348","18.4","1012.1","0","13.9","86","","0.0","0.0","","","0.3","3","55","pm25","60","20","12","51","4","3","1","Moderate","15.0","12.7273","45.0","0","","","","55.0","55.0","35.0","35.0","55.0","0.0","48.33","38.33","55.0","0.0","3.3333","0.8333","55","1","60","60","1","1","0"
"2026-03-17T05:00:00+00:00","Lahore","5","1","3","76","0.965926","0.258819","1.0","0.0","0.96574","0.259512","0","0","1","1","20.8","64","7.4","342","20.2","1012.3","0","13.7","98","","0.0","0.0","","","0.1","3","55","pm25","60","20","12","51","4","3","1","Moderate","13.2973","13.4545","38.4","0","","","","55.0","55.0","35.0","35.0","55.0","0.0","51.67","39.17","55.0","0.0","3.3333","0.8333","55","1","60","60","1","1","0"
"2026-03-17T06:00:00+00:00","Lahore","6","1","3","76","1.0","0.0","1.0","0.0","0.96574","0.259512","0","0","0","1","22.5","54","9.4","343","24.1","1012.4","0","12.9","96","","0.0","0.0","","","0.3","3","55","pm25","60","20","12","51","4","3","1","Moderate","9.8298","17.0909","32.4","0","","","","55.0","55.0","55.0","35.0","55.0","0.0","55.0","40.0","55.0","0.0","0.0","0.8333","55","1","60","60","1","1","0"
"2026-03-17T07:00:00+00:00","Lahore","7","1","3","76","0.965926","-0.258819","1.0","0.0","0.96574","0.259512","0","1","0","1","23.4","44","10.2","350","25.9","1011.7","0","10.5","78","","0.0","0.0","","","-0.8","2","55","pm25","60","20","12","51","4","3","1","Moderate","8.4706","18.5455","26.4","0","","","","55.0","55.0","55.0","35.0","55.0","0.0","55.0","40.83","55.0","0.0","0.0","0.8333","55","1","60","60","1","1","0"
"2026-03-17T08:00:00+00:00","Lahore","8","1","3","76","0.866025","-0.5","1.0","0.0","0.96574","0.259512","0","1","0","1","24.1","39","8.1","1","25.6","1011.1","0","9.2","98","","0.0","0.0","","","-0.6","3","55","pm25","60","20","12","51","4","3","1","Moderate","10.2963","14.7273","23.4","0","","","","55.0","55.0","55.0","35.0","55.0","0.0","55.0","41.67","55.0","0.0","0.0","0.8333","55","1","60","60","1","1","0"
"2026-03-17T09:00:00+00:00","Lahore","9","1","3","76","0.707107","-0.707107","1.0","0.0","0.96574","0.259512","0","1","0","1","24.9","37","5.1","6","21.2","1010.4","0","9.2","57","","0.0","0.0","","","0.3","2","55","pm25","60","20","12","51","4","3","1","Moderate","16.1176","9.2727","22.2","0","","","","55.0","55.0","55.0","35.0","55.0","0.0","55.0","42.5","55.0","0.0","0.0","0.8333","55","1","60","60","1","1","0"
"2026-03-17T10:00:00+00:00","Lahore","10","1","3","76","0.5","-0.866025","1.0","0.0","0.96574","0.259512","0","0","0","1","25.0","36","3.6","9","16.2","1009.9","0","8.8","67","","0.0","0.0","","","-0.3","2","55","pm25","60","20","12","51","4","3","1","Moderate","22.6667","6.5455","21.6","0","","","","55.0","55.0","55.0","35.0","55.0","0.0","55.0","43.33","55.0","0.0","0.0","0.8333","55","1","60","60","1","1","0"
"2026-03-17T11:00:00+00:00","Lahore","11","1","3","76","0.258819","-0.965926","1.0","0.0","0.96574","0.259512","0","0","0","1","24.9","36","3.1","40","12.6","1009.4","0","8.8","92","","0.0","0.0","","","-0.8","3","55","pm25","60","20","12","51","4","3","1","Moderate","26.3226","5.6364","21.6","0","","","","55.0","55.0","55.0","35.0","55.0","0.0","55.0","44.17","55.0","0.0","0.0","0.8333","55","1","60","60","1","1","0"
"2026-03-17T12:00:00+00:00","Lahore","12","1","3","76","0.0","-1.0","1.0","0.0","0.96574","0.259512","0","0","0","1","24.0","42","3.7","35","9.0","1009.3","0","10.4","98","","0.0","0.0","","","-0.4","3","55","pm25","60","20","12","51","4","3","1","Moderate","23.027","6.7273","25.2","0","","","","55.0","55.0","55.0","35.0","55.0","0.0","55.0","45.0","55.0","0.0","0.0","0.8333","55","1","60","60","1","1","0"
"2026-03-17T13:00:00+00:00","Lahore","13","1","3","76","-0.258819","-0.965926","1.0","0.0","0.96574","0.259512","0","0","0","1","21.8","58","1.4","90","6.8","1009.5","0","13.1","97","","0.0","0.0","","","0.8","3","55","pm25","60","20","12","51","4","3","1","Moderate","67.7143","2.5455","34.8","0","","","","55.0","55.0","55.0","35.0","55.0","0.0","55.0","45.83","55.0","0.0","0.0","0.8333","55","1","60","60","1","1","0"
"2026-03-17T14:00:00+00:00","Lahore","14","1","3","76","-0.5","-0.866025","1.0","0.0","0.96574","0.259512","0","0","0","1","20.1","61","1.5","194","2.2","1009.6","0","12.5","11","","0.0","0.0","","","0.6","0","55","pm25","60","20","12","51","4","3","1","Moderate","64.4","2.7273","36.6","0","","","","55.0","55.0","55.0","35.0","55.0","0.0","55.0","46.67","55.0","0.0","0.0","0.8333","55","1","60","60","1","1","0"
"2026-03-17T15:00:00+00:00","Lahore","15","1","3","76","-0.707107","-0.707107","1.0","0.0","0.96574","0.259512","0","0","0","1","18.4","68","5.6","241","9.0","1010.1","0","12.4","8","","0.0","0.0","","","-0.1","0","55","pm25","60","20","12","51","4","3","1","Moderate","18.0","10.1818","40.8","0","","","","55.0","55.0","55.0","35.0","55.0","0.0","55.0","47.5","55.0","0.0","0.0","0.8333","55","1","60","60","1","1","0"
"2026-03-17T16:00:00+00:00","Lahore","16","1","3","76","-0.866025","-0.5","1.0","0.0","0.96574","0.259512","0","0","0","1","18.0","66","2.4","306","9.0","1010.5","0","11.4","28","","0.0","0.0","","","0.0","1","55","pm25","60","20","12","51","4","3","1","Moderate","41.5","4.3636","39.6","0","","","","55.0","55.0","55.0","35.0","55.0","0.0","55.0","48.33","55.0","0.0","0.0","0.8333","55","1","60","60","1","1","0"
"2026-03-17T17:00:00+00:00","Lahore","17","1","3","76","-0.965926","-0.258819","1.0","0.0","0.96574","0.259512","0","1","0","1","16.9","70","3.6","3","5.4","1010.9","0","11.3","94","","0.0","0.0","","","-0.2","3","55","pm25","60","20","12","51","4","3","1","Moderate","28.3333","6.5455","42.0","0","","","","55.0","55.0","55.0","35.0","55.0","0.0","55.0","49.17","55.0","0.0","0.0","0.8333","55","1","60","60","1","1","0"
"2026-03-17T18:00:00+00:00","Lahore","18","1","3","76","-1.0","-0.0","1.0","0.0","0.96574","0.259512","0","1","0","1","16.6","72","5.2","340","8.3","1010.9","0","11.6","99","","0.0","0.0","","","-0.3","3","55","pm25","60","20","12","51","4","3","1","Moderate","19.8462","9.4545","43.2","0","","","","55.0","55.0","55.0","35.0","55.0","0.0","55.0","50.0","55.0","0.0","0.0","0.8333","55","1","60","60","1","1","0"
"2026-03-17T19:00:00+00:00","Lahore","19","1","3","76","-0.965926","0.258819","1.0","0.0","0.96574","0.259512","0","1","0","1","16.8","70","6.3","342","11.2","1011.3","0","11.4","100","","0.0","0.0","","","-0.5","3","55","pm25","60","20","12","51","4","3","1","Moderate","16.1905","11.4545","42.0","0","","","","55.0","55.0","55.0","35.0","55.0","0.0","55.0","50.83","55.0","0.0","0.0","0.8333","55","1","60","60","1","1","0"
"2026-03-17T20:00:00+00:00","Lahore","20","1","3","76","-0.866025","0.5","1.0","0.0","0.96574","0.259512","0","0","0","1","17.2","70","5.8","353","13.0","1011.2","0","11.6","100","","0.0","0.0","","","-0.4","3","55","pm25","60","20","12","51","4","3","1","Moderate","17.5862","10.5455","42.0","0","","","","55.0","55.0","55.0","35.0","55.0","0.0","55.0","51.67","55.0","0.0","0.0","0.8333","55","1","60","60","1","1","0"
"2026-03-17T21:00:00+00:00","Lahore","21","1","3","76","-0.707107","0.707107","1.0","0.0","0.96574","0.259512","0","0","0","1","16.4","73","5.5","324","10.1","1011.1","0","11.4","100","","0.0","0.0","","","-0.4","3","55","pm25","60","20","12","51","4","3","1","Moderate","18.8727","10.0","43.8","0","","","","55.0","55.0","55.0","35.0","55.0","0.0","55.0","52.5","55.0","0.0","0.0","0.8333","55","1","60","60","1","1","0"
"2026-03-17T22:00:00+00:00","Lahore","22","1","3","76","-0.5","0.866025","1.0","0.0","0.96574","0.259512","0","0","1","1","16.9","67","12.3","314","19.4","1011.9","0","10.8","100","","1.0","1.0","","","-1.6","55","55","pm25","60","20","12","51","4","3","1","Moderate","8.1463","22.3636","40.2","0","","","","55.0","55.0","55.0","35.0","55.0","0.0","55.0","53.33","55.0","0.0","0.0","0.8333","55","1","60","60","1","1","0"
"2026-03-17T23:00:00+00:00","Lahore","23","1","3","76","-0.258819","0.965926","1.0","0.0","0.96574","0.259512","0","0","1","1","15.9","79","14.2","325","35.3","1011.5","0","12.2","100","","1.3","1.3","","","-1.3","61","55","pm25","60","20","12","51","4","3","1","Moderate","7.5634","25.8182","47.4","0","","","","55.0","55.0","55.0","35.0","55.0","0.0","55.0","54.17","55.0","0.0","0.0","0.8333","55","1","60","60","1","1","0"
"2026-03-18T00:00:00+00:00","Lahore","0","2","3","77","0.0","1.0","1.0","0.0","0.970064","0.24285","0","0","1","1","17.0","77","5.5","17","25.6","1010.4","0","13.1","100","","0.0","0.0","","","0.2","3","35","pm25","67","20","10","46","6","6","0","Good","21.5618","15.7143","51.59","0","","","","55.0","55.0","55.0","55.0","55.0","0.0","55.0","55.0","55.0","0.0","0.0","0.0","35","0","67","67","0","0","0"
"2026-03-18T01:00:00+00:00","Lahore","1","2","3","77","0.258819","0.965926","1.0","0.0","0.970064","0.24285","0","0","1","1","17.2","74","8.1","61","14.4","1010.9","0","12.6","100","","0.2","0.2","","","-0.3","51","35","pm25","67","20","10","46","6","6","0","Good","14.3926","23.1429","49.58","0","","","","35.0","55.0","55.0","55.0","48.33","9.43","51.67","54.17","55.0","-20.0","-3.3333","-0.8333","35","0","67","67","0","0","-1"
"2026-03-18T02:00:00+00:00","Lahore","2","2","3","77","0.5","0.866025","1.0","0.0","0.970064","0.24285","0","0","1","1","17.3","76","7.5","53","20.9","1010.7","0","12.9","100","","0.0","0.0","","","-0.2","3","35","pm25","67","20","10","46","6","6","0","Good","15.7227","21.4286","50.92","0","","","","35.0","55.0","55.0","55.0","41.67","9.43","48.33","53.33","55.0","0.0","-3.3333","-0.8333","35","0","67","67","0","0","0"
"2026-03-18T03:00:00+00:00","Lahore","3","2","3","77","0.707107","0.707107","1.0","0.0","0.970064","0.24285","0","0","1","1","17.9","76","2.4","234","13.0","1012.1","0","13.6","100","","0.0","0.0","","","0.8","3","35","pm25","67","20","10","46","6","6","0","Good","49.1333","6.8571","50.92","0","","","","35.0","35.0","55.0","55.0","35.0","0.0","45.0","52.5","55.0","0.0","-3.3333","-0.8333","35","0","67","67","0","0","0"
"2026-03-18T04:00:00+00:00","Lahore","4","2","3","77","0.866025","0.5","1.0","0.0","0.970064","0.24285","0","0","1","1","19.4","73","4.2","335","12.2","1012.7","0","14.4","100","","0.0","0.0","","","0.8","3","35","pm25","67","20","10","46","6","6","0","Good","27.5976","12.0","48.91","0","","","","35.0","35.0","55.0","55.0","35.0","0.0","41.67","51.67","55.0","0.0","-3.3333","-0.8333","35","0","67","67","0","0","0"
"2026-03-18T05:00:00+00:00","Lahore","5","2","3","77","0.965926","0.258819","1.0","0.0","0.970064","0.24285","0","0","1","1","20.4","70","3.2","3","14.0","1013.2","0","14.8","100","","0.0","0.0","","","1.1","3","35","pm25","67","20","10","46","6","6","0","Good","35.5937","9.1429","46.9","0","","","","35.0","35.0","55.0","55.0","35.0","0.0","38.33","50.83","55.0","0.0","-3.3333","-0.8333","35","0","67","67","0","0","0"
"2026-03-18T06:00:00+00:00","Lahore","6","2","3","77","1.0","0.0","1.0","0.0","0.970064","0.24285","0","0","0","1","20.4","73","6.4","223","15.1","1014.7","0","15.2","100","","0.0","0.0","","","0.8","3","35","pm25","67","20","10","46","6","6","0","Good","18.1109","18.2857","48.91","0","","","","35.0","35.0","35.0","55.0","35.0","0.0","35.0","50.0","55.0","0.0","0.0","-0.8333","35","0","67","67","0","0","0"
"2026-03-18T07:00:00+00:00","Lahore","7","2","3","77","0.965926","-0.258819","1.0","0.0","0.970064","0.24285","0","1","0","1","18.8","72","6.2","224","16.9","1014.8","0","13.5","100","","0.7","0.7","","","0.2","53","35","pm25","67","20","10","46","6","6","0","Good","18.5871","17.7143","48.24","0","","","","35.0","35.0","35.0","55.0","35.0","0.0","35.0","49.17","55.0","0.0","0.0","-0.8333","35","0","67","67","0","0","0"
"2026-03-18T08:00:00+00:00","Lahore","8","2","3","77","0.866025","-0.5","1.0","0.0","0.970064","0.24285","0","1","0","1","18.2","72","2.2","256","16.9","1014.5","0","13.0","100","","0.2","0.2","","","0.6","51","35","pm25","67","20","10","46","6","6","0","Good","52.3818","6.2857","48.24","0","","","","35.0","35.0","35.0","55.0","35.0","0.0","35.0","48.33","55.0","0.0","0.0","-0.8333","35","0","67","67","0","0","0"
"2026-03-18T09:00:00+00:00","Lahore","9","2","3","77","0.707107","-0.707107","1.0","0.0","0.970064","0.24285","0","1","0","1","17.7","79","5.6","331","13.0","1013.8","0","13.9","100","","0.7","0.7","","","0.5","53","35","pm25","67","20","10","46","6","6","0","Good","21.4161","16.0","52.93","0","","","","35.0","35.0","35.0","55.0","35.0","0.0","35.0","47.5","55.0","0.0","0.0","-0.8333","35","0","67","67","0","0","0"
"2026-03-18T10:00:00+00:00","Lahore","10","2","3","77","0.5","-0.866025","1.0","0.0","0.970064","0.24285","0","0","0","1","18.0","79","8.3","27","18.0","1013.1","0","14.3","100","","0.4","0.4","","","0.2","51","35","pm25","67","20","10","46","6","6","0","Good","14.4494","23.7143","52.93","0","","","","35.0","35.0","35.0","55.0","35.0","0.0","35.0","46.67","55.0","0.0","0.0","-0.8333","35","0","67","67","0","0","0"
"2026-03-18T11:00:00+00:00","Lahore","11","2","3","77","0.258819","-0.965926","1.0","0.0","0.970064","0.24285","0","0","0","1","18.0","80","8.3","11","22.3","1012.6","0","14.5","100","","0.0","0.0","","","0.3","3","35","pm25","67","20","10","46","6","6","0","Good","14.5301","23.7143","53.6","0","","","","35.0","35.0","35.0","55.0","35.0","0.0","35.0","45.83","55.0","0.0","0.0","-0.8333","35","0","67","67","0","0","0"
"2026-03-18T12:00:00+00:00","Lahore","12","2","3","77","0.0","-1.0","1.0","0.0","0.970064","0.24285","0","0","0","1","17.5","83","13.0","42","18.7","1013.4","0","14.6","100","","0.0","0.0","","","-0.4","3","35","pm25","67","20","10","46","6","6","0","Good","9.4315","37.1429","55.61","0","","","","35.0","35.0","35.0","55.0","35.0","0.0","35.0","45.0","55.0","0.0","0.0","-0.8333","35","0","67","67","0","0","0"
"2026-03-18T13:00:00+00:00","Lahore","13","2","3","77","-0.258819","-0.965926","1.0","0.0","0.970064","0.24285","0","0","0","1","17.2","82","13.5","48","27.7","1013.0","0","14.1","100","","0.0","0.0","","","-0.6","3","35","pm25","67","20","10","46","6","6","0","Good","9.0326","38.5714","54.94","0","","","","35.0","35.0","35.0","55.0","35.0","0.0","35.0","44.17","55.0","0.0","0.0","-0.8333","35","0","67","67","0","0","0"
"2026-03-18T14:00:00+00:00","Lahore","14","2","3","77","-0.5","-0.866025","1.0","0.0","0.970064","0.24285","0","0","0","1","16.5","83","10.7","44","27.4","1013.1","0","13.7","100","","0.0","0.0","","","-0.3","3","35","pm25","67","20","10","46","6","6","0","Good","11.4589","30.5714","55.61","0","","","","35.0","35.0","35.0","55.0","35.0","0.0","35.0","43.33","55.0","0.0","0.0","-0.8333","35","0","67","67","0","0","0"
"2026-03-18T15:00:00+00:00","Lahore","15","2","3","77","-0.707107","-0.707107","1.0","0.0","0.970064","0.24285","0","0","0","1","16.4","82","9.2","42","20.5","1013.8","0","13.4","100","","0.0","0.0","","","-0.3","3","35","pm25","67","20","10","46","6","6","0","Good","13.2543","26.2857","54.94","0","","","","35.0","35.0","35.0","55.0","35.0","0.0","35.0","42.5","55.0","0.0","0.0","-0.8333","35","0","67","67","0","0","0"
"2026-03-18T16:00:00+00:00","Lahore","16","2","3","77","-0.866025","-0.5","1.0","0.0","0.970064","0.24285","0","0","0","1","16.6","76","9.0","37","19.4","1013.8","0","12.5","100","","0.0","0.0","","","-0.5","3","35","pm25","67","20","10","46","6","6","0","Good","13.1022","25.7143","50.92","0","","","","35.0","35.0","35.0","55.0","35.0","0.0","35.0","41.67","55.0","0.0","0.0","-0.8333","35","0","67","67","0","0","0"
"2026-03-18T17:00:00+00:00","Lahore","17","2","3","77","-0.965926","-0.258819","1.0","0.0","0.970064","0.24285","0","1","0","1","16.4","74","10.7","33","20.9","1013.9","0","11.7","91","","0.0","0.0","","","-1.0","3","35","pm25","67","20","10","46","6","6","0","Good","10.8953","30.5714","49.58","0","","","","35.0","35.0","35.0","55.0","35.0","0.0","35.0","40.83","55.0","0.0","0.0","-0.8333","35","0","67","67","0","0","0"
"2026-03-18T18:00:00+00:00","Lahore","18","2","3","77","-1.0","-0.0","1.0","0.0","0.970064","0.24285","0","1","0","1","16.9","76","3.1","111","22.3","1014.4","0","12.6","98","","0.0","0.0","","","0.3","3","35","pm25","67","20","10","46","6","6","0","Good","38.0387","8.8571","50.92","0","","","","35.0","35.0","35.0","55.0","35.0","0.0","35.0","40.0","55.0","0.0","0.0","-0.8333","35","0","67","67","0","0","0"
"2026-03-18T19:00:00+00:00","Lahore","19","2","3","77","-0.965926","0.258819","1.0","0.0","0.970064","0.24285","0","1","0","1","16.4","79","8.2","68","14.8","1014.4","0","12.8","60","","0.2","0.2","","","-0.3","51","35","pm25","67","20","10","46","6","6","0","Good","14.6256","23.4286","52.93","0","","","","35.0","35.0","35.0","55.0","35.0","0.0","35.0","39.17","55.0","0.0","0.0","-0.8333","35","0","67","67","0","0","0"
"2026-03-18T20:00:00+00:00","Lahore","20","2","3","77","-0.866025","0.5","1.0","0.0","0.970064","0.24285","0","0","0","1","15.7","83","10.1","20","19.8","1013.9","0","12.8","100","","0.0","0.0","","","-0.6","3","35","pm25","67","20","10","46","6","6","0","Good","12.1396","28.8571","55.61","0","","","","35.0","35.0","35.0","55.0","35.0","0.0","35.0","38.33","55.0","0.0","0.0","-0.8333","35","0","67","67","0","0","0"
"2026-03-18T21:00:00+00:00","Lahore","21","2","3","77","-0.707107","0.707107","1.0","0.0","0.970064","0.24285","0","0","0","1","15.9","84","4.8","77","19.4","1013.8","0","13.1","100","","0.0","0.0","","","0.3","3","35","pm25","67","20","10","46","6","6","0","Good","25.6833","13.7143","56.28","0","","","","35.0","35.0","35.0","55.0","35.0","0.0","35.0","37.5","55.0","0.0","0.0","-0.8333","35","0","67","67","0","0","0"
"2026-03-18T22:00:00+00:00","Lahore","22","2","3","77","-0.5","0.866025","1.0","0.0","0.970064","0.24285","0","0","1","1","15.4","86","12.8","55","22.3","1013.4","0","13.1","100","","0.9","0.9","","","-0.9","53","35","pm25","67","20","10","46","6","6","0","Good","9.7359","36.5714","57.62","0","","","","35.0","35.0","35.0","55.0","35.0","0.0","35.0","36.67","55.0","0.0","0.0","-0.8333","35","0","67","67","0","0","0"
"2026-03-18T23:00:00+00:00","Lahore","23","2","3","77","-0.258819","0.965926","1.0","0.0","0.970064","0.24285","0","0","1","1","15.8","85","12.1","80","24.8","1013.2","0","13.3","100","","0.0","0.0","","","-0.7","3","35","pm25","67","20","10","46","6","6","0","Good","10.2438","34.5714","56.95","0","","","","35.0","35.0","35.0","55.0","35.0","0.0","35.0","35.83","55.0","0.0","0.0","-0.8333","35","0","67","67","0","0","0"
"2026-03-19T00:00:00+00:00","Lahore","0","3","3","78","0.0","1.0","1.0","0.0","0.9741","0.226116","0","0","1","1","15.6","83","8.7","43","22.3","1012.8","0","12.8","100","","0.4","0.4","","","-0.3","51","45","pm25","73","22","9","45","6","3","0","Good","15.3552","19.3333","60.59","0","","","","35.0","35.0","35.0","35.0","35.0","0.0","35.0","35.0","35.0","0.0","0.0","0.0","45","0","73","73","0","0","0"
"2026-03-19T01:00:00+00:00","Lahore","1","3","3","78","0.258819","0.965926","1.0","0.0","0.9741","0.226116","0","0","1","1","15.2","86","7.4","39","16.6","1013.0","0","12.9","100","","0.0","0.0","","","-0.2","3","45","pm25","73","22","9","45","6","3","0","Good","18.3486","16.4444","62.78","0","","","","45.0","35.0","35.0","35.0","38.33","4.71","36.67","35.42","45.0","10.0","1.6667","0.4167","45","0","73","73","0","0","1"
"2026-03-19T02:00:00+00:00","Lahore","2","3","3","78","0.5","0.866025","1.0","0.0","0.9741","0.226116","0","0","1","1","15.4","87","8.2","38","15.8","1013.7","0","13.2","100","","0.0","0.0","","","-0.1","3","45","pm25","73","22","9","45","6","3","0","Good","16.6476","18.2222","63.51","0","","","","45.0","35.0","35.0","35.0","41.67","4.71","38.33","35.83","45.0","0.0","1.6667","0.4167","45","0","73","73","0","0","0"
"2026-03-19T03:00:00+00:00","Lahore","3","3","3","78","0.707107","0.707107","1.0","0.0","0.9741","0.226116","0","0","1","1","16.8","85","7.4","23","16.9","1014.3","0","14.1","100","","0.0","0.0","","","0.2","3","45","pm25","73","22","9","45","6","3","0","Good","18.25","16.4444","62.05","0","","","","45.0","45.0","35.0","35.0","45.0","0.0","40.0","36.25","45.0","0.0","1.6667","0.4167","45","0","73","73","0","0","0"
"2026-03-19T04:00:00+00:00","Lahore","4","3","3","78","0.866025","0.5","1.0","0.0","0.9741","0.226116","0","0","1","1","18.8","78","5.4","48","16.9","1014.6","0","14.9","100","","0.0","0.0","","","0.9","3","45","pm25","73","22","9","45","6","3","0","Good","24.063","12.0","56.94","0","","","","45.0","45.0","35.0","35.0","45.0","0.0","41.67","36.67","45.0","0.0","1.6667","0.4167","45","0","73","73","0","0","0"
"2026-03-19T05:00:00+00:00","Lahore","5","3","3","78","0.965926","0.258819","1.0","0.0","0.9741","0.226116","0","0","1","1","20.5","75","4.0","69","15.5","1014.6","0","15.8","100","","0.0","0.0","","","1.3","3","45","pm25","73","22","9","45","6","3","0","Good","31.9375","8.8889","54.75","0","","","","45.0","45.0","35.0","35.0","45.0","0.0","43.33","37.08","45.0","0.0","1.6667","0.4167","45","0","73","73","0","0","0"
"2026-03-19T06:00:00+00:00","Lahore","6","3","3","78","1.0","0.0","1.0","0.0","0.9741","0.226116","0","0","0","1","21.9","72","5.5","134","14.4","1014.9","0","16.5","100","","0.0","0.0","","","1.5","3","45","pm25","73","22","9","45","6","3","0","Good","22.8291","12.2222","52.56","0","","","","45.0","45.0","45.0","35.0","45.0","0.0","45.0","37.5","45.0","0.0","0.0","0.4167","45","0","73","73","0","0","0"
"2026-03-19T07:00:00+00:00","Lahore","7","3","3","78","0.965926","-0.258819","1.0","0.0","0.9741","0.226116","0","1","0","1","20.0","75","11.5","169","24.8","1015.3","0","15.4","100","","0.9","0.9","","","0.1","53","45","pm25","73","22","9","45","6","3","0","Good","11.1087","25.5556","54.75","0","","","","45.0","45.0","45.0","35.0","45.0","0.0","45.0","37.92","45.0","0.0","0.0","0.4167","45","0","73","73","0","0","0"
"2026-03-19T08:00:00+00:00","Lahore","8","3","3","78","0.866025","-0.5","1.0","0.0","0.9741","0.226116","0","1","0","1","19.3","81","6.2","253","24.1","1014.7","0","15.9","100","","0.4","0.4","","","1.1","51","45","pm25","73","22","9","45","6","3","0","Good","21.3113","13.7778","59.13","0","","","","45.0","45.0","45.0","35.0","45.0","0.0","45.0","38.33","45.0","0.0","0.0","0.4167","45","0","73","73","0","0","0"
"2026-03-19T09:00:00+00:00","Lahore","9","3","3","78","0.707107","-0.707107","1.0","0.0","0.9741","0.226116","0","1","0","1","19.5","81","2.4","197","15.5","1013.6","0","16.1","100","","0.4","0.4","","","1.7","51","45","pm25","73","22","9","45","6","3","0","Good","55.0542","5.3333","59.13","0","","","","45.0","45.0","45.0","35.0","45.0","0.0","45.0","38.75","45.0","0.0","0.0","0.4167","45","0","73","73","0","0","0"
"2026-03-19T10:00:00+00:00","Lahore","10","3","3","78","0.5","-0.866025","1.0","0.0","0.9741","0.226116","0","0","0","1","19.6","80","0.7","360","10.8","1012.7","0","16.0","100","","0.5","0.5","","","2.0","53","45","pm25","73","22","9","45","6","3","0","Good","187.7143","1.5556","58.4","0","","","","45.0","45.0","45.0","35.0","45.0","0.0","45.0","39.17","45.0","0.0","0.0","0.4167","45","0","73","73","0","0","0"
"2026-03-19T11:00:00+00:00","Lahore","11","3","3","78","0.258819","-0.965926","1.0","0.0","0.9741","0.226116","0","0","0","1","18.9","83","7.2","32","15.8","1011.8","0","16.0","100","","0.6","0.6","","","1.0","53","45","pm25","73","22","9","45","6","3","0","Good","18.5542","16.0","60.59","0","","","","45.0","45.0","45.0","35.0","45.0","0.0","45.0","39.58","45.0","0.0","0.0","0.4167","45","0","73","73","0","0","0"
"2026-03-19T12:00:00+00:00","Lahore","12","3","3","78","0.0","-1.0","1.0","0.0","0.9741","0.226116","0","0","0","1","18.1","90","7.9","55","21.2","1012.1","0","16.5","100","","0.5","0.5","","","1.2","53","45","pm25","73","22","9","45","6","3","0","Good","17.557","17.5556","65.7","0","","","","45.0","45.0","45.0","35.0","45.0","0.0","45.0","40.0","45.0","0.0","0.0","0.4167","45","0","73","73","0","0","0"
"2026-03-19T13:00:00+00:00","Lahore","13","3","3","78","-0.258819","-0.965926","1.0","0.0","0.9741","0.226116","0","0","0","1","17.6","90","9.0","93","16.2","1012.3","0","16.0","100","","0.2","0.2","","","0.8","51","45","pm25","73","22","9","45","6","3","0","Good","15.4111","20.0","65.7","0","","","","45.0","45.0","45.0","35.0","45.0","0.0","45.0","40.42","45.0","0.0","0.0","0.4167","45","0","73","73","0","0","0"
"2026-03-19T14:00:00+00:00","Lahore","14","3","3","78","-0.5","-0.866025","1.0","0.0","0.9741","0.226116","0","0","0","1","17.0","93","8.6","101","16.2","1012.6","0","15.9","62","","0.6","0.6","","","0.7","53","45","pm25","73","22","9","45","6","3","0","Good","16.3826","19.1111","67.89","0","","","","45.0","45.0","45.0","35.0","45.0","0.0","45.0","40.83","45.0","0.0","0.0","0.4167","45","0","73","73","0","0","0"
"2026-03-19T15:00:00+00:00","Lahore","15","3","3","78","-0.707107","-0.707107","1.0","0.0","0.9741","0.226116","0","0","0","1","16.5","96","6.1","102","14.8","1012.8","0","15.9","94","","0.0","0.0","","","1.2","3","45","pm25","73","22","9","45","6","3","0","Good","23.4557","13.5556","70.08","0","","","","45.0","45.0","45.0","35.0","45.0","0.0","45.0","41.25","45.0","0.0","0.0","0.4167","45","0","73","73","0","0","0"
"2026-03-19T16:00:00+00:00","Lahore","16","3","3","78","-0.866025","-0.5","1.0","0.0","0.9741","0.226116","0","0","0","1","15.6","97","4.6","77","10.8","1013.0","0","15.1","29","","0.0","0.0","","","1.0","1","45","pm25","73","22","9","45","6","3","0","Good","31.263","10.2222","70.81","0","","","","45.0","45.0","45.0","35.0","45.0","0.0","45.0","41.67","45.0","0.0","0.0","0.4167","45","0","73","73","0","0","0"
"2026-03-19T17:00:00+00:00","Lahore","17","3","3","78","-0.965926","-0.258819","1.0","0.0","0.9741","0.226116","0","1","0","1","14.9","96","3.1","80","8.3","1013.1","0","14.2","100","","0.0","0.0","","","0.9","3","45","pm25","73","22","9","45","6","3","0","Good","46.1548","6.8889","70.08","0","","","","45.0","45.0","45.0","35.0","45.0","0.0","45.0","42.08","45.0","0.0","0.0","0.4167","45","0","73","73","0","0","0"
"2026-03-19T18:00:00+00:00","Lahore","18","3","3","78","-1.0","-0.0","1.0","0.0","0.9741","0.226116","0","1","0","1","15.6","97","3.4","74","4.7","1013.3","0","15.0","100","","0.0","0.0","","","1.1","3","45","pm25","73","22","9","45","6","3","0","Good","42.2971","7.5556","70.81","0","","","","45.0","45.0","45.0","35.0","45.0","0.0","45.0","42.5","45.0","0.0","0.0","0.4167","45","0","73","73","0","0","0"
"2026-03-19T19:00:00+00:00","Lahore","19","3","3","78","-0.965926","0.258819","1.0","0.0","0.9741","0.226116","0","1","0","1","15.5","96","1.7","41","6.1","1013.2","0","14.9","100","","0.0","0.0","","","1.4","3","45","pm25","73","22","9","45","6","3","0","Good","84.1647","3.7778","70.08","0","","","","45.0","45.0","45.0","35.0","45.0","0.0","45.0","42.92","45.0","0.0","0.0","0.4167","45","0","73","73","0","0","0"
"2026-03-19T20:00:00+00:00","Lahore","20","3","3","78","-0.866025","0.5","1.0","0.0","0.9741","0.226116","0","0","0","1","15.4","96","0.3","315","2.2","1012.7","0","14.8","100","","0.0","0.0","","","1.6","3","45","pm25","73","22","9","45","6","3","0","Good","476.9333","0.6667","70.08","0","","","","45.0","45.0","45.0","35.0","45.0","0.0","45.0","43.33","45.0","0.0","0.0","0.4167","45","0","73","73","0","0","0"
"2026-03-19T21:00:00+00:00","Lahore","21","3","3","78","-0.707107","0.707107","1.0","0.0","0.9741","0.226116","0","0","0","1","15.1","97","1.2","243","1.8","1012.1","0","14.6","100","","0.0","0.0","","","1.4","3","45","pm25","73","22","9","45","6","3","0","Good","119.8417","2.6667","70.81","0","","","","45.0","45.0","45.0","35.0","45.0","0.0","45.0","43.75","45.0","0.0","0.0","0.4167","45","0","73","73","0","0","0"
"2026-03-19T22:00:00+00:00","Lahore","22","3","3","78","-0.5","0.866025","1.0","0.0","0.9741","0.226116","0","0","1","1","14.9","98","1.1","252","2.5","1011.5","0","14.6","100","","0.0","0.0","","","1.3","3","45","pm25","73","22","9","45","6","3","0","Good","131.4","2.4444","71.54","0","","","","45.0","45.0","45.0","35.0","45.0","0.0","45.0","44.17","45.0","0.0","0.0","0.4167","45","0","73","73","0","0","0"
"2026-03-19T23:00:00+00:00","Lahore","23","3","3","78","-0.258819","0.965926","1.0","0.0","0.9741","0.226116","0","0","1","1","14.6","99","3.5","348","6.8","1011.3","0","14.4","100","","0.0","0.0","","","0.9","3","45","pm25","73","22","9","45","6","3","0","Good","41.5057","7.7778","72.27","0","","","","45.0","45.0","45.0","35.0","45.0","0.0","45.0","44.58","45.0","0.0","0.0","0.4167","45","0","73","73","0","0","0"
"2026-03-20T00:00:00+00:00","Lahore","0","4","3","79","0.0","1.0","1.0","0.0","0.977848","0.209315","0","0","1","1","14.9","99","4.1","315","9.0","1011.0","0","14.6","100","","0.0","0.0","","","0.9","3","57","pm25","85","25","5","43","7","4","1","Moderate","41.2561","7.193","84.15","0","","","","45.0","45.0","45.0","45.0","45.0","0.0","45.0","45.0","45.0","0.0","0.0","0.0","57","1","85","85","1","1","0"
"2026-03-20T01:00:00+00:00","Lahore","1","4","3","79","0.258819","0.965926","1.0","0.0","0.977848","0.209315","0","0","1","1","14.5","99","2.7","360","6.8","1011.5","0","14.4","100","","0.0","0.0","","","1.0","3","57","pm25","85","25","5","43","7","4","1","Moderate","62.6481","4.7368","84.15","0","","","","57.0","45.0","45.0","45.0","49.0","5.66","47.0","45.5","57.0","12.0","2.0","0.5","57","1","85","85","1","1","1"
"2026-03-20T02:00:00+00:00","Lahore","2","4","3","79","0.5","0.866025","1.0","0.0","0.977848","0.209315","0","0","1","1","15.3","98","5.3","8","11.2","1012.0","0","15.1","100","","0.0","0.0","","","0.9","3","57","pm25","85","25","5","43","7","4","1","Moderate","31.7547","9.2982","83.3","0","","","","57.0","45.0","45.0","45.0","53.0","5.66","49.0","46.0","57.0","0.0","2.0","0.5","57","1","85","85","1","1","0"
"2026-03-20T03:00:00+00:00","Lahore","3","4","3","79","0.707107","0.707107","1.0","0.0","0.977848","0.209315","0","0","1","1","16.3","94","6.3","31","15.5","1012.6","0","15.4","100","","0.0","0.0","","","0.9","3","57","pm25","85","25","5","43","7","4","1","Moderate","26.1746","11.0526","79.9","0","","","","57.0","57.0","45.0","45.0","57.0","0.0","51.0","46.5","57.0","0.0","2.0","0.5","57","1","85","85","1","1","0"
"2026-03-20T04:00:00+00:00","Lahore","4","4","3","79","0.866025","0.5","1.0","0.0","0.977848","0.209315","0","0","1","1","18.1","83","6.7","34","18.7","1012.8","0","15.2","98","","0.0","0.0","","","0.8","3","57","pm25","85","25","5","43","7","4","1","Moderate","23.2164","11.7544","70.55","0","","","","57.0","57.0","45.0","45.0","57.0","0.0","53.0","47.0","57.0","0.0","2.0","0.5","57","1","85","85","1","1","0"
"2026-03-20T05:00:00+00:00","Lahore","5","4","3","79","0.965926","0.258819","1.0","0.0","0.977848","0.209315","0","0","1","1","19.5","73","4.0","63","18.4","1012.9","0","14.6","84","","0.0","0.0","","","0.9","3","57","pm25","85","25","5","43","7","4","1","Moderate","36.7625","7.0175","62.05","0","","","","57.0","57.0","45.0","45.0","57.0","0.0","55.0","47.5","57.0","0.0","2.0","0.5","57","1","85","85","1","1","0"
"2026-03-20T06:00:00+00:00","Lahore","6","4","3","79","1.0","0.0","1.0","0.0","0.977848","0.209315","0","0","0","1","20.1","66","2.6","74","15.5","1012.8","0","13.6","95","","0.1","0.1","","","1.0","51","57","pm25","85","25","5","43","7","4","1","Moderate","54.2692","4.5614","56.1","0","","","","57.0","57.0","57.0","45.0","57.0","0.0","57.0","48.0","57.0","0.0","0.0","0.5","57","1","85","85","1","1","0"
"2026-03-20T07:00:00+00:00","Lahore","7","4","3","79","0.965926","-0.258819","1.0","0.0","0.977848","0.209315","0","1","0","1","21.2","64","0.9","101","13.7","1012.2","0","14.1","39","","0.1","0.1","","","2.2","51","57","pm25","85","25","5","43","7","4","1","Moderate","154.8889","1.5789","54.4","0","","","","57.0","57.0","57.0","45.0","57.0","0.0","57.0","48.5","57.0","0.0","0.0","0.5","57","1","85","85","1","1","0"
"2026-03-20T08:00:00+00:00","Lahore","8","4","3","79","0.866025","-0.5","1.0","0.0","0.977848","0.209315","0","1","0","1","21.8","59","0.6","252","11.2","1011.3","0","13.4","42","","0.2","0.2","","","2.3","51","57","pm25","85","25","5","43","7","4","1","Moderate","225.25","1.0526","50.15","0","","","","57.0","57.0","57.0","45.0","57.0","0.0","57.0","49.0","57.0","0.0","0.0","0.5","57","1","85","85","1","1","0"
"2026-03-20T09:00:00+00:00","Lahore","9","4","3","79","0.707107","-0.707107","1.0","0.0","0.977848","0.209315","0","1","0","1","22.0","58","2.8","252","14.0","1010.5","0","13.5","32","","0.1","0.1","","","1.7","51","57","pm25","85","25","5","43","7","4","1","Moderate","47.9643","4.9123","49.3","0","","","","57.0","57.0","57.0","45.0","57.0","0.0","57.0","49.5","57.0","0.0","0.0","0.5","57","1","85","85","1","1","0"
"2026-03-20T10:00:00+00:00","Lahore","10","4","3","79","0.5","-0.866025","1.0","0.0","0.977848","0.209315","0","0","0","1","22.1","59","3.2","289","14.0","1009.5","0","13.6","24","","0.1","0.1","","","0.9","51","57","pm25","85","25","5","43","7","4","1","Moderate","42.2344","5.614","50.15","0","","","","57.0","57.0","57.0","45.0","57.0","0.0","57.0","50.0","57.0","0.0","0.0","0.5","57","1","85","85","1","1","0"
"2026-03-20T11:00:00+00:00","Lahore","11","4","3","79","0.258819","-0.965926","1.0","0.0","0.977848","0.209315","0","0","0","1","22.0","57","3.4","328","13.7","1009.2","0","13.2","37","","0.0","0.0","","","0.6","1","57","pm25","85","25","5","43","7","4","1","Moderate","39.25","5.9649","48.45","0","","","","57.0","57.0","57.0","45.0","57.0","0.0","57.0","50.5","57.0","0.0","0.0","0.5","57","1","85","85","1","1","0"
"2026-03-20T12:00:00+00:00","Lahore","12","4","3","79","0.0","-1.0","1.0","0.0","0.977848","0.209315","0","0","0","1","22.1","57","5.5","77","13.7","1009.3","0","13.2","43","","0.0","0.0","","","0.3","1","57","pm25","85","25","5","43","7","4","1","Moderate","24.2636","9.6491","48.45","0","","","","57.0","57.0","57.0","45.0","57.0","0.0","57.0","51.0","57.0","0.0","0.0","0.5","57","1","85","85","1","1","0"
"2026-03-20T13:00:00+00:00","Lahore","13","4","3","79","-0.258819","-0.965926","1.0","0.0","0.977848","0.209315","0","0","0","1","20.3","74","3.8","109","12.2","1010.2","0","15.5","53","","0.0","0.0","","","1.3","2","57","pm25","85","25","5","43","7","4","1","Moderate","38.9211","6.6667","62.9","0","","","","57.0","57.0","57.0","45.0","57.0","0.0","57.0","51.5","57.0","0.0","0.0","0.5","57","1","85","85","1","1","0"
"2026-03-20T14:00:00+00:00","Lahore","14","4","3","79","-0.5","-0.866025","1.0","0.0","0.977848","0.209315","0","0","0","1","19.0","77","7.3","120","12.6","1010.7","0","14.9","2","","0.0","0.0","","","0.6","0","57","pm25","85","25","5","43","7","4","1","Moderate","20.6096","12.807","65.45","0","","","","57.0","57.0","57.0","45.0","57.0","0.0","57.0","52.0","57.0","0.0","0.0","0.5","57","1","85","85","1","1","0"
"2026-03-20T15:00:00+00:00","Lahore","15","4","3","79","-0.707107","-0.707107","1.0","0.0","0.977848","0.209315","0","0","0","1","17.7","83","8.9","117","16.9","1011.4","0","14.8","5","","0.0","0.0","","","0.3","0","57","pm25","85","25","5","43","7","4","1","Moderate","17.4775","15.614","70.55","0","","","","57.0","57.0","57.0","45.0","57.0","0.0","57.0","52.5","57.0","0.0","0.0","0.5","57","1","85","85","1","1","0"
"2026-03-20T16:00:00+00:00","Lahore","16","4","3","79","-0.866025","-0.5","1.0","0.0","0.977848","0.209315","0","0","0","1","15.3","90","17.7","31","38.2","1013.3","0","13.6","74","","0.0","0.0","","","-1.4","2","57","pm25","85","25","5","43","7","4","1","Moderate","9.1243","31.0526","76.5","0","","","","57.0","57.0","57.0","45.0","57.0","0.0","57.0","53.0","57.0","0.0","0.0","0.5","57","1","85","85","1","1","0"
"2026-03-20T17:00:00+00:00","Lahore","17","4","3","79","-0.965926","-0.258819","1.0","0.0","0.977848","0.209315","0","1","0","1","15.2","91","7.4","67","36.0","1013.1","0","13.8","30","","0.0","0.0","","","0.1","1","57","pm25","85","25","5","43","7","4","1","Moderate","21.9392","12.9825","77.35","0","","","","57.0","57.0","57.0","45.0","57.0","0.0","57.0","53.5","57.0","0.0","0.0","0.5","57","1","85","85","1","1","0"
"2026-03-20T18:00:00+00:00","Lahore","18","4","3","79","-1.0","-0.0","1.0","0.0","0.977848","0.209315","0","1","0","1","14.6","94","6.5","132","14.4","1013.4","0","13.6","54","","0.0","0.0","","","0.2","2","57","pm25","85","25","5","43","7","4","1","Moderate","25.3692","11.4035","79.9","0","","","","57.0","57.0","57.0","45.0","57.0","0.0","57.0","54.0","57.0","0.0","0.0","0.5","57","1","85","85","1","1","0"
"2026-03-20T19:00:00+00:00","Lahore","19","4","3","79","-0.965926","0.258819","1.0","0.0","0.977848","0.209315","0","1","0","1","14.1","98","2.9","112","14.0","1013.0","0","13.8","13","","0.0","0.0","","","0.8","0","57","pm25","85","25","5","43","7","4","1","Moderate","58.0345","5.0877","83.3","0","","","","57.0","57.0","57.0","45.0","57.0","0.0","57.0","54.5","57.0","0.0","0.0","0.5","57","1","85","85","1","1","0"
"2026-03-20T20:00:00+00:00","Lahore","20","4","3","79","-0.866025","0.5","1.0","0.0","0.977848","0.209315","0","0","0","1","13.6","98","3.9","77","8.6","1012.4","0","13.2","6","","0.0","0.0","","","0.4","0","57","pm25","85","25","5","43","7","4","1","Moderate","43.1538","6.8421","83.3","0","","","","57.0","57.0","57.0","45.0","57.0","0.0","57.0","55.0","57.0","0.0","0.0","0.5","57","1","85","85","1","1","0"
"2026-03-20T21:00:00+00:00","Lahore","21","4","3","79","-0.707107","0.707107","1.0","0.0","0.977848","0.209315","0","0","0","1","13.0","99","4.3","62","8.3","1012.1","0","12.9","1","","0.0","0.0","","","0.3","0","57","pm25","85","25","5","43","7","4","1","Moderate","39.3372","7.5439","84.15","0","","","","57.0","57.0","57.0","45.0","57.0","0.0","57.0","55.5","57.0","0.0","0.0","0.5","57","1","85","85","1","1","0"
"2026-03-20T22:00:00+00:00","Lahore","22","4","3","79","-0.5","0.866025","1.0","0.0","0.977848","0.209315","0","0","1","1","12.6","99","4.7","90","8.6","1012.6","0","12.4","23","","0.0","0.0","","","0.0","1","57","pm25","85","25","5","43","7","4","1","Moderate","35.9894","8.2456","84.15","0","","","","57.0","57.0","57.0","45.0","57.0","0.0","57.0","56.0","57.0","0.0","0.0","0.5","57","1","85","85","1","1","0"
"2026-03-20T23:00:00+00:00","Lahore","23","4","3","79","-0.258819","0.965926","1.0","0.0","0.977848","0.209315","0","0","1","1","12.4","100","4.6","79","9.0","1012.5","0","12.3","100","","0.0","0.0","","","0.0","3","57","pm25","85","25","5","43","7","4","1","Moderate","36.9565","8.0702","85.0","0","","","","57.0","57.0","57.0","45.0","57.0","0.0","57.0","56.5","57.0","0.0","0.0","0.5","57","1","85","85","1","1","0"
"2026-03-21T00:00:00+00:00","Lahore","0","5","3","80","0.0","1.0","1.0","0.0","0.981306","0.192452","1","0","1","1","13.8","98","5.6","94","12.6","1012.3","0","13.5","100","","0.0","0.0","","","0.3","3","47","pm25","52","29","11","43","4","4","0","Good","18.3857","11.9149","50.96","0","","","","57.0","57.0","57.0","57.0","57.0","0.0","57.0","57.0","57.0","0.0","0.0","0.0","47","0","52","52","0","0","0"
"2026-03-21T01:00:00+00:00","Lahore","1","5","3","80","0.258819","0.965926","1.0","0.0","0.981306","0.192452","1","0","1","1","13.2","99","2.3","141","9.0","1013.2","0","13.1","91","","0.0","0.0","","","0.7","3","47","pm25","52","29","11","43","4","4","0","Good","44.9913","4.8936","51.48","0","","","","47.0","57.0","57.0","57.0","53.67","4.71","55.33","56.58","57.0","-10.0","-1.6667","-0.4167","47","0","52","52","0","0","-1"
"2026-03-21T02:00:00+00:00","Lahore","2","5","3","80","0.5","0.866025","1.0","0.0","0.981306","0.192452","1","0","1","1","14.1","98","4.5","137","8.3","1014.0","0","13.8","98","","0.0","0.0","","","0.6","3","47","pm25","52","29","11","43","4","4","0","Good","22.88","9.5745","50.96","0","","","","47.0","57.0","57.0","57.0","50.33","4.71","53.67","56.17","57.0","0.0","-1.6667","-0.4167","47","0","52","52","0","0","0"
"2026-03-21T03:00:00+00:00","Lahore","3","5","3","80","0.707107","0.707107","1.0","0.0","0.981306","0.192452","1","0","1","1","15.5","94","4.2","140","13.0","1014.8","0","14.5","51","","0.0","0.0","","","0.9","2","47","pm25","52","29","11","43","4","4","0","Good","24.019","8.9362","48.88","0","","","","47.0","47.0","57.0","57.0","47.0","0.0","52.0","55.75","57.0","0.0","-1.6667","-0.4167","47","0","52","52","0","0","0"
"2026-03-21T04:00:00+00:00","Lahore","4","5","3","80","0.866025","0.5","1.0","0.0","0.981306","0.192452","1","0","1","1","17.7","88","2.4","117","13.0","1015.3","0","15.6","95","","0.0","0.0","","","1.6","3","47","pm25","52","29","11","43","4","4","0","Good","40.7333","5.1064","45.76","0","","","","47.0","47.0","57.0","57.0","47.0","0.0","50.33","55.33","57.0","0.0","-1.6667","-0.4167","47","0","52","52","0","0","0"
"2026-03-21T05:00:00+00:00","Lahore","5","5","3","80","0.965926","0.258819","1.0","0.0","0.981306","0.192452","1","0","1","1","19.6","79","3.2","87","14.0","1015.4","0","15.9","100","","0.0","0.0","","","1.6","3","47","pm25","52","29","11","43","4","4","0","Good","29.0875","6.8085","41.08","0","","","","47.0","47.0","57.0","57.0","47.0","0.0","48.67","54.92","57.0","0.0","-1.6667","-0.4167","47","0","52","52","0","0","0"
"2026-03-21T06:00:00+00:00","Lahore","6","5","3","80","1.0","0.0","1.0","0.0","0.981306","0.192452","1","0","0","1","20.7","72","3.8","71","15.1","1015.7","0","15.4","100","","0.0","0.0","","","1.8","3","47","pm25","52","29","11","43","4","4","0","Good","23.5368","8.0851","37.44","0","","","","47.0","47.0","47.0","57.0","47.0","0.0","47.0","54.5","57.0","0.0","0.0","-0.4167","47","0","52","52","0","0","0"
"2026-03-21T07:00:00+00:00","Lahore","7","5","3","80","0.965926","-0.258819","1.0","0.0","0.981306","0.192452","1","1","0","1","22.0","65","2.0","100","14.8","1015.6","0","15.1","100","","0.0","0.0","","","2.3","3","47","pm25","52","29","11","43","4","4","0","Good","42.9","4.2553","33.8","0","","","","47.0","47.0","47.0","57.0","47.0","0.0","47.0","54.08","57.0","0.0","0.0","-0.4167","47","0","52","52","0","0","0"
"2026-03-21T08:00:00+00:00","Lahore","8","5","3","80","0.866025","-0.5","1.0","0.0","0.981306","0.192452","1","1","0","1","22.9","59","2.6","258","13.3","1014.9","0","14.4","100","","0.0","0.0","","","2.1","3","47","pm25","52","29","11","43","4","4","0","Good","31.8","5.5319","30.68","0","","","","47.0","47.0","47.0","57.0","47.0","0.0","47.0","53.67","57.0","0.0","0.0","-0.4167","47","0","52","52","0","0","0"
"2026-03-21T09:00:00+00:00","Lahore","9","5","3","80","0.707107","-0.707107","1.0","0.0","0.981306","0.192452","1","1","0","1","23.2","55","5.4","256","16.9","1013.9","0","13.8","100","","0.0","0.0","","","0.4","3","47","pm25","52","29","11","43","4","4","0","Good","14.9259","11.4894","28.6","0","","","","47.0","47.0","47.0","57.0","47.0","0.0","47.0","53.25","57.0","0.0","0.0","-0.4167","47","0","52","52","0","0","0"
"2026-03-21T10:00:00+00:00","Lahore","10","5","3","80","0.5","-0.866025","1.0","0.0","0.981306","0.192452","1","0","0","1","23.7","53","5.9","270","17.6","1013.2","0","13.6","100","","0.0","0.0","","","0.3","3","47","pm25","52","29","11","43","4","4","0","Good","13.4847","12.5532","27.56","0","","","","47.0","47.0","47.0","57.0","47.0","0.0","47.0","52.83","57.0","0.0","0.0","-0.4167","47","0","52","52","0","0","0"
"2026-03-21T11:00:00+00:00","Lahore","11","5","3","80","0.258819","-0.965926","1.0","0.0","0.981306","0.192452","1","0","0","1","23.5","56","7.0","296","18.0","1013.0","0","14.1","100","","0.0","0.0","","","0.3","3","47","pm25","52","29","11","43","4","4","0","Good","11.5886","14.8936","29.12","0","","","","47.0","47.0","47.0","57.0","47.0","0.0","47.0","52.42","57.0","0.0","0.0","-0.4167","47","0","52","52","0","0","0"
"2026-03-21T12:00:00+00:00","Lahore","12","5","3","80","0.0","-1.0","1.0","0.0","0.981306","0.192452","1","0","0","1","23.1","55","4.4","333","17.3","1013.1","0","13.6","100","","0.0","0.0","","","0.5","3","47","pm25","52","29","11","43","4","4","0","Good","18.3182","9.3617","28.6","0","","","","47.0","47.0","47.0","57.0","47.0","0.0","47.0","52.0","57.0","0.0","0.0","-0.4167","47","0","52","52","0","0","0"
"2026-03-21T13:00:00+00:00","Lahore","13","5","3","80","-0.258819","-0.965926","1.0","0.0","0.981306","0.192452","1","0","0","1","21.5","71","3.0","327","10.1","1013.5","0","16.1","100","","0.0","0.0","","","1.7","3","47","pm25","52","29","11","43","4","4","0","Good","29.64","6.383","36.92","0","","","","47.0","47.0","47.0","57.0","47.0","0.0","47.0","51.58","57.0","0.0","0.0","-0.4167","47","0","52","52","0","0","0"
"2026-03-21T14:00:00+00:00","Lahore","14","5","3","80","-0.5","-0.866025","1.0","0.0","0.981306","0.192452","1","0","0","1","20.4","75","4.0","333","6.8","1014.2","0","15.7","100","","0.0","0.0","","","1.3","3","47","pm25","52","29","11","43","4","4","0","Good","22.75","8.5106","39.0","0","","","","47.0","47.0","47.0","57.0","47.0","0.0","47.0","51.17","57.0","0.0","0.0","-0.4167","47","0","52","52","0","0","0"
"2026-03-21T15:00:00+00:00","Lahore","15","5","3","80","-0.707107","-0.707107","1.0","0.0","0.981306","0.192452","1","0","0","1","19.4","76","5.4","352","10.4","1014.7","0","15.1","12","","0.0","0.0","","","0.9","0","47","pm25","52","29","11","43","4","4","0","Good","16.9481","11.4894","39.52","0","","","","47.0","47.0","47.0","57.0","47.0","0.0","47.0","50.75","57.0","0.0","0.0","-0.4167","47","0","52","52","0","0","0"
"2026-03-21T16:00:00+00:00","Lahore","16","5","3","80","-0.866025","-0.5","1.0","0.0","0.981306","0.192452","1","0","0","1","18.6","78","5.2","358","10.1","1015.2","0","14.6","0","","0.0","0.0","","","0.8","0","47","pm25","52","29","11","43","4","4","0","Good","17.8","11.0638","40.56","0","","","","47.0","47.0","47.0","57.0","47.0","0.0","47.0","50.33","57.0","0.0","0.0","-0.4167","47","0","52","52","0","0","0"
"2026-03-21T17:00:00+00:00","Lahore","17","5","3","80","-0.965926","-0.258819","1.0","0.0","0.981306","0.192452","1","1","0","1","17.7","81","4.4","9","9.4","1014.8","0","14.4","6","","0.0","0.0","","","0.8","0","47","pm25","52","29","11","43","4","4","0","Good","21.3909","9.3617","42.12","0","","","","47.0","47.0","47.0","57.0","47.0","0.0","47.0","49.92","57.0","0.0","0.0","-0.4167","47","0","52","52","0","0","0"
"2026-03-21T18:00:00+00:00","Lahore","18","5","3","80","-1.0","-0.0","1.0","0.0","0.981306","0.192452","1","1","0","1","18.0","81","4.8","331","6.5","1015.3","0","14.8","5","","0.0","0.0","","","0.9","0","47","pm25","52","29","11","43","4","4","0","Good","19.6083","10.2128","42.12","0","","","","47.0","47.0","47.0","57.0","47.0","0.0","47.0","49.5","57.0","0.0","0.0","-0.4167","47","0","52","52","0","0","0"
"2026-03-21T19:00:00+00:00","Lahore","19","5","3","80","-0.965926","0.258819","1.0","0.0","0.981306","0.192452","1","1","0","1","18.5","81","5.7","288","10.1","1015.3","0","15.2","0","","0.0","0.0","","","0.9","0","47","pm25","52","29","11","43","4","4","0","Good","16.5123","12.1277","42.12","0","","","","47.0","47.0","47.0","57.0","47.0","0.0","47.0","49.08","57.0","0.0","0.0","-0.4167","47","0","52","52","0","0","0"
"2026-03-21T20:00:00+00:00","Lahore","20","5","3","80","-0.866025","0.5","1.0","0.0","0.981306","0.192452","1","0","0","1","18.3","79","6.2","291","11.2","1014.9","0","14.6","16","","0.0","0.0","","","0.6","0","47","pm25","52","29","11","43","4","4","0","Good","15.0129","13.1915","41.08","0","","","","47.0","47.0","47.0","57.0","47.0","0.0","47.0","48.67","57.0","0.0","0.0","-0.4167","47","0","52","52","0","0","0"
"2026-03-21T21:00:00+00:00","Lahore","21","5","3","80","-0.707107","0.707107","1.0","0.0","0.981306","0.192452","1","0","0","1","17.9","78","6.3","301","11.2","1014.2","0","13.9","81","","0.0","0.0","","","0.4","3","47","pm25","52","29","11","43","4","4","0","Good","14.6921","13.4043","40.56","0","","","","47.0","47.0","47.0","57.0","47.0","0.0","47.0","48.25","57.0","0.0","0.0","-0.4167","47","0","52","52","0","0","0"
"2026-03-21T22:00:00+00:00","Lahore","22","5","3","80","-0.5","0.866025","1.0","0.0","0.981306","0.192452","1","0","1","1","17.2","80","6.0","303","11.9","1014.2","0","13.9","84","","0.0","0.0","","","0.4","3","47","pm25","52","29","11","43","4","4","0","Good","15.6","12.766","41.6","0","","","","47.0","47.0","47.0","57.0","47.0","0.0","47.0","47.83","57.0","0.0","0.0","-0.4167","47","0","52","52","0","0","0"
"2026-03-21T23:00:00+00:00","Lahore","23","5","3","80","-0.258819","0.965926","1.0","0.0","0.981306","0.192452","1","0","1","1","16.5","83","5.5","306","10.8","1013.7","0","13.7","95","","0.0","0.0","","","0.4","3","47","pm25","52","29","11","43","4","4","0","Good","17.3018","11.7021","43.16","0","","","","47.0","47.0","47.0","57.0","47.0","0.0","47.0","47.42","57.0","0.0","0.0","-0.4167","47","0","52","52","0","0","0"
"2026-03-22T00:00:00+00:00","Lahore","0","6","3","81","0.0","1.0","1.0","0.0","0.984474","0.175531","1","0","1","1","16.4","81","6.5","346","11.2","1013.3","0","13.2","95","","0.0","0.0","","","0.1","3","44","pm25","67","21","7","49","8","-1","0","Good","18.6569","14.7727","54.27","0","","","","47.0","47.0","47.0","47.0","47.0","0.0","47.0","47.0","47.0","0.0","0.0","0.0","44","0","67","67","0","0","0"
"2026-03-22T01:00:00+00:00","Lahore","1","6","3","81","0.258819","0.965926","1.0","0.0","0.984474","0.175531","1","0","1","1","16.1","83","6.5","355","12.6","1013.4","0","13.3","91","","0.0","0.0","","","0.1","3","44","pm25","67","21","7","49","8","-1","0","Good","18.8631","14.7727","55.61","0","","","","44.0","47.0","47.0","47.0","46.0","1.41","46.5","46.88","47.0","-3.0","-0.5","-0.125","44","0","67","67","0","0","0"
"2026-03-22T02:00:00+00:00","Lahore","2","6","3","81","0.5","0.866025","1.0","0.0","0.984474","0.175531","1","0","1","1","16.5","83","6.5","358","11.9","1013.6","0","13.6","36","","0.0","0.0","","","0.2","1","44","pm25","67","21","7","49","8","-1","0","Good","18.8631","14.7727","55.61","0","","","","44.0","47.0","47.0","47.0","45.0","1.41","46.0","46.75","47.0","0.0","-0.5","-0.125","44","0","67","67","0","0","0"
"2026-03-22T03:00:00+00:00","Lahore","3","6","3","81","0.707107","0.707107","1.0","0.0","0.984474","0.175531","1","0","1","1","18.3","78","2.8","310","12.6","1014.5","0","14.4","10","","0.0","0.0","","","1.1","0","44","pm25","67","21","7","49","8","-1","0","Good","42.5929","6.3636","52.26","0","","","","44.0","44.0","47.0","47.0","44.0","0.0","45.5","46.62","47.0","0.0","-0.5","-0.125","44","0","67","67","0","0","0"
"2026-03-22T04:00:00+00:00","Lahore","4","6","3","81","0.866025","0.5","1.0","0.0","0.984474","0.175531","1","0","1","1","20.5","70","2.4","343","11.5","1014.6","0","14.8","2","","0.0","0.0","","","1.2","0","44","pm25","67","21","7","49","8","-1","0","Good","47.4583","5.4545","46.9","0","","","","44.0","44.0","47.0","47.0","44.0","0.0","45.0","46.5","47.0","0.0","-0.5","-0.125","44","0","67","67","0","0","0"
"2026-03-22T05:00:00+00:00","Lahore","5","6","3","81","0.965926","0.258819","1.0","0.0","0.984474","0.175531","1","0","1","1","22.8","61","3.4","328","14.4","1014.7","0","14.8","0","","0.0","0.0","","","1.3","0","44","pm25","67","21","7","49","8","-1","0","Good","31.7265","7.7273","40.87","0","","","","44.0","44.0","47.0","47.0","44.0","0.0","44.5","46.38","47.0","0.0","-0.5","-0.125","44","0","67","67","0","0","0"
"2026-03-22T06:00:00+00:00","Lahore","6","6","3","81","1.0","0.0","1.0","0.0","0.984474","0.175531","1","0","0","1","24.1","53","5.7","311","16.2","1014.7","0","13.9","70","","0.0","0.0","","","1.5","2","44","pm25","67","21","7","49","8","-1","0","Good","17.9842","12.9545","35.51","0","","","","44.0","44.0","44.0","47.0","44.0","0.0","44.0","46.25","47.0","0.0","0.0","-0.125","44","0","67","67","0","0","0"
"2026-03-22T07:00:00+00:00","Lahore","7","6","3","81","0.965926","-0.258819","1.0","0.0","0.984474","0.175531","1","1","0","1","25.2","50","6.3","268","20.2","1014.1","0","13.9","6","","0.0","0.0","","","1.7","0","44","pm25","67","21","7","49","8","-1","0","Good","15.9524","14.3182","33.5","0","","","","44.0","44.0","44.0","47.0","44.0","0.0","44.0","46.12","47.0","0.0","0.0","-0.125","44","0","67","67","0","0","0"
"2026-03-22T08:00:00+00:00","Lahore","8","6","3","81","0.866025","-0.5","1.0","0.0","0.984474","0.175531","1","1","0","1","26.1","47","8.3","272","27.4","1013.1","0","13.9","5","","0.0","0.0","","","1.6","0","44","pm25","67","21","7","49","8","-1","0","Good","11.8663","18.8636","31.49","0","","","","44.0","44.0","44.0","47.0","44.0","0.0","44.0","46.0","47.0","0.0","0.0","-0.125","44","0","67","67","0","0","0"
"2026-03-22T09:00:00+00:00","Lahore","9","6","3","81","0.707107","-0.707107","1.0","0.0","0.984474","0.175531","1","1","0","1","26.6","44","10.2","280","28.8","1012.1","0","13.4","95","","0.0","0.0","","","0.8","3","44","pm25","67","21","7","49","8","-1","0","Good","9.4588","23.1818","29.48","0","","","","44.0","44.0","44.0","47.0","44.0","0.0","44.0","45.88","47.0","0.0","0.0","-0.125","44","0","67","67","0","0","0"
"2026-03-22T10:00:00+00:00","Lahore","10","6","3","81","0.5","-0.866025","1.0","0.0","0.984474","0.175531","1","0","0","1","26.8","42","10.0","283","28.8","1011.3","0","12.7","100","","0.0","0.0","","","-0.2","3","44","pm25","67","21","7","49","8","-1","0","Good","9.514","22.7273","28.14","0","","","","44.0","44.0","44.0","47.0","44.0","0.0","44.0","45.75","47.0","0.0","0.0","-0.125","44","0","67","67","0","0","0"
"2026-03-22T11:00:00+00:00","Lahore","11","6","3","81","0.258819","-0.965926","1.0","0.0","0.984474","0.175531","1","0","0","1","26.3","43","9.3","283","24.8","1010.7","0","12.6","96","","0.0","0.0","","","-0.5","3","44","pm25","67","21","7","49","8","-1","0","Good","10.3022","21.1364","28.81","0","","","","44.0","44.0","44.0","47.0","44.0","0.0","44.0","45.62","47.0","0.0","0.0","-0.125","44","0","67","67","0","0","0"
"2026-03-22T12:00:00+00:00","Lahore","12","6","3","81","0.0","-1.0","1.0","0.0","0.984474","0.175531","1","0","0","1","25.9","46","6.7","289","21.6","1010.7","0","13.3","97","","0.0","0.0","","","0.0","3","44","pm25","67","21","7","49","8","-1","0","Good","14.6","15.2273","30.82","0","","","","44.0","44.0","44.0","47.0","44.0","0.0","44.0","45.5","47.0","0.0","0.0","-0.125","44","0","67","67","0","0","0"
"2026-03-22T13:00:00+00:00","Lahore","13","6","3","81","-0.258819","-0.965926","1.0","0.0","0.984474","0.175531","1","0","0","1","23.9","59","4.7","302","13.7","1010.5","0","15.4","73","","0.0","0.0","","","1.1","2","44","pm25","67","21","7","49","8","-1","0","Good","22.666","10.6818","39.53","0","","","","44.0","44.0","44.0","47.0","44.0","0.0","44.0","45.38","47.0","0.0","0.0","-0.125","44","0","67","67","0","0","0"
"2026-03-22T14:00:00+00:00","Lahore","14","6","3","81","-0.5","-0.866025","1.0","0.0","0.984474","0.175531","1","0","0","1","22.2","65","5.4","278","9.0","1011.0","0","15.2","29","","0.0","0.0","","","1.0","1","44","pm25","67","21","7","49","8","-1","0","Good","20.4722","12.2727","43.55","0","","","","44.0","44.0","44.0","47.0","44.0","0.0","44.0","45.25","47.0","0.0","0.0","-0.125","44","0","67","67","0","0","0"
"2026-03-22T15:00:00+00:00","Lahore","15","6","3","81","-0.707107","-0.707107","1.0","0.0","0.984474","0.175531","1","0","0","1","21.5","68","4.7","277","9.0","1011.2","0","15.4","2","","0.0","0.0","","","1.1","0","44","pm25","67","21","7","49","8","-1","0","Good","23.9489","10.6818","45.56","0","","","","44.0","44.0","44.0","47.0","44.0","0.0","44.0","45.12","47.0","0.0","0.0","-0.125","44","0","67","67","0","0","0"
"2026-03-22T16:00:00+00:00","Lahore","16","6","3","81","-0.866025","-0.5","1.0","0.0","0.984474","0.175531","1","0","0","1","20.4","71","5.3","260","7.9","1011.9","0","14.9","1","","0.0","0.0","","","0.9","0","44","pm25","67","21","7","49","8","-1","0","Good","21.617","12.0455","47.57","0","","","","44.0","44.0","44.0","47.0","44.0","0.0","44.0","45.0","47.0","0.0","0.0","-0.125","44","0","67","67","0","0","0"
"2026-03-22T17:00:00+00:00","Lahore","17","6","3","81","-0.965926","-0.258819","1.0","0.0","0.984474","0.175531","1","1","0","1","19.6","74","5.2","274","9.0","1011.9","0","14.9","1","","0.0","0.0","","","0.9","0","44","pm25","67","21","7","49","8","-1","0","Good","22.4192","11.8182","49.58","0","","","","44.0","44.0","44.0","47.0","44.0","0.0","44.0","44.88","47.0","0.0","0.0","-0.125","44","0","67","67","0","0","0"
"2026-03-22T18:00:00+00:00","Lahore","18","6","3","81","-1.0","-0.0","1.0","0.0","0.984474","0.175531","1","1","0","1","19.5","75","4.8","297","8.3","1012.0","0","15.0","92","","0.0","0.0","","","1.0","3","44","pm25","67","21","7","49","8","-1","0","Good","24.4271","10.9091","50.25","0","","","","44.0","44.0","44.0","47.0","44.0","0.0","44.0","44.75","47.0","0.0","0.0","-0.125","44","0","67","67","0","0","0"
"2026-03-22T19:00:00+00:00","Lahore","19","6","3","81","-0.965926","0.258819","1.0","0.0","0.984474","0.175531","1","1","0","1","20.1","73","5.7","298","10.1","1011.8","0","15.1","100","","0.0","0.0","","","0.9","3","44","pm25","67","21","7","49","8","-1","0","Good","20.3351","12.9545","48.91","0","","","","44.0","44.0","44.0","47.0","44.0","0.0","44.0","44.62","47.0","0.0","0.0","-0.125","44","0","67","67","0","0","0"
"2026-03-22T20:00:00+00:00","Lahore","20","6","3","81","-0.866025","0.5","1.0","0.0","0.984474","0.175531","1","0","0","1","20.5","72","5.2","299","10.8","1011.6","0","15.2","100","","0.0","0.0","","","1.0","3","44","pm25","67","21","7","49","8","-1","0","Good","22.1615","11.8182","48.24","0","","","","44.0","44.0","44.0","47.0","44.0","0.0","44.0","44.5","47.0","0.0","0.0","-0.125","44","0","67","67","0","0","0"
"2026-03-22T21:00:00+00:00","Lahore","21","6","3","81","-0.707107","0.707107","1.0","0.0","0.984474","0.175531","1","0","0","1","20.1","73","4.9","327","9.4","1011.3","0","15.1","46","","0.0","0.0","","","1.0","1","44","pm25","67","21","7","49","8","-1","0","Good","23.6551","11.1364","48.91","0","","","","44.0","44.0","44.0","47.0","44.0","0.0","44.0","44.38","47.0","0.0","0.0","-0.125","44","0","67","67","0","0","0"
"2026-03-22T22:00:00+00:00","Lahore","22","6","3","81","-0.5","0.866025","1.0","0.0","0.984474","0.175531","1","0","1","1","19.2","75","5.1","342","9.7","1011.2","0","14.8","13","","0.0","0.0","","","0.8","0","44","pm25","67","21","7","49","8","-1","0","Good","22.9902","11.5909","50.25","0","","","","44.0","44.0","44.0","47.0","44.0","0.0","44.0","44.25","47.0","0.0","0.0","-0.125","44","0","67","67","0","0","0"
"2026-03-22T23:00:00+00:00","Lahore","23","6","3","81","-0.258819","0.965926","1.0","0.0","0.984474","0.175531","1","0","1","1","18.2","79","5.1","337","9.7","1011.0","0","14.6","16","","0.0","0.0","","","0.8","0","44","pm25","67","21","7","49","8","-1","0","Good","23.5157","11.5909","52.93","0","","","","44.0","44.0","44.0","47.0","44.0","0.0","44.0","44.12","47.0","0.0","0.0","-0.125","44","0","67","67","0","0","0"
"2026-03-23T00:00:00+00:00","Lahore","0","0","3","82","0.0","1.0","1.0","0.0","0.987349","0.158559","0","0","1","1","17.6","83","2.9","7","10.1","1010.9","0","14.7","0","","0.0","0.0","","","1.2","0","42","pm25","71","24","7","40","6","7","0","Good","44.8034","6.9048","58.93","0","","","","44.0","44.0","44.0","44.0","44.0","0.0","44.0","44.0","44.0","0.0","0.0","0.0","42","0","71","71","0","0","0"
"2026-03-23T01:00:00+00:00","Lahore","1","0","3","82","0.258819","0.965926","1.0","0.0","0.987349","0.158559","0","0","1","1","17.6","84","0.8","315","4.7","1011.4","0","14.9","2","","0.0","0.0","","","1.6","0","42","pm25","71","24","7","40","6","7","0","Good","163.3","1.9048","59.64","0","","","","42.0","44.0","44.0","44.0","43.33","0.94","43.67","43.92","44.0","-2.0","-0.3333","-0.0833","42","0","71","71","0","0","0"
"2026-03-23T02:00:00+00:00","Lahore","2","0","3","82","0.5","0.866025","1.0","0.0","0.987349","0.158559","0","0","1","1","18.2","83","2.1","232","4.0","1012.0","0","15.3","0","","0.0","0.0","","","1.5","0","42","pm25","71","24","7","40","6","7","0","Good","61.8714","5.0","58.93","0","","","","42.0","44.0","44.0","44.0","42.67","0.94","43.33","43.83","44.0","0.0","-0.3333","-0.0833","42","0","71","71","0","0","0"
"2026-03-23T03:00:00+00:00","Lahore","3","0","3","82","0.707107","0.707107","1.0","0.0","0.987349","0.158559","0","0","1","1","20.5","76","0.7","194","6.8","1012.3","0","16.1","0","","0.0","0.0","","","1.9","0","42","pm25","71","24","7","40","6","7","0","Good","178.5143","1.6667","53.96","0","","","","42.0","42.0","44.0","44.0","42.0","0.0","43.0","43.75","44.0","0.0","-0.3333","-0.0833","42","0","71","71","0","0","0"
"2026-03-23T04:00:00+00:00","Lahore","4","0","3","82","0.866025","0.5","1.0","0.0","0.987349","0.158559","0","0","1","1","22.9","66","1.9","253","10.8","1012.6","0","16.2","0","","0.0","0.0","","","1.8","0","42","pm25","71","24","7","40","6","7","0","Good","62.0316","4.5238","46.86","0","","","","42.0","42.0","44.0","44.0","42.0","0.0","42.67","43.67","44.0","0.0","-0.3333","-0.0833","42","0","71","71","0","0","0"
"2026-03-23T05:00:00+00:00","Lahore","5","0","3","82","0.965926","0.258819","1.0","0.0","0.987349","0.158559","0","0","1","1","25.0","58","3.3","261","14.4","1012.6","0","16.0","1","","0.0","0.0","","","1.8","0","42","pm25","71","24","7","40","6","7","0","Good","33.9939","7.8571","41.18","0","","","","42.0","42.0","44.0","44.0","42.0","0.0","42.33","43.58","44.0","0.0","-0.3333","-0.0833","42","0","71","71","0","0","0"
"2026-03-23T06:00:00+00:00","Lahore","6","0","3","82","1.0","0.0","1.0","0.0","0.987349","0.158559","0","0","0","1","26.4","45","5.4","268","18.4","1012.7","0","13.6","8","","0.0","0.0","","","1.4","0","42","pm25","71","24","7","40","6","7","0","Good","19.0648","12.8571","31.95","0","","","","42.0","42.0","42.0","44.0","42.0","0.0","42.0","43.5","44.0","0.0","0.0","-0.0833","42","0","71","71","0","0","0"
"2026-03-23T07:00:00+00:00","Lahore","7","0","3","82","0.965926","-0.258819","1.0","0.0","0.987349","0.158559","0","1","0","1","27.2","43","5.1","234","19.4","1011.7","0","13.4","11","","0.0","0.0","27.18","","1.7","0","42","pm25","71","24","7","40","6","7","0","Good","19.9078","12.1429","30.53","0","","","","42.0","42.0","42.0","44.0","42.0","0.0","42.0","43.42","44.0","0.0","0.0","-0.0833","42","0","71","71","0","0","0"
"2026-03-23T08:00:00+00:00","Lahore","8","0","3","82","0.866025","-0.5","1.0","0.0","0.987349","0.158559","0","1","0","1","27.9","40","5.7","259","20.5","1010.9","0","13.0","28","","0.0","0.0","27.58","","1.5","1","42","pm25","71","24","7","40","6","7","0","Good","17.4386","13.5714","28.4","0","","","","42.0","42.0","42.0","44.0","42.0","0.0","42.0","43.33","44.0","0.0","0.0","-0.0833","42","0","71","71","0","0","0"
"2026-03-23T09:00:00+00:00","Lahore","9","0","3","82","0.707107","-0.707107","1.0","0.0","0.987349","0.158559","0","1","0","1","28.4","38","4.8","297","20.2","1010.0","0","12.6","44","","0.0","0.0","27.88","","1.1","1","42","pm25","71","24","7","40","6","7","0","Good","20.4125","11.4286","26.98","0","","","","42.0","42.0","42.0","44.0","42.0","0.0","42.0","43.25","44.0","0.0","0.0","-0.0833","42","0","71","71","0","0","0"
"2026-03-23T10:00:00+00:00","Lahore","10","0","3","82","0.5","-0.866025","1.0","0.0","0.987349","0.158559","0","0","0","1","27.8","39","5.2","314","18.7","1009.9","0","12.4","54","","0.0","0.0","27.43","","-0.1","2","42","pm25","71","24","7","40","6","7","0","Good","18.9788","12.381","27.69","0","","","","42.0","42.0","42.0","44.0","42.0","0.0","42.0","43.17","44.0","0.0","0.0","-0.0833","42","0","71","71","0","0","0"
"2026-03-23T11:00:00+00:00","Lahore","11","0","3","82","0.258819","-0.965926","1.0","0.0","0.987349","0.158559","0","0","0","1","27.4","39","3.4","313","16.6","1009.5","0","12.3","29","","0.0","0.0","27.11","","0.2","1","42","pm25","71","24","7","40","6","7","0","Good","29.0265","8.0952","27.69","0","","","","42.0","42.0","42.0","44.0","42.0","0.0","42.0","43.08","44.0","0.0","0.0","-0.0833","42","0","71","71","0","0","0"
"2026-03-23T12:00:00+00:00","Lahore","12","0","3","82","0.0","-1.0","1.0","0.0","0.987349","0.158559","0","0","0","1","27.7","34","3.9","326","12.2","1008.8","0","10.4","48","","0.0","0.0","27.07","","-0.4","1","42","pm25","71","24","7","40","6","7","0","Good","24.3949","9.2857","24.14","0","","","","42.0","42.0","42.0","44.0","42.0","0.0","42.0","43.0","44.0","0.0","0.0","-0.0833","42","0","71","71","0","0","0"
"2026-03-23T13:00:00+00:00","Lahore","13","0","3","82","-0.258819","-0.965926","1.0","0.0","0.987349","0.158559","0","0","0","1","25.2","48","4.7","28","8.3","1009.5","0","13.4","52","","0.0","0.0","","","0.4","2","42","pm25","71","24","7","40","6","7","0","Good","22.3574","11.1905","34.08","0","","","","42.0","42.0","42.0","44.0","42.0","0.0","42.0","42.92","44.0","0.0","0.0","-0.0833","42","0","71","71","0","0","0"
"2026-03-23T14:00:00+00:00","Lahore","14","0","3","82","-0.5","-0.866025","1.0","0.0","0.987349","0.158559","0","0","0","1","22.9","58","5.7","44","11.5","1010.2","0","14.1","2","","0.0","0.0","","","0.5","0","42","pm25","71","24","7","40","6","7","0","Good","19.6807","13.5714","41.18","0","","","","42.0","42.0","42.0","44.0","42.0","0.0","42.0","42.83","44.0","0.0","0.0","-0.0833","42","0","71","71","0","0","0"
"2026-03-23T15:00:00+00:00","Lahore","15","0","3","82","-0.707107","-0.707107","1.0","0.0","0.987349","0.158559","0","0","0","1","21.4","65","4.7","86","10.1","1010.8","0","14.6","1","","0.0","0.0","","","0.8","0","42","pm25","71","24","7","40","6","7","0","Good","24.9255","11.1905","46.15","0","","","","42.0","42.0","42.0","44.0","42.0","0.0","42.0","42.75","44.0","0.0","0.0","-0.0833","42","0","71","71","0","0","0"
"2026-03-23T16:00:00+00:00","Lahore","16","0","3","82","-0.866025","-0.5","1.0","0.0","0.987349","0.158559","0","0","0","1","20.4","65","7.9","87","13.3","1011.5","0","13.5","0","","0.0","0.0","","","-0.1","0","42","pm25","71","24","7","40","6","7","0","Good","14.8291","18.8095","46.15","0","","","","42.0","42.0","42.0","44.0","42.0","0.0","42.0","42.67","44.0","0.0","0.0","-0.0833","42","0","71","71","0","0","0"
"2026-03-23T17:00:00+00:00","Lahore","17","0","3","82","-0.965926","-0.258819","1.0","0.0","0.987349","0.158559","0","1","0","1","19.6","69","10.2","99","19.8","1011.6","0","13.9","0","","0.0","0.0","","","-0.2","0","42","pm25","71","24","7","40","6","7","0","Good","11.7637","24.2857","48.99","0","","","","42.0","42.0","42.0","44.0","42.0","0.0","42.0","42.58","44.0","0.0","0.0","-0.0833","42","0","71","71","0","0","0"
"2026-03-23T18:00:00+00:00","Lahore","18","0","3","82","-1.0","-0.0","1.0","0.0","0.987349","0.158559","0","1","0","1","20.0","75","6.8","107","19.1","1011.9","0","15.6","3","","0.0","0.0","","","0.9","0","42","pm25","71","24","7","40","6","7","0","Good","18.2721","16.1905","53.25","0","","","","42.0","42.0","42.0","44.0","42.0","0.0","42.0","42.5","44.0","0.0","0.0","-0.0833","42","0","71","71","0","0","0"
"2026-03-23T19:00:00+00:00","Lahore","19","0","3","82","-0.965926","0.258819","1.0","0.0","0.987349","0.158559","0","1","0","1","19.9","78","4.6","111","12.2","1012.0","0","15.9","1","","0.0","0.0","","","1.3","0","42","pm25","71","24","7","40","6","7","0","Good","27.4739","10.9524","55.38","0","","","","42.0","42.0","42.0","44.0","42.0","0.0","42.0","42.42","44.0","0.0","0.0","-0.0833","42","0","71","71","0","0","0"
"2026-03-23T20:00:00+00:00","Lahore","20","0","3","82","-0.866025","0.5","1.0","0.0","0.987349","0.158559","0","0","0","1","19.0","82","4.1","103","7.6","1012.1","0","15.8","0","","0.0","0.0","","","1.4","0","42","pm25","71","24","7","40","6","7","0","Good","31.5171","9.7619","58.22","0","","","","42.0","42.0","42.0","44.0","42.0","0.0","42.0","42.33","44.0","0.0","0.0","-0.0833","42","0","71","71","0","0","0"
"2026-03-23T21:00:00+00:00","Lahore","21","0","3","82","-0.707107","0.707107","1.0","0.0","0.987349","0.158559","0","0","0","1","18.2","84","4.0","98","6.5","1011.6","0","15.4","2","","0.0","0.0","","","1.3","0","42","pm25","71","24","7","40","6","7","0","Good","32.66","9.5238","59.64","0","","","","42.0","42.0","42.0","44.0","42.0","0.0","42.0","42.25","44.0","0.0","0.0","-0.0833","42","0","71","71","0","0","0"
"2026-03-23T22:00:00+00:00","Lahore","22","0","3","82","-0.5","0.866025","1.0","0.0","0.987349","0.158559","0","0","1","1","17.5","86","2.9","112","6.1","1011.2","0","15.2","0","","0.0","0.0","","","1.3","0","42","pm25","71","24","7","40","6","7","0","Good","45.5379","6.9048","61.06","0","","","","42.0","42.0","42.0","44.0","42.0","0.0","42.0","42.17","44.0","0.0","0.0","-0.0833","42","0","71","71","0","0","0"
"2026-03-23T23:00:00+00:00","Lahore","23","0","3","82","-0.258819","0.965926","1.0","0.0","0.987349","0.158559","0","0","1","1","16.9","89","2.1","75","4.0","1010.9","0","14.9","0","","0.0","0.0","","","1.3","0","42","pm25","71","24","7","40","6","7","0","Good","63.9","5.0","63.19","0","","","","42.0","42.0","42.0","44.0","42.0","0.0","42.0","42.08","44.0","0.0","0.0","-0.0833","42","0","71","71","0","0","0"
"2026-03-24T00:00:00+00:00","Lahore","0","1","3","83","0.0","1.0","1.0","0.0","0.989932","0.14154","0","0","1","1","16.9","91","4.6","36","3.6","1011.3","0","15.4","0","","0.0","0.0","","","1.1","0","33","pm25","78","19","8","43","4","6","0","Good","32.387","13.9394","70.98","0","","","","42.0","42.0","42.0","42.0","42.0","0.0","42.0","42.0","42.0","0.0","0.0","0.0","33","0","78","78","0","0","0"
"2026-03-24T01:00:00+00:00","Lahore","1","1","3","83","0.258819","0.965926","1.0","0.0","0.989932","0.14154","0","0","1","1","17.0","86","6.0","44","11.2","1011.7","0","14.7","0","","0.0","0.0","","","0.7","0","33","pm25","78","19","8","43","4","6","0","Good","24.18","18.1818","67.08","0","","","","33.0","42.0","42.0","42.0","39.0","4.24","40.5","41.62","42.0","-9.0","-1.5","-0.375","33","0","78","78","0","0","-1"
"2026-03-24T02:00:00+00:00","Lahore","2","1","3","83","0.5","0.866025","1.0","0.0","0.989932","0.14154","0","0","1","1","17.6","80","5.2","41","11.2","1012.1","0","14.1","0","","0.0","0.0","","","0.6","0","33","pm25","78","19","8","43","4","6","0","Good","27.0","15.7576","62.4","0","","","","33.0","42.0","42.0","42.0","36.0","4.24","39.0","41.25","42.0","0.0","-1.5","-0.375","33","0","78","78","0","0","0"
"2026-03-24T03:00:00+00:00","Lahore","3","1","3","83","0.707107","0.707107","1.0","0.0","0.989932","0.14154","0","0","1","1","20.3","70","2.0","80","10.4","1012.6","0","14.6","0","","0.0","0.0","","","1.2","0","33","pm25","78","19","8","43","4","6","0","Good","66.3","6.0606","54.6","0","","","","33.0","33.0","42.0","42.0","33.0","0.0","37.5","40.88","42.0","0.0","-1.5","-0.375","33","0","78","78","0","0","0"
"2026-03-24T04:00:00+00:00","Lahore","4","1","3","83","0.866025","0.5","1.0","0.0","0.989932","0.14154","0","0","1","1","24.0","54","1.3","196","10.8","1013.1","0","14.1","1","","0.0","0.0","","","1.1","0","33","pm25","78","19","8","43","4","6","0","Good","92.4","3.9394","42.12","0","","","","33.0","33.0","42.0","42.0","33.0","0.0","36.0","40.5","42.0","0.0","-1.5","-0.375","33","0","78","78","0","0","0"
"2026-03-24T05:00:00+00:00","Lahore","5","1","3","83","0.965926","0.258819","1.0","0.0","0.989932","0.14154","0","0","1","1","27.0","45","6.0","229","19.4","1013.2","0","14.1","48","","0.0","0.0","","","0.8","1","33","pm25","78","19","8","43","4","6","0","Good","18.85","18.1818","35.1","0","","","","33.0","33.0","42.0","42.0","33.0","0.0","34.5","40.12","42.0","0.0","-1.5","-0.375","33","0","78","78","0","0","0"
"2026-03-24T06:00:00+00:00","Lahore","6","1","3","83","1.0","0.0","1.0","0.0","0.989932","0.14154","0","0","0","1","28.6","32","9.4","267","28.4","1013.4","0","10.2","100","","0.0","0.0","27.66","","-0.2","3","33","pm25","78","19","8","43","4","6","0","Good","10.9532","28.4848","24.96","0","","","","33.0","33.0","33.0","42.0","33.0","0.0","33.0","39.75","42.0","0.0","0.0","-0.375","33","0","78","78","0","0","0"
"2026-03-24T07:00:00+00:00","Lahore","7","1","3","83","0.965926","-0.258819","1.0","0.0","0.989932","0.14154","0","1","0","1","29.9","26","11.4","289","32.0","1012.2","0","8.1","99","","0.0","0.0","28.41","","-0.8","3","33","pm25","78","19","8","43","4","6","0","Good","8.6211","34.5455","20.28","0","","","","33.0","33.0","33.0","42.0","33.0","0.0","33.0","39.38","42.0","0.0","0.0","-0.375","33","0","78","78","0","0","0"
"2026-03-24T08:00:00+00:00","Lahore","8","1","3","83","0.866025","-0.5","1.0","0.0","0.989932","0.14154","0","1","0","1","30.4","23","11.9","302","32.4","1011.1","0","7.1","48","","0.0","0.0","28.69","","-1.4","1","33","pm25","78","19","8","43","4","6","0","Good","8.0622","36.0606","17.94","0","","","","33.0","33.0","33.0","42.0","33.0","0.0","33.0","39.0","42.0","0.0","0.0","-0.375","33","0","78","78","0","0","0"
"2026-03-24T09:00:00+00:00","Lahore","9","1","3","83","0.707107","-0.707107","1.0","0.0","0.989932","0.14154","0","1","0","1","30.9","23","12.6","307","33.5","1010.1","0","7.2","20","","0.0","0.0","29.13","","-1.4","1","33","pm25","78","19","8","43","4","6","0","Good","7.6143","38.1818","17.94","0","","","","33.0","33.0","33.0","42.0","33.0","0.0","33.0","38.62","42.0","0.0","0.0","-0.375","33","0","78","78","0","0","0"
"2026-03-24T10:00:00+00:00","Lahore","10","1","3","83","0.5","-0.866025","1.0","0.0","0.989932","0.14154","0","0","0","1","30.5","24","12.1","316","33.1","1009.3","0","7.8","6","","0.0","0.0","28.83","","-2.1","0","33","pm25","78","19","8","43","4","6","0","Good","7.9934","36.6667","18.72","0","","","","33.0","33.0","33.0","42.0","33.0","0.0","33.0","38.25","42.0","0.0","0.0","-0.375","33","0","78","78","0","0","0"
"2026-03-24T11:00:00+00:00","Lahore","11","1","3","83","0.258819","-0.965926","1.0","0.0","0.989932","0.14154","0","0","0","1","30.0","26","11.5","325","31.3","1008.7","0","8.4","22","","0.0","0.0","28.5","","-2.1","1","33","pm25","78","19","8","43","4","6","0","Good","8.5461","34.8485","20.28","0","","","","33.0","33.0","33.0","42.0","33.0","0.0","33.0","37.88","42.0","0.0","0.0","-0.375","33","0","78","78","0","0","0"
"2026-03-24T12:00:00+00:00","Lahore","12","1","3","83","0.0","-1.0","1.0","0.0","0.989932","0.14154","0","0","0","1","28.5","29","10.7","318","29.2","1009.0","0","8.6","99","","0.0","0.0","27.42","","-1.9","3","33","pm25","78","19","8","43","4","6","0","Good","9.4037","32.4242","22.62","0","","","","33.0","33.0","33.0","42.0","33.0","0.0","33.0","37.5","42.0","0.0","0.0","-0.375","33","0","78","78","0","0","0"
"2026-03-24T13:00:00+00:00","Lahore","13","1","3","83","-0.258819","-0.965926","1.0","0.0","0.989932","0.14154","0","0","0","1","26.6","35","6.9","321","24.1","1009.0","0","10.1","100","","0.0","0.0","","","-0.9","3","33","pm25","78","19","8","43","4","6","0","Good","15.2609","20.9091","27.3","0","","","","33.0","33.0","33.0","42.0","33.0","0.0","33.0","37.12","42.0","0.0","0.0","-0.375","33","0","78","78","0","0","0"
"2026-03-24T14:00:00+00:00","Lahore","14","1","3","83","-0.5","-0.866025","1.0","0.0","0.989932","0.14154","0","0","0","1","25.4","41","5.7","302","14.0","1009.3","0","11.3","100","","0.0","0.0","","","-0.4","3","33","pm25","78","19","8","43","4","6","0","Good","19.2947","17.2727","31.98","0","","","","33.0","33.0","33.0","42.0","33.0","0.0","33.0","36.75","42.0","0.0","0.0","-0.375","33","0","78","78","0","0","0"
"2026-03-24T15:00:00+00:00","Lahore","15","1","3","83","-0.707107","-0.707107","1.0","0.0","0.989932","0.14154","0","0","0","1","25.0","44","5.4","272","11.5","1009.6","0","11.8","100","","0.0","0.0","","","-0.2","3","33","pm25","78","19","8","43","4","6","0","Good","20.8","16.3636","34.32","0","","","","33.0","33.0","33.0","42.0","33.0","0.0","33.0","36.38","42.0","0.0","0.0","-0.375","33","0","78","78","0","0","0"
"2026-03-24T16:00:00+00:00","Lahore","16","1","3","83","-0.866025","-0.5","1.0","0.0","0.989932","0.14154","0","0","0","1","24.2","46","5.3","246","9.4","1009.5","0","11.8","100","","0.0","0.0","","","-0.2","3","33","pm25","78","19","8","43","4","6","0","Good","21.4868","16.0606","35.88","0","","","","33.0","33.0","33.0","42.0","33.0","0.0","33.0","36.0","42.0","0.0","0.0","-0.375","33","0","78","78","0","0","0"
"2026-03-24T17:00:00+00:00","Lahore","17","1","3","83","-0.965926","-0.258819","1.0","0.0","0.989932","0.14154","0","1","0","1","22.8","51","5.8","244","9.0","1009.3","0","12.0","60","","0.0","0.0","","","-0.3","2","33","pm25","78","19","8","43","4","6","0","Good","20.3069","17.5758","39.78","0","","","","33.0","33.0","33.0","42.0","33.0","0.0","33.0","35.62","42.0","0.0","0.0","-0.375","33","0","78","78","0","0","0"
"2026-03-24T18:00:00+00:00","Lahore","18","1","3","83","-1.0","-0.0","1.0","0.0","0.989932","0.14154","0","1","0","1","22.8","56","6.0","275","10.1","1009.6","0","13.6","59","","0.0","0.0","","","0.3","2","33","pm25","78","19","8","43","4","6","0","Good","20.28","18.1818","43.68","0","","","","33.0","33.0","33.0","42.0","33.0","0.0","33.0","35.25","42.0","0.0","0.0","-0.375","33","0","78","78","0","0","0"
"2026-03-24T19:00:00+00:00","Lahore","19","1","3","83","-0.965926","0.258819","1.0","0.0","0.989932","0.14154","0","1","0","1","22.2","55","7.0","269","13.0","1009.5","0","12.8","45","","0.0","0.0","","","-0.1","1","33","pm25","78","19","8","43","4","6","0","Good","17.2714","21.2121","42.9","0","","","","33.0","33.0","33.0","42.0","33.0","0.0","33.0","34.88","42.0","0.0","0.0","-0.375","33","0","78","78","0","0","0"
"2026-03-24T20:00:00+00:00","Lahore","20","1","3","83","-0.866025","0.5","1.0","0.0","0.989932","0.14154","0","0","0","1","21.4","59","6.2","285","13.0","1009.5","0","13.1","89","","0.0","0.0","","","0.0","3","33","pm25","78","19","8","43","4","6","0","Good","20.0032","18.7879","46.02","0","","","","33.0","33.0","33.0","42.0","33.0","0.0","33.0","34.5","42.0","0.0","0.0","-0.375","33","0","78","78","0","0","0"
"2026-03-24T21:00:00+00:00","Lahore","21","1","3","83","-0.707107","0.707107","1.0","0.0","0.989932","0.14154","0","0","0","1","20.7","61","6.5","294","11.2","1009.0","0","12.9","38","","0.0","0.0","","","-0.1","1","33","pm25","78","19","8","43","4","6","0","Good","19.32","19.697","47.58","0","","","","33.0","33.0","33.0","42.0","33.0","0.0","33.0","34.12","42.0","0.0","0.0","-0.375","33","0","78","78","0","0","0"
"2026-03-24T22:00:00+00:00","Lahore","22","1","3","83","-0.5","0.866025","1.0","0.0","0.989932","0.14154","0","0","1","1","19.5","66","5.9","317","11.2","1008.8","0","13.0","80","","0.0","0.0","","","0.0","3","33","pm25","78","19","8","43","4","6","0","Good","21.9458","17.8788","51.48","0","","","","33.0","33.0","33.0","42.0","33.0","0.0","33.0","33.75","42.0","0.0","0.0","-0.375","33","0","78","78","0","0","0"
"2026-03-24T23:00:00+00:00","Lahore","23","1","3","83","-0.258819","0.965926","1.0","0.0","0.989932","0.14154","0","0","1","1","18.6","69","5.8","321","9.7","1008.5","0","12.9","4","","0.0","0.0","","","0.1","0","33","pm25","78","19","8","43","4","6","0","Good","22.7276","17.5758","53.82","0","","","","33.0","33.0","33.0","42.0","33.0","0.0","33.0","33.38","42.0","0.0","0.0","-0.375","33","0","78","78","0","0","0"
"2026-03-25T00:00:00+00:00","Lahore","0","2","3","84","0.0","1.0","1.0","0.0","0.992222","0.124479","0","0","1","1","18.5","71","5.2","354","9.4","1008.7","0","13.1","2","","0.0","0.0","","","0.2","0","47","pm25","87","31","11","57","6","5","0","Good","28.6096","11.0638","61.77","0","","","","33.0","33.0","33.0","33.0","33.0","0.0","33.0","33.0","33.0","0.0","0.0","0.0","47","0","87","87","0","0","0"
"2026-03-25T01:00:00+00:00","Lahore","1","2","3","84","0.258819","0.965926","1.0","0.0","0.992222","0.124479","0","0","1","1","18.0","74","2.7","48","8.3","1009.1","0","13.4","13","","0.0","0.0","","","0.7","0","47","pm25","87","31","11","57","6","5","0","Good","56.0667","5.7447","64.38","0","","","","47.0","33.0","33.0","33.0","37.67","6.6","35.33","33.58","47.0","14.0","2.3333","0.5833","47","0","87","87","0","0","1"
"2026-03-25T02:00:00+00:00","Lahore","2","2","3","84","0.5","0.866025","1.0","0.0","0.992222","0.124479","0","0","1","1","18.2","73","4.1","103","5.4","1010.0","0","13.4","12","","0.0","0.0","","","0.5","0","47","pm25","87","31","11","57","6","5","0","Good","36.7098","8.7234","63.51","0","","","","47.0","33.0","33.0","33.0","42.33","6.6","37.67","34.17","47.0","0.0","2.3333","0.5833","47","0","87","87","0","0","0"
"2026-03-25T03:00:00+00:00","Lahore","3","2","3","84","0.707107","0.707107","1.0","0.0","0.992222","0.124479","0","0","1","1","20.6","67","3.6","108","10.4","1010.7","0","14.2","9","","0.0","0.0","","","0.9","0","47","pm25","87","31","11","57","6","5","0","Good","40.3583","7.6596","58.29","0","","","","47.0","47.0","33.0","33.0","47.0","0.0","40.0","34.75","47.0","0.0","2.3333","0.5833","47","0","87","87","0","0","0"
"2026-03-25T04:00:00+00:00","Lahore","4","2","3","84","0.866025","0.5","1.0","0.0","0.992222","0.124479","0","0","1","1","23.9","56","2.9","158","12.2","1011.0","0","14.5","98","","0.0","0.0","","","1.1","3","47","pm25","87","31","11","57","6","5","0","Good","46.8","6.1702","48.72","0","","","","47.0","47.0","33.0","33.0","47.0","0.0","42.33","35.33","47.0","0.0","2.3333","0.5833","47","0","87","87","0","0","0"
"2026-03-25T05:00:00+00:00","Lahore","5","2","3","84","0.965926","0.258819","1.0","0.0","0.992222","0.124479","0","0","1","1","26.6","45","3.8","175","15.1","1011.2","0","13.6","95","","0.0","0.0","","","0.7","3","47","pm25","87","31","11","57","6","5","0","Good","33.1974","8.0851","39.15","0","","","","47.0","47.0","33.0","33.0","47.0","0.0","44.67","35.92","47.0","0.0","2.3333","0.5833","47","0","87","87","0","0","0"
"2026-03-25T06:00:00+00:00","Lahore","6","2","3","84","1.0","0.0","1.0","0.0","0.992222","0.124479","0","0","0","1","28.5","34","4.6","259","15.5","1011.4","0","11.4","100","","0.0","0.0","27.7","","0.0","3","47","pm25","87","31","11","57","6","5","0","Good","25.3435","9.7872","29.58","0","","","","47.0","47.0","47.0","33.0","47.0","0.0","47.0","36.5","47.0","0.0","0.0","0.5833","47","0","87","87","0","0","0"
"2026-03-25T07:00:00+00:00","Lahore","7","2","3","84","0.965926","-0.258819","1.0","0.0","0.992222","0.124479","0","1","0","1","29.7","31","6.3","275","20.5","1011.0","0","10.9","53","","0.0","0.0","28.55","","0.5","2","47","pm25","87","31","11","57","6","5","0","Good","18.0905","13.4043","26.97","0","","","","47.0","47.0","47.0","33.0","47.0","0.0","47.0","37.08","47.0","0.0","0.0","0.5833","47","0","87","87","0","0","0"
"2026-03-25T08:00:00+00:00","Lahore","8","2","3","84","0.866025","-0.5","1.0","0.0","0.992222","0.124479","0","1","0","1","30.7","30","7.2","284","23.0","1010.1","0","11.2","88","","0.0","0.0","29.43","","0.9","3","47","pm25","87","31","11","57","6","5","0","Good","15.7083","15.3191","26.1","0","","","","47.0","47.0","47.0","33.0","47.0","0.0","47.0","37.67","47.0","0.0","0.0","0.5833","47","0","87","87","0","0","0"
"2026-03-25T09:00:00+00:00","Lahore","9","2","3","84","0.707107","-0.707107","1.0","0.0","0.992222","0.124479","0","1","0","1","31.2","29","7.3","281","24.5","1008.9","0","10.9","92","","0.0","0.0","29.85","","0.5","3","47","pm25","87","31","11","57","6","5","0","Good","15.374","15.5319","25.23","0","","","","47.0","47.0","47.0","33.0","47.0","0.0","47.0","38.25","47.0","0.0","0.0","0.5833","47","0","87","87","0","0","0"
"2026-03-25T10:00:00+00:00","Lahore","10","2","3","84","0.5","-0.866025","1.0","0.0","0.992222","0.124479","0","0","0","1","31.3","28","6.9","277","23.4","1008.0","0","10.4","97","","0.0","0.0","29.86","","-0.5","3","47","pm25","87","31","11","57","6","5","0","Good","16.1391","14.6809","24.36","0","","","","47.0","47.0","47.0","33.0","47.0","0.0","47.0","38.83","47.0","0.0","0.0","0.5833","47","0","87","87","0","0","0"
"2026-03-25T11:00:00+00:00","Lahore","11","2","3","84","0.258819","-0.965926","1.0","0.0","0.992222","0.124479","0","0","0","1","31.0","28","6.3","288","21.6","1007.7","0","10.2","95","","0.0","0.0","29.56","","-0.9","3","47","pm25","87","31","11","57","6","5","0","Good","17.6762","13.4043","24.36","0","","","","47.0","47.0","47.0","33.0","47.0","0.0","47.0","39.42","47.0","0.0","0.0","0.5833","47","0","87","87","0","0","0"
"2026-03-25T12:00:00+00:00","Lahore","12","2","3","84","0.0","-1.0","1.0","0.0","0.992222","0.124479","0","0","0","1","30.0","30","4.3","287","18.0","1008.1","0","10.8","100","","0.0","0.0","28.75","","-0.4","3","47","pm25","87","31","11","57","6","5","0","Good","26.3023","9.1489","26.1","0","","","","47.0","47.0","47.0","33.0","47.0","0.0","47.0","40.0","47.0","0.0","0.0","0.5833","47","0","87","87","0","0","0"
"2026-03-25T13:00:00+00:00","Lahore","13","2","3","84","-0.258819","-0.965926","1.0","0.0","0.992222","0.124479","0","0","0","1","28.1","44","2.2","48","10.1","1008.9","0","14.6","100","","0.0","0.0","28.05","","1.2","3","47","pm25","87","31","11","57","6","5","0","Good","56.9455","4.6809","38.28","0","","","","47.0","47.0","47.0","33.0","47.0","0.0","47.0","40.58","47.0","0.0","0.0","0.5833","47","0","87","87","0","0","0"
"2026-03-25T14:00:00+00:00","Lahore","14","2","3","84","-0.5","-0.866025","1.0","0.0","0.992222","0.124479","0","0","0","1","26.5","51","2.2","95","5.4","1009.7","0","15.4","100","","0.0","0.0","","","1.5","3","47","pm25","87","31","11","57","6","5","0","Good","59.7136","4.6809","44.37","0","","","","47.0","47.0","47.0","33.0","47.0","0.0","47.0","41.17","47.0","0.0","0.0","0.5833","47","0","87","87","0","0","0"
"2026-03-25T15:00:00+00:00","Lahore","15","2","3","84","-0.707107","-0.707107","1.0","0.0","0.992222","0.124479","0","0","0","1","25.5","64","1.1","9","5.4","1011.1","0","18.3","100","","0.0","0.0","","","2.9","3","47","pm25","87","31","11","57","6","5","0","Good","129.7091","2.3404","55.68","0","","","","47.0","47.0","47.0","33.0","47.0","0.0","47.0","41.75","47.0","0.0","0.0","0.5833","47","0","87","87","0","0","0"
"2026-03-25T16:00:00+00:00","Lahore","16","2","3","84","-0.866025","-0.5","1.0","0.0","0.992222","0.124479","0","0","0","1","24.6","54","7.8","299","15.1","1012.4","0","14.6","100","","0.0","0.0","","","0.4","3","47","pm25","87","31","11","57","6","5","0","Good","17.1769","16.5957","46.98","0","","","","47.0","47.0","47.0","33.0","47.0","0.0","47.0","42.33","47.0","0.0","0.0","0.5833","47","0","87","87","0","0","0"
"2026-03-25T17:00:00+00:00","Lahore","17","2","3","84","-0.965926","-0.258819","1.0","0.0","0.992222","0.124479","0","1","0","1","23.3","58","8.1","307","20.9","1012.9","0","14.6","100","","0.1","0.1","","","0.4","51","47","pm25","87","31","11","57","6","5","0","Good","16.9704","17.234","50.46","0","","","","47.0","47.0","47.0","33.0","47.0","0.0","47.0","42.92","47.0","0.0","0.0","0.5833","47","0","87","87","0","0","0"
"2026-03-25T18:00:00+00:00","Lahore","18","2","3","84","-1.0","-0.0","1.0","0.0","0.992222","0.124479","0","1","0","1","22.2","67","10.2","66","25.2","1012.3","0","15.9","20","","0.0","0.0","","","0.5","1","47","pm25","87","31","11","57","6","5","0","Good","14.2441","21.7021","58.29","0","","","","47.0","47.0","47.0","33.0","47.0","0.0","47.0","43.5","47.0","0.0","0.0","0.5833","47","0","87","87","0","0","0"
"2026-03-25T19:00:00+00:00","Lahore","19","2","3","84","-0.965926","0.258819","1.0","0.0","0.992222","0.124479","0","1","0","1","21.0","71","6.4","63","20.2","1012.4","0","15.6","68","","0.0","0.0","","","1.0","2","47","pm25","87","31","11","57","6","5","0","Good","23.2453","13.617","61.77","0","","","","47.0","47.0","47.0","33.0","47.0","0.0","47.0","44.08","47.0","0.0","0.0","0.5833","47","0","87","87","0","0","0"
"2026-03-25T20:00:00+00:00","Lahore","20","2","3","84","-0.866025","0.5","1.0","0.0","0.992222","0.124479","0","0","0","1","20.5","74","6.0","29","12.2","1012.4","0","15.6","88","","0.0","0.0","","","1.1","3","47","pm25","87","31","11","57","6","5","0","Good","25.23","12.766","64.38","0","","","","47.0","47.0","47.0","33.0","47.0","0.0","47.0","44.67","47.0","0.0","0.0","0.5833","47","0","87","87","0","0","0"
"2026-03-25T21:00:00+00:00","Lahore","21","2","3","84","-0.707107","0.707107","1.0","0.0","0.992222","0.124479","0","0","0","1","20.2","72","9.6","30","19.8","1011.8","0","14.9","90","","0.0","0.0","","","0.3","3","47","pm25","87","31","11","57","6","5","0","Good","15.5875","20.4255","62.64","0","","","","47.0","47.0","47.0","33.0","47.0","0.0","47.0","45.25","47.0","0.0","0.0","0.5833","47","0","87","87","0","0","0"
"2026-03-25T22:00:00+00:00","Lahore","22","2","3","84","-0.5","0.866025","1.0","0.0","0.992222","0.124479","0","0","1","1","19.4","78","1.8","270","19.1","1013.1","0","15.6","100","","0.0","0.0","","","1.6","3","47","pm25","87","31","11","57","6","5","0","Good","86.0333","3.8298","67.86","0","","","","47.0","47.0","47.0","33.0","47.0","0.0","47.0","45.83","47.0","0.0","0.0","0.5833","47","0","87","87","0","0","0"
"2026-03-25T23:00:00+00:00","Lahore","23","2","3","84","-0.258819","0.965926","1.0","0.0","0.992222","0.124479","0","0","1","1","18.9","83","12.1","337","23.4","1013.9","0","15.9","100","","1.7","1.7","","","0.3","61","47","pm25","87","31","11","57","6","5","0","Good","13.1579","25.7447","72.21","0","","","","47.0","47.0","47.0","33.0","47.0","0.0","47.0","46.42","47.0","0.0","0.0","0.5833","47","0","87","87","0","0","0"
"2026-03-26T00:00:00+00:00","Lahore","0","3","3","85","0.0","1.0","1.0","0.0","0.994218","0.107381","0","0","1","1","20.0","81","8.6","290","22.0","1013.3","0","16.6","100","","0.1","0.1","","","1.0","51","42","pm25","70","16","14","43","7","3","0","Good","14.7326","20.4762","56.7","0","","","","47.0","47.0","47.0","47.0","47.0","0.0","47.0","47.0","47.0","0.0","0.0","0.0","42","0","70","70","0","0","0"
"2026-03-26T01:00:00+00:00","Lahore","1","3","3","85","0.258819","0.965926","1.0","0.0","0.994218","0.107381","0","0","1","1","19.9","79","8.8","349","18.4","1013.8","0","16.2","60","","0.0","0.0","","","0.8","2","42","pm25","70","16","14","43","7","3","0","Good","14.2386","20.9524","55.3","0","","","","42.0","47.0","47.0","47.0","45.33","2.36","46.17","46.79","47.0","-5.0","-0.8333","-0.2083","42","0","70","70","0","0","0"
"2026-03-26T02:00:00+00:00","Lahore","2","3","3","85","0.5","0.866025","1.0","0.0","0.994218","0.107381","0","0","1","1","20.0","80","9.2","353","21.6","1013.9","0","16.3","100","","0.0","0.0","","","0.8","3","42","pm25","70","16","14","43","7","3","0","Good","13.6957","21.9048","56.0","0","","","","42.0","47.0","47.0","47.0","43.67","2.36","45.33","46.58","47.0","0.0","-0.8333","-0.2083","42","0","70","70","0","0","0"
"2026-03-26T03:00:00+00:00","Lahore","3","3","3","85","0.707107","0.707107","1.0","0.0","0.994218","0.107381","0","0","1","1","21.5","73","5.2","27","17.3","1014.4","0","16.5","99","","0.0","0.0","","","1.5","3","42","pm25","70","16","14","43","7","3","0","Good","23.2885","12.381","51.1","0","","","","42.0","42.0","47.0","47.0","42.0","0.0","44.5","46.38","47.0","0.0","-0.8333","-0.2083","42","0","70","70","0","0","0"
"2026-03-26T04:00:00+00:00","Lahore","4","3","3","85","0.866025","0.5","1.0","0.0","0.994218","0.107381","0","0","1","1","23.9","64","1.3","8","14.0","1014.8","0","16.6","100","","0.0","0.0","","","2.1","3","42","pm25","70","16","14","43","7","3","0","Good","88.3077","3.0952","44.8","0","","","","42.0","42.0","47.0","47.0","42.0","0.0","43.67","46.17","47.0","0.0","-0.8333","-0.2083","42","0","70","70","0","0","0"
"2026-03-26T05:00:00+00:00","Lahore","5","3","3","85","0.965926","0.258819","1.0","0.0","0.994218","0.107381","0","0","1","1","26.5","49","4.3","345","16.2","1014.9","0","14.9","100","","0.0","0.0","","","0.9","3","42","pm25","70","16","14","43","7","3","0","Good","24.2558","10.2381","34.3","0","","","","42.0","42.0","47.0","47.0","42.0","0.0","42.83","45.96","47.0","0.0","-0.8333","-0.2083","42","0","70","70","0","0","0"
"2026-03-26T06:00:00+00:00","Lahore","6","3","3","85","1.0","0.0","1.0","0.0","0.994218","0.107381","0","0","0","1","28.0","43","10.4","328","21.2","1014.9","0","14.2","100","","0.0","0.0","27.88","","0.2","3","42","pm25","70","16","14","43","7","3","0","Good","9.625","24.7619","30.1","0","","","","42.0","42.0","42.0","47.0","42.0","0.0","42.0","45.75","47.0","0.0","0.0","-0.2083","42","0","70","70","0","0","0"
"2026-03-26T07:00:00+00:00","Lahore","7","3","3","85","0.965926","-0.258819","1.0","0.0","0.994218","0.107381","0","1","0","1","28.5","42","9.7","325","28.8","1014.2","0","14.4","100","","0.0","0.0","28.28","","1.2","3","42","pm25","70","16","14","43","7","3","0","Good","10.2474","23.0952","29.4","0","","","","42.0","42.0","42.0","47.0","42.0","0.0","42.0","45.54","47.0","0.0","0.0","-0.2083","42","0","70","70","0","0","0"
"2026-03-26T08:00:00+00:00","Lahore","8","3","3","85","0.866025","-0.5","1.0","0.0","0.994218","0.107381","0","1","0","1","29.0","41","9.5","328","27.0","1013.2","0","14.4","100","","0.0","0.0","28.7","","1.1","3","42","pm25","70","16","14","43","7","3","0","Good","10.3895","22.619","28.7","0","","","","42.0","42.0","42.0","47.0","42.0","0.0","42.0","45.33","47.0","0.0","0.0","-0.2083","42","0","70","70","0","0","0"
"2026-03-26T09:00:00+00:00","Lahore","9","3","3","85","0.707107","-0.707107","1.0","0.0","0.994218","0.107381","0","1","0","1","28.6","41","10.1","327","27.4","1012.5","0","14.2","100","","0.0","0.0","28.29","","0.1","3","42","pm25","70","16","14","43","7","3","0","Good","9.7723","24.0476","28.7","0","","","","42.0","42.0","42.0","47.0","42.0","0.0","42.0","45.12","47.0","0.0","0.0","-0.2083","42","0","70","70","0","0","0"
"2026-03-26T10:00:00+00:00","Lahore","10","3","3","85","0.5","-0.866025","1.0","0.0","0.994218","0.107381","0","0","0","1","28.0","41","9.6","283","27.0","1012.5","0","13.4","100","","0.0","0.0","27.73","","-0.3","3","42","pm25","70","16","14","43","7","3","0","Good","10.2812","22.8571","28.7","0","","","","42.0","42.0","42.0","47.0","42.0","0.0","42.0","44.92","47.0","0.0","0.0","-0.2083","42","0","70","70","0","0","0"
"2026-03-26T11:00:00+00:00","Lahore","11","3","3","85","0.258819","-0.965926","1.0","0.0","0.994218","0.107381","0","0","0","1","27.2","44","10.7","286","25.2","1011.8","0","13.9","100","","0.0","0.0","27.24","","-0.3","3","42","pm25","70","16","14","43","7","3","0","Good","9.4206","25.4762","30.8","0","","","","42.0","42.0","42.0","47.0","42.0","0.0","42.0","44.71","47.0","0.0","0.0","-0.2083","42","0","70","70","0","0","0"
"2026-03-26T12:00:00+00:00","Lahore","12","3","3","85","0.0","-1.0","1.0","0.0","0.994218","0.107381","0","0","0","1","27.2","42","10.6","318","24.5","1011.9","0","13.0","100","","0.0","0.0","27.12","","-0.6","3","42","pm25","70","16","14","43","7","3","0","Good","9.3774","25.2381","29.4","0","","","","42.0","42.0","42.0","47.0","42.0","0.0","42.0","44.5","47.0","0.0","0.0","-0.2083","42","0","70","70","0","0","0"
"2026-03-26T13:00:00+00:00","Lahore","13","3","3","85","-0.258819","-0.965926","1.0","0.0","0.994218","0.107381","0","0","0","1","26.4","45","8.8","303","23.8","1012.1","0","13.6","100","","0.0","0.0","","","-0.2","3","42","pm25","70","16","14","43","7","3","0","Good","11.5341","20.9524","31.5","0","","","","42.0","42.0","42.0","47.0","42.0","0.0","42.0","44.29","47.0","0.0","0.0","-0.2083","42","0","70","70","0","0","0"
"2026-03-26T14:00:00+00:00","Lahore","14","3","3","85","-0.5","-0.866025","1.0","0.0","0.994218","0.107381","0","0","0","1","25.4","49","8.6","303","18.7","1012.7","0","14.0","100","","0.0","0.0","","","0.0","3","42","pm25","70","16","14","43","7","3","0","Good","12.1279","20.4762","34.3","0","","","","42.0","42.0","42.0","47.0","42.0","0.0","42.0","44.08","47.0","0.0","0.0","-0.2083","42","0","70","70","0","0","0"
"2026-03-26T15:00:00+00:00","Lahore","15","3","3","85","-0.707107","-0.707107","1.0","0.0","0.994218","0.107381","0","0","0","1","24.7","51","10.3","316","20.9","1012.8","0","13.9","94","","0.0","0.0","","","-0.2","3","42","pm25","70","16","14","43","7","3","0","Good","10.2621","24.5238","35.7","0","","","","42.0","42.0","42.0","47.0","42.0","0.0","42.0","43.88","47.0","0.0","0.0","-0.2083","42","0","70","70","0","0","0"
"2026-03-26T16:00:00+00:00","Lahore","16","3","3","85","-0.866025","-0.5","1.0","0.0","0.994218","0.107381","0","0","0","1","23.9","55","9.4","317","20.9","1013.2","0","14.4","100","","0.0","0.0","","","0.0","3","42","pm25","70","16","14","43","7","3","0","Good","11.5426","22.381","38.5","0","","","","42.0","42.0","42.0","47.0","42.0","0.0","42.0","43.67","47.0","0.0","0.0","-0.2083","42","0","70","70","0","0","0"
"2026-03-26T17:00:00+00:00","Lahore","17","3","3","85","-0.965926","-0.258819","1.0","0.0","0.994218","0.107381","0","1","0","1","22.8","60","10.1","303","20.2","1013.4","0","14.6","99","","0.0","0.0","","","0.0","3","42","pm25","70","16","14","43","7","3","0","Good","11.0891","24.0476","42.0","0","","","","42.0","42.0","42.0","47.0","42.0","0.0","42.0","43.46","47.0","0.0","0.0","-0.2083","42","0","70","70","0","0","0"
"2026-03-26T18:00:00+00:00","Lahore","18","3","3","85","-1.0","-0.0","1.0","0.0","0.994218","0.107381","0","1","0","1","22.9","65","12.2","295","20.9","1013.0","0","16.0","98","","0.0","0.0","","","0.3","3","42","pm25","70","16","14","43","7","3","0","Good","9.4672","29.0476","45.5","0","","","","42.0","42.0","42.0","47.0","42.0","0.0","42.0","43.25","47.0","0.0","0.0","-0.2083","42","0","70","70","0","0","0"
"2026-03-26T19:00:00+00:00","Lahore","19","3","3","85","-0.965926","0.258819","1.0","0.0","0.994218","0.107381","0","1","0","1","22.0","69","11.9","304","24.8","1012.5","0","16.0","99","","0.0","0.0","","","0.4","3","42","pm25","70","16","14","43","7","3","0","Good","9.9412","28.3333","48.3","0","","","","42.0","42.0","42.0","47.0","42.0","0.0","42.0","43.04","47.0","0.0","0.0","-0.2083","42","0","70","70","0","0","0"
"2026-03-26T20:00:00+00:00","Lahore","20","3","3","85","-0.866025","0.5","1.0","0.0","0.994218","0.107381","0","0","0","1","21.5","70","13.8","311","28.1","1011.9","0","15.9","100","","0.0","0.0","","","0.0","3","42","pm25","70","16","14","43","7","3","0","Good","8.6232","32.8571","49.0","0","","","","42.0","42.0","42.0","47.0","42.0","0.0","42.0","42.83","47.0","0.0","0.0","-0.2083","42","0","70","70","0","0","0"
"2026-03-26T21:00:00+00:00","Lahore","21","3","3","85","-0.707107","0.707107","1.0","0.0","0.994218","0.107381","0","0","0","1","21.2","70","12.3","314","28.4","1011.3","0","15.6","100","","0.0","0.0","","","0.2","3","42","pm25","70","16","14","43","7","3","0","Good","9.6748","29.2857","49.0","0","","","","42.0","42.0","42.0","47.0","42.0","0.0","42.0","42.62","47.0","0.0","0.0","-0.2083","42","0","70","70","0","0","0"
"2026-03-26T22:00:00+00:00","Lahore","22","3","3","85","-0.5","0.866025","1.0","0.0","0.994218","0.107381","0","0","1","1","21.1","69","11.2","308","24.8","1010.8","0","15.2","100","","0.0","0.0","","","0.2","3","42","pm25","70","16","14","43","7","3","0","Good","10.5625","26.6667","48.3","0","","","","42.0","42.0","42.0","47.0","42.0","0.0","42.0","42.42","47.0","0.0","0.0","-0.2083","42","0","70","70","0","0","0"
"2026-03-26T23:00:00+00:00","Lahore","23","3","3","85","-0.258819","0.965926","1.0","0.0","0.994218","0.107381","0","0","1","1","21.0","66","12.4","291","25.2","1010.3","0","14.5","100","","0.0","0.0","","","-0.3","3","42","pm25","70","16","14","43","7","3","0","Good","9.371","29.5238","46.2","0","","","","42.0","42.0","42.0","47.0","42.0","0.0","42.0","42.21","47.0","0.0","0.0","-0.2083","42","0","70","70","0","0","0"
"2026-03-27T00:00:00+00:00","Lahore","0","4","3","86","0.0","1.0","1.0","0.0","0.995919","0.090252","0","0","1","1","20.0","85","7.2","295","25.2","1010.5","0","17.4","100","","0.0","0.0","","","1.5","3","51","pm25","77","37","12","41","5","1","1","Moderate","19.7847","14.1176","65.45","0","","","","42.0","42.0","42.0","42.0","42.0","0.0","42.0","42.0","42.0","0.0","0.0","0.0","51","1","77","77","1","1","0"
"2026-03-27T01:00:00+00:00","Lahore","1","4","3","86","0.258819","0.965926","1.0","0.0","0.995919","0.090252","0","0","1","1","19.9","85","2.7","58","13.0","1009.8","0","17.2","22","","0.0","0.0","","","2.2","1","51","pm25","77","37","12","41","5","1","1","Moderate","52.7593","5.2941","65.45","0","","","","51.0","42.0","42.0","42.0","45.0","4.24","43.5","42.38","51.0","9.0","1.5","0.375","51","1","77","77","1","1","1"
"2026-03-27T02:00:00+00:00","Lahore","2","4","3","86","0.5","0.866025","1.0","0.0","0.995919","0.090252","0","0","1","1","20.0","87","1.5","306","5.4","1010.4","0","17.9","3","","0.0","0.0","","","2.7","0","51","pm25","77","37","12","41","5","1","1","Moderate","95.9933","2.9412","66.99","0","","","","51.0","42.0","42.0","42.0","48.0","4.24","45.0","42.75","51.0","0.0","1.5","0.375","51","1","77","77","1","1","0"
"2026-03-27T03:00:00+00:00","Lahore","3","4","3","86","0.707107","0.707107","1.0","0.0","0.995919","0.090252","0","0","1","1","22.0","75","6.8","248","17.3","1010.9","0","17.4","4","","0.0","0.0","","","1.6","0","51","pm25","77","37","12","41","5","1","1","Moderate","19.8162","13.3333","57.75","0","","","","51.0","51.0","42.0","42.0","51.0","0.0","46.5","43.12","51.0","0.0","1.5","0.375","51","1","77","77","1","1","0"
"2026-03-27T04:00:00+00:00","Lahore","4","4","3","86","0.866025","0.5","1.0","0.0","0.995919","0.090252","0","0","1","1","23.4","65","9.4","266","25.2","1011.9","0","16.4","0","","0.0","0.0","","","0.8","0","51","pm25","77","37","12","41","5","1","1","Moderate","13.516","18.4314","50.05","0","","","","51.0","51.0","42.0","42.0","51.0","0.0","48.0","43.5","51.0","0.0","1.5","0.375","51","1","77","77","1","1","0"
"2026-03-27T05:00:00+00:00","Lahore","5","4","3","86","0.965926","0.258819","1.0","0.0","0.995919","0.090252","0","0","1","1","25.0","56","8.3","266","24.8","1011.9","0","15.7","0","","0.0","0.0","","","0.9","0","51","pm25","77","37","12","41","5","1","1","Moderate","14.4723","16.2745","43.12","0","","","","51.0","51.0","42.0","42.0","51.0","0.0","49.5","43.88","51.0","0.0","1.5","0.375","51","1","77","77","1","1","0"
"2026-03-27T06:00:00+00:00","Lahore","6","4","3","86","1.0","0.0","1.0","0.0","0.995919","0.090252","0","0","0","1","26.6","47","6.0","280","24.8","1011.5","0","14.4","2","","0.0","0.0","","","1.6","0","51","pm25","77","37","12","41","5","1","1","Moderate","18.865","11.7647","36.19","0","","","","51.0","51.0","51.0","42.0","51.0","0.0","51.0","44.25","51.0","0.0","0.0","0.375","51","1","77","77","1","1","0"
"2026-03-27T07:00:00+00:00","Lahore","7","4","3","86","0.965926","-0.258819","1.0","0.0","0.995919","0.090252","0","1","0","1","28.0","42","4.2","329","19.8","1010.3","0","14.0","4","","0.0","0.0","27.8","","2.3","0","51","pm25","77","37","12","41","5","1","1","Moderate","26.0333","8.2353","32.34","0","","","","51.0","51.0","51.0","42.0","51.0","0.0","51.0","44.62","51.0","0.0","0.0","0.375","51","1","77","77","1","1","0"
"2026-03-27T08:00:00+00:00","Lahore","8","4","3","86","0.866025","-0.5","1.0","0.0","0.995919","0.090252","0","1","0","1","28.9","39","5.6","343","20.9","1009.1","0","13.5","7","","0.0","0.0","28.42","","2.0","0","51","pm25","77","37","12","41","5","1","1","Moderate","19.1125","10.9804","30.03","0","","","","51.0","51.0","51.0","42.0","51.0","0.0","51.0","45.0","51.0","0.0","0.0","0.375","51","1","77","77","1","1","0"
"2026-03-27T09:00:00+00:00","Lahore","9","4","3","86","0.707107","-0.707107","1.0","0.0","0.995919","0.090252","0","1","0","1","29.3","37","6.6","339","23.0","1007.9","0","13.3","37","","0.0","0.0","28.64","","1.4","1","51","pm25","77","37","12","41","5","1","1","Moderate","15.9833","12.9412","28.49","0","","","","51.0","51.0","51.0","42.0","51.0","0.0","51.0","45.38","51.0","0.0","0.0","0.375","51","1","77","77","1","1","0"
"2026-03-27T10:00:00+00:00","Lahore","10","4","3","86","0.5","-0.866025","1.0","0.0","0.995919","0.090252","0","0","0","1","29.4","37","6.7","329","22.3","1006.9","0","13.4","28","","0.0","0.0","28.74","","0.6","1","51","pm25","77","37","12","41","5","1","1","Moderate","15.7448","13.1373","28.49","0","","","","51.0","51.0","51.0","42.0","51.0","0.0","51.0","45.75","51.0","0.0","0.0","0.375","51","1","77","77","1","1","0"
"2026-03-27T11:00:00+00:00","Lahore","11","4","3","86","0.258819","-0.965926","1.0","0.0","0.995919","0.090252","0","0","0","1","29.0","38","6.3","333","22.0","1005.9","0","13.1","3","","0.0","0.0","28.43","","0.1","0","51","pm25","77","37","12","41","5","1","1","Moderate","16.8667","12.3529","29.26","0","","","","51.0","51.0","51.0","42.0","51.0","0.0","51.0","46.12","51.0","0.0","0.0","0.375","51","1","77","77","1","1","0"
"2026-03-27T12:00:00+00:00","Lahore","12","4","3","86","0.0","-1.0","1.0","0.0","0.995919","0.090252","0","0","0","1","28.8","36","3.9","292","19.4","1005.5","0","12.1","5","","0.0","0.0","28.09","","0.0","0","51","pm25","77","37","12","41","5","1","1","Moderate","26.8513","7.6471","27.72","0","","","","51.0","51.0","51.0","42.0","51.0","0.0","51.0","46.5","51.0","0.0","0.0","0.375","51","1","77","77","1","1","0"
"2026-03-27T13:00:00+00:00","Lahore","13","4","3","86","-0.258819","-0.965926","1.0","0.0","0.995919","0.090252","0","0","0","1","28.0","37","4.6","291","13.0","1005.6","0","12.0","0","","0.0","0.0","27.47","","0.0","0","51","pm25","77","37","12","41","5","1","1","Moderate","22.9326","9.0196","28.49","0","","","","51.0","51.0","51.0","42.0","51.0","0.0","51.0","46.88","51.0","0.0","0.0","0.375","51","1","77","77","1","1","0"
"2026-03-27T14:00:00+00:00","Lahore","14","4","3","86","-0.5","-0.866025","1.0","0.0","0.995919","0.090252","0","0","0","1","27.1","40","8.3","283","16.2","1006.3","0","12.2","0","","0.0","0.0","26.94","","-0.5","0","51","pm25","77","37","12","41","5","1","1","Moderate","12.988","16.2745","30.8","0","","","","51.0","51.0","51.0","42.0","51.0","0.0","51.0","47.25","51.0","0.0","0.0","0.375","51","1","77","77","1","1","0"
"2026-03-27T15:00:00+00:00","Lahore","15","4","3","86","-0.707107","-0.707107","1.0","0.0","0.995919","0.090252","0","0","0","1","26.2","44","8.4","277","18.7","1006.8","0","12.9","8","","0.0","0.0","","","-0.3","0","51","pm25","77","37","12","41","5","1","1","Moderate","13.2","16.4706","33.88","0","","","","51.0","51.0","51.0","42.0","51.0","0.0","51.0","47.62","51.0","0.0","0.0","0.375","51","1","77","77","1","1","0"
"2026-03-27T16:00:00+00:00","Lahore","16","4","3","86","-0.866025","-0.5","1.0","0.0","0.995919","0.090252","0","0","0","1","25.1","48","6.2","285","16.9","1007.2","0","13.4","34","","0.0","0.0","","","0.2","1","51","pm25","77","37","12","41","5","1","1","Moderate","18.3806","12.1569","36.96","0","","","","51.0","51.0","51.0","42.0","51.0","0.0","51.0","48.0","51.0","0.0","0.0","0.375","51","1","77","77","1","1","0"
"2026-03-27T17:00:00+00:00","Lahore","17","4","3","86","-0.965926","-0.258819","1.0","0.0","0.995919","0.090252","0","1","0","1","23.9","52","4.7","279","12.2","1007.2","0","13.5","30","","0.0","0.0","","","0.4","1","51","pm25","77","37","12","41","5","1","1","Moderate","24.9021","9.2157","40.04","0","","","","51.0","51.0","51.0","42.0","51.0","0.0","51.0","48.38","51.0","0.0","0.0","0.375","51","1","77","77","1","1","0"
"2026-03-27T18:00:00+00:00","Lahore","18","4","3","86","-1.0","-0.0","1.0","0.0","0.995919","0.090252","0","1","0","1","23.4","56","3.2","297","8.6","1007.4","0","14.2","22","","0.0","0.0","","","0.9","1","51","pm25","77","37","12","41","5","1","1","Moderate","37.5375","6.2745","43.12","0","","","","51.0","51.0","51.0","42.0","51.0","0.0","51.0","48.75","51.0","0.0","0.0","0.375","51","1","77","77","1","1","0"
"2026-03-27T19:00:00+00:00","Lahore","19","4","3","86","-0.965926","0.258819","1.0","0.0","0.995919","0.090252","0","1","0","1","23.0","57","2.5","266","5.8","1006.9","0","14.1","83","","0.0","0.0","","","1.0","3","51","pm25","77","37","12","41","5","1","1","Moderate","48.356","4.902","43.89","0","","","","51.0","51.0","51.0","42.0","51.0","0.0","51.0","49.12","51.0","0.0","0.0","0.375","51","1","77","77","1","1","0"
"2026-03-27T20:00:00+00:00","Lahore","20","4","3","86","-0.866025","0.5","1.0","0.0","0.995919","0.090252","0","0","0","1","22.1","60","4.0","252","6.8","1006.5","0","14.1","44","","0.0","0.0","","","0.8","1","51","pm25","77","37","12","41","5","1","1","Moderate","30.8","7.8431","46.2","0","","","","51.0","51.0","51.0","42.0","51.0","0.0","51.0","49.5","51.0","0.0","0.0","0.375","51","1","77","77","1","1","0"
"2026-03-27T21:00:00+00:00","Lahore","21","4","3","86","-0.707107","0.707107","1.0","0.0","0.995919","0.090252","0","0","0","1","21.5","63","2.6","258","6.8","1005.6","0","14.1","99","","0.0","0.0","","","1.0","3","51","pm25","77","37","12","41","5","1","1","Moderate","48.2731","5.098","48.51","0","","","","51.0","51.0","51.0","42.0","51.0","0.0","51.0","49.88","51.0","0.0","0.0","0.375","51","1","77","77","1","1","0"
"2026-03-27T22:00:00+00:00","Lahore","22","4","3","86","-0.5","0.866025","1.0","0.0","0.995919","0.090252","0","0","1","1","21.1","65","1.5","263","4.0","1004.9","0","14.1","9","","0.0","0.0","","","1.1","0","51","pm25","77","37","12","41","5","1","1","Moderate","84.7","2.9412","50.05","0","","","","51.0","51.0","51.0","42.0","51.0","0.0","51.0","50.25","51.0","0.0","0.0","0.375","51","1","77","77","1","1","0"
"2026-03-27T23:00:00+00:00","Lahore","23","4","3","86","-0.258819","0.965926","1.0","0.0","0.995919","0.090252","0","0","1","1","20.5","66","1.3","326","2.9","1004.4","0","14.1","100","","0.0","0.0","","","1.2","3","51","pm25","77","37","12","41","5","1","1","Moderate","98.3231","2.549","50.82","0","","","","51.0","51.0","51.0","42.0","51.0","0.0","51.0","50.62","51.0","0.0","0.0","0.375","51","1","77","77","1","1","0"
"2026-03-28T00:00:00+00:00","Lahore","0","5","3","87","0.0","1.0","1.0","0.0","0.997325","0.073095","1","0","1","1","19.0","75","1.9","73","2.5","1004.7","0","14.6","100","","0.0","0.0","","","1.3","3","40","pm25","85","27","5","44","5","1","0","Good","78.2895","4.75","63.75","0","","","","51.0","51.0","51.0","51.0","51.0","0.0","51.0","51.0","51.0","0.0","0.0","0.0","40","0","85","85","0","0","0"
"2026-03-28T01:00:00+00:00","Lahore","1","5","3","87","0.258819","0.965926","1.0","0.0","0.997325","0.073095","1","0","1","1","18.5","79","2.4","138","4.3","1004.8","0","14.8","100","","0.0","0.0","","","1.3","3","40","pm25","85","27","5","44","5","1","0","Good","63.3958","6.0","67.15","0","","","","40.0","51.0","51.0","51.0","47.33","5.19","49.17","50.54","51.0","-11.0","-1.8333","-0.4583","40","0","85","85","0","0","-1"
"2026-03-28T02:00:00+00:00","Lahore","2","5","3","87","0.5","0.866025","1.0","0.0","0.997325","0.073095","1","0","1","1","19.5","75","4.1","142","8.3","1005.6","0","14.9","100","","0.0","0.0","","","1.0","3","40","pm25","85","27","5","44","5","1","0","Good","36.2805","10.25","63.75","0","","","","40.0","51.0","51.0","51.0","43.67","5.19","47.33","50.08","51.0","0.0","-1.8333","-0.4583","40","0","85","85","0","0","0"
"2026-03-28T03:00:00+00:00","Lahore","3","5","3","87","0.707107","0.707107","1.0","0.0","0.997325","0.073095","1","0","1","1","22.2","64","2.3","129","9.7","1006.2","0","15.0","100","","0.0","0.0","","","1.4","3","40","pm25","85","27","5","44","5","1","0","Good","60.6087","5.75","54.4","0","","","","40.0","40.0","51.0","51.0","40.0","0.0","45.5","49.62","51.0","0.0","-1.8333","-0.4583","40","0","85","85","0","0","0"
"2026-03-28T04:00:00+00:00","Lahore","4","5","3","87","0.866025","0.5","1.0","0.0","0.997325","0.073095","1","0","1","1","25.3","51","3.1","130","13.3","1006.4","0","14.4","100","","0.0","0.0","","","1.0","3","40","pm25","85","27","5","44","5","1","0","Good","41.4032","7.75","43.35","0","","","","40.0","40.0","51.0","51.0","40.0","0.0","43.67","49.17","51.0","0.0","-1.8333","-0.4583","40","0","85","85","0","0","0"
"2026-03-28T05:00:00+00:00","Lahore","5","5","3","87","0.965926","0.258819","1.0","0.0","0.997325","0.073095","1","0","1","1","27.5","43","4.6","129","16.9","1006.1","0","13.7","85","","0.0","0.0","27.43","","0.5","3","40","pm25","85","27","5","44","5","1","0","Good","26.4239","11.5","36.55","0","","","","40.0","40.0","51.0","51.0","40.0","0.0","41.83","48.71","51.0","0.0","-1.8333","-0.4583","40","0","85","85","0","0","0"
"2026-03-28T06:00:00+00:00","Lahore","6","5","3","87","1.0","0.0","1.0","0.0","0.997325","0.073095","1","0","0","1","28.8","38","5.0","134","22.0","1006.2","0","13.1","99","","0.0","0.0","28.24","","1.3","3","40","pm25","85","27","5","44","5","1","0","Good","23.46","12.5","32.3","0","","","","40.0","40.0","40.0","51.0","40.0","0.0","40.0","48.25","51.0","0.0","0.0","-0.4583","40","0","85","85","0","0","0"
"2026-03-28T07:00:00+00:00","Lahore","7","5","3","87","0.965926","-0.258819","1.0","0.0","0.997325","0.073095","1","1","0","1","30.1","35","5.3","152","20.5","1005.8","0","12.9","100","","0.0","0.0","29.27","","1.7","3","40","pm25","85","27","5","44","5","1","0","Good","21.6509","13.25","29.75","0","","","","40.0","40.0","40.0","51.0","40.0","0.0","40.0","47.79","51.0","0.0","0.0","-0.4583","40","0","85","85","0","0","0"
"2026-03-28T08:00:00+00:00","Lahore","8","5","3","87","0.866025","-0.5","1.0","0.0","0.997325","0.073095","1","1","0","1","30.9","32","6.4","158","21.6","1005.1","0","12.2","100","","0.0","0.0","29.82","","0.8","3","40","pm25","85","27","5","44","5","1","0","Good","17.5312","16.0","27.2","0","","","","40.0","40.0","40.0","51.0","40.0","0.0","40.0","47.33","51.0","0.0","0.0","-0.4583","40","0","85","85","0","0","0"
"2026-03-28T09:00:00+00:00","Lahore","9","5","3","87","0.707107","-0.707107","1.0","0.0","0.997325","0.073095","1","1","0","1","30.2","32","6.6","159","22.0","1004.1","0","11.6","100","","0.0","0.0","29.1","","-0.4","3","40","pm25","85","27","5","44","5","1","0","Good","17.0","16.5","27.2","0","","","","40.0","40.0","40.0","51.0","40.0","0.0","40.0","46.88","51.0","0.0","0.0","-0.4583","40","0","85","85","0","0","0"
"2026-03-28T10:00:00+00:00","Lahore","10","5","3","87","0.5","-0.866025","1.0","0.0","0.997325","0.073095","1","0","0","1","30.4","30","5.2","160","19.8","1003.4","0","10.9","100","","0.0","0.0","29.13","","-0.5","3","40","pm25","85","27","5","44","5","1","0","Good","21.25","13.0","25.5","0","","","","40.0","40.0","40.0","51.0","40.0","0.0","40.0","46.42","51.0","0.0","0.0","-0.4583","40","0","85","85","0","0","0"
"2026-03-28T11:00:00+00:00","Lahore","11","5","3","87","0.258819","-0.965926","1.0","0.0","0.997325","0.073095","1","0","0","1","30.5","29","3.6","127","16.9","1002.9","0","10.6","100","","0.0","0.0","29.15","","-0.3","3","40","pm25","85","27","5","44","5","1","0","Good","30.4583","9.0","24.65","0","","","","40.0","40.0","40.0","51.0","40.0","0.0","40.0","45.96","51.0","0.0","0.0","-0.4583","40","0","85","85","0","0","0"
"2026-03-28T12:00:00+00:00","Lahore","12","5","3","87","0.0","-1.0","1.0","0.0","0.997325","0.073095","1","0","0","1","30.2","30","7.4","116","16.2","1002.8","0","10.9","95","","0.0","0.0","28.94","","-0.8","3","40","pm25","85","27","5","44","5","1","0","Good","14.9324","18.5","25.5","0","","","","40.0","40.0","40.0","51.0","40.0","0.0","40.0","45.5","51.0","0.0","0.0","-0.4583","40","0","85","85","0","0","0"
"2026-03-28T13:00:00+00:00","Lahore","13","5","3","87","-0.258819","-0.965926","1.0","0.0","0.997325","0.073095","1","0","0","1","28.6","38","9.6","95","19.8","1002.9","0","12.8","100","","0.0","0.0","28.06","","-0.5","3","40","pm25","85","27","5","44","5","1","0","Good","12.2188","24.0","32.3","0","","","","40.0","40.0","40.0","51.0","40.0","0.0","40.0","45.04","51.0","0.0","0.0","-0.4583","40","0","85","85","0","0","0"
"2026-03-28T14:00:00+00:00","Lahore","14","5","3","87","-0.5","-0.866025","1.0","0.0","0.997325","0.073095","1","0","0","1","27.2","44","12.4","81","23.4","1003.3","0","13.9","100","","0.0","0.0","27.24","","-0.5","3","40","pm25","85","27","5","44","5","1","0","Good","9.871","31.0","37.4","0","","","","40.0","40.0","40.0","51.0","40.0","0.0","40.0","44.58","51.0","0.0","0.0","-0.4583","40","0","85","85","0","0","0"
"2026-03-28T15:00:00+00:00","Lahore","15","5","3","87","-0.707107","-0.707107","1.0","0.0","0.997325","0.073095","1","0","0","1","26.7","44","8.3","96","24.5","1004.0","0","13.6","100","","0.0","0.0","","","-0.1","3","40","pm25","85","27","5","44","5","1","0","Good","14.747","20.75","37.4","0","","","","40.0","40.0","40.0","51.0","40.0","0.0","40.0","44.12","51.0","0.0","0.0","-0.4583","40","0","85","85","0","0","0"
"2026-03-28T16:00:00+00:00","Lahore","16","5","3","87","-0.866025","-0.5","1.0","0.0","0.997325","0.073095","1","0","0","1","25.8","50","9.9","75","18.4","1004.7","0","14.4","100","","0.3","0.3","","","0.0","51","40","pm25","85","27","5","44","5","1","0","Good","12.8788","24.75","42.5","0","","","","40.0","40.0","40.0","51.0","40.0","0.0","40.0","43.67","51.0","0.0","0.0","-0.4583","40","0","85","85","0","0","0"
"2026-03-28T17:00:00+00:00","Lahore","17","5","3","87","-0.965926","-0.258819","1.0","0.0","0.997325","0.073095","1","1","0","1","25.2","49","11.4","78","20.9","1004.2","0","13.6","99","","0.0","0.0","","","-0.5","3","40","pm25","85","27","5","44","5","1","0","Good","11.1096","28.5","41.65","0","","","","40.0","40.0","40.0","51.0","40.0","0.0","40.0","43.21","51.0","0.0","0.0","-0.4583","40","0","85","85","0","0","0"
"2026-03-28T18:00:00+00:00","Lahore","18","5","3","87","-1.0","-0.0","1.0","0.0","0.997325","0.073095","1","1","0","1","25.0","51","11.5","80","22.0","1004.1","0","14.2","100","","0.0","0.0","","","-0.3","3","40","pm25","85","27","5","44","5","1","0","Good","11.1609","28.75","43.35","0","","","","40.0","40.0","40.0","51.0","40.0","0.0","40.0","42.75","51.0","0.0","0.0","-0.4583","40","0","85","85","0","0","0"
"2026-03-28T19:00:00+00:00","Lahore","19","5","3","87","-0.965926","0.258819","1.0","0.0","0.997325","0.073095","1","1","0","1","24.6","54","11.2","80","23.4","1004.0","0","14.8","100","","0.0","0.0","","","0.0","3","40","pm25","85","27","5","44","5","1","0","Good","11.6875","28.0","45.9","0","","","","40.0","40.0","40.0","51.0","40.0","0.0","40.0","42.29","51.0","0.0","0.0","-0.4583","40","0","85","85","0","0","0"
"2026-03-28T20:00:00+00:00","Lahore","20","5","3","87","-0.866025","0.5","1.0","0.0","0.997325","0.073095","1","0","0","1","24.4","52","7.5","105","20.9","1003.9","0","14.1","100","","0.2","0.2","","","0.2","51","40","pm25","85","27","5","44","5","1","0","Good","17.2267","18.75","44.2","0","","","","40.0","40.0","40.0","51.0","40.0","0.0","40.0","41.83","51.0","0.0","0.0","-0.4583","40","0","85","85","0","0","0"
"2026-03-28T21:00:00+00:00","Lahore","21","5","3","87","-0.707107","0.707107","1.0","0.0","0.997325","0.073095","1","0","0","1","21.0","78","6.9","301","22.3","1006.2","0","17.0","100","","1.2","1.2","","","1.4","55","40","pm25","85","27","5","44","5","1","0","Good","21.9275","17.25","66.3","0","","","","40.0","40.0","40.0","51.0","40.0","0.0","40.0","41.38","51.0","0.0","0.0","-0.4583","40","0","85","85","0","0","0"
"2026-03-28T22:00:00+00:00","Lahore","22","5","3","87","-0.5","0.866025","1.0","0.0","0.997325","0.073095","1","0","1","1","20.1","90","7.0","23","17.3","1005.3","0","18.5","100","","1.5","1.5","","","2.1","61","40","pm25","85","27","5","44","5","1","0","Good","23.0714","17.5","76.5","0","","","","40.0","40.0","40.0","51.0","40.0","0.0","40.0","40.92","51.0","0.0","0.0","-0.4583","40","0","85","85","0","0","0"
"2026-03-28T23:00:00+00:00","Lahore","23","5","3","87","-0.258819","0.965926","1.0","0.0","0.997325","0.073095","1","0","1","1","19.5","91","9.4","54","18.4","1004.7","0","18.0","100","","3.0","3.0","","","1.6","63","40","pm25","85","27","5","44","5","1","0","Good","17.2713","23.5","77.35","0","","","","40.0","40.0","40.0","51.0","40.0","0.0","40.0","40.46","51.0","0.0","0.0","-0.4583","40","0","85","85","0","0","0"
"2026-03-29T00:00:00+00:00","Lahore","0","6","3","88","0.0","1.0","1.0","0.0","0.998435","0.055917","1","0","1","1","18.4","88","12.5","63","21.2","1007.0","0","16.4","100","","3.7","3.7","","","0.4","63","39","pm25","73","31","12","37","6","4","0","Good","10.9792","32.0513","64.24","0","","","","40.0","40.0","40.0","40.0","40.0","0.0","40.0","40.0","40.0","0.0","0.0","0.0","39","0","73","73","0","0","0"
"2026-03-29T01:00:00+00:00","Lahore","1","6","3","88","0.258819","0.965926","1.0","0.0","0.998435","0.055917","1","0","1","1","18.0","89","12.9","78","24.5","1007.2","0","16.2","94","","1.8","1.8","","","0.3","61","39","pm25","73","31","12","37","6","4","0","Good","10.6953","33.0769","64.97","0","","","","39.0","40.0","40.0","40.0","39.67","0.47","39.83","39.96","40.0","-1.0","-0.1667","-0.0417","39","0","73","73","0","0","0"
"2026-03-29T02:00:00+00:00","Lahore","2","6","3","88","0.5","0.866025","1.0","0.0","0.998435","0.055917","1","0","1","1","18.6","84","18.2","81","33.8","1007.6","0","15.9","27","","0.3","0.3","","","-0.6","51","39","pm25","73","31","12","37","6","4","0","Good","7.3802","46.6667","61.32","0","","","","39.0","40.0","40.0","40.0","39.33","0.47","39.67","39.92","40.0","0.0","-0.1667","-0.0417","39","0","73","73","0","0","0"
"2026-03-29T03:00:00+00:00","Lahore","3","6","3","88","0.707107","0.707107","1.0","0.0","0.998435","0.055917","1","0","1","1","20.2","80","15.3","90","36.7","1007.7","0","16.6","46","","0.0","0.0","","","0.1","1","39","pm25","73","31","12","37","6","4","0","Good","8.5882","39.2308","58.4","0","","","","39.0","39.0","40.0","40.0","39.0","0.0","39.5","39.88","40.0","0.0","-0.1667","-0.0417","39","0","73","73","0","0","0"
"2026-03-29T04:00:00+00:00","Lahore","4","6","3","88","0.866025","0.5","1.0","0.0","0.998435","0.055917","1","0","1","1","22.2","73","12.5","72","31.0","1008.4","0","17.1","22","","0.0","0.0","","","0.7","1","39","pm25","73","31","12","37","6","4","0","Good","10.1032","32.0513","53.29","0","","","","39.0","39.0","40.0","40.0","39.0","0.0","39.33","39.83","40.0","0.0","-0.1667","-0.0417","39","0","73","73","0","0","0"
"2026-03-29T05:00:00+00:00","Lahore","5","6","3","88","0.965926","0.258819","1.0","0.0","0.998435","0.055917","1","0","1","1","23.6","66","13.9","73","33.1","1008.9","0","17.0","24","","0.0","0.0","","","0.6","1","39","pm25","73","31","12","37","6","4","0","Good","8.718","35.641","48.18","0","","","","39.0","39.0","40.0","40.0","39.0","0.0","39.17","39.79","40.0","0.0","-0.1667","-0.0417","39","0","73","73","0","0","0"
"2026-03-29T06:00:00+00:00","Lahore","6","6","3","88","1.0","0.0","1.0","0.0","0.998435","0.055917","1","0","0","1","24.2","65","14.3","75","34.6","1009.2","0","17.4","9","","0.0","0.0","","","1.5","0","39","pm25","73","31","12","37","6","4","0","Good","8.4231","36.6667","47.45","0","","","","39.0","39.0","39.0","40.0","39.0","0.0","39.0","39.75","40.0","0.0","0.0","-0.0417","39","0","73","73","0","0","0"
"2026-03-29T07:00:00+00:00","Lahore","7","6","3","88","0.965926","-0.258819","1.0","0.0","0.998435","0.055917","1","1","0","1","26.0","61","12.8","89","33.5","1008.9","0","18.0","3","","0.0","0.0","","","2.5","0","39","pm25","73","31","12","37","6","4","0","Good","9.182","32.8205","44.53","0","","","","39.0","39.0","39.0","40.0","39.0","0.0","39.0","39.71","40.0","0.0","0.0","-0.0417","39","0","73","73","0","0","0"
"2026-03-29T08:00:00+00:00","Lahore","8","6","3","88","0.866025","-0.5","1.0","0.0","0.998435","0.055917","1","1","0","1","27.6","56","13.5","99","32.8","1008.0","0","18.0","75","","0.0","0.0","28.51","","2.4","2","39","pm25","73","31","12","37","6","4","0","Good","8.4356","34.6154","40.88","0","","","","39.0","39.0","39.0","40.0","39.0","0.0","39.0","39.67","40.0","0.0","0.0","-0.0417","39","0","73","73","0","0","0"
"2026-03-29T09:00:00+00:00","Lahore","9","6","3","88","0.707107","-0.707107","1.0","0.0","0.998435","0.055917","1","1","0","1","27.5","55","12.8","105","32.8","1007.2","0","17.6","61","","0.1","0.1","28.3","","1.3","51","39","pm25","73","31","12","37","6","4","0","Good","8.8398","32.8205","40.15","0","","","","39.0","39.0","39.0","40.0","39.0","0.0","39.0","39.62","40.0","0.0","0.0","-0.0417","39","0","73","73","0","0","0"
"2026-03-29T10:00:00+00:00","Lahore","10","6","3","88","0.5","-0.866025","1.0","0.0","0.998435","0.055917","1","0","0","1","27.5","54","12.2","104","30.2","1006.3","0","17.4","46","","0.0","0.0","28.22","","0.8","1","39","pm25","73","31","12","37","6","4","0","Good","9.2148","31.2821","39.42","0","","","","39.0","39.0","39.0","40.0","39.0","0.0","39.0","39.58","40.0","0.0","0.0","-0.0417","39","0","73","73","0","0","0"
"2026-03-29T11:00:00+00:00","Lahore","11","6","3","88","0.258819","-0.965926","1.0","0.0","0.998435","0.055917","1","0","0","1","27.4","54","10.6","101","27.7","1005.3","0","17.3","80","","0.0","0.0","28.11","","1.0","3","39","pm25","73","31","12","37","6","4","0","Good","10.6057","27.1795","39.42","0","","","","39.0","39.0","39.0","40.0","39.0","0.0","39.0","39.54","40.0","0.0","0.0","-0.0417","39","0","73","73","0","0","0"
"2026-03-29T12:00:00+00:00","Lahore","12","6","3","88","0.0","-1.0","1.0","0.0","0.998435","0.055917","1","0","0","1","27.4","53","8.2","123","23.8","1005.9","0","16.9","88","","0.0","0.0","28.03","","1.2","3","39","pm25","73","31","12","37","6","4","0","Good","13.6207","21.0256","38.69","0","","","","39.0","39.0","39.0","40.0","39.0","0.0","39.0","39.5","40.0","0.0","0.0","-0.0417","39","0","73","73","0","0","0"
"2026-03-29T13:00:00+00:00","Lahore","13","6","3","88","-0.258819","-0.965926","1.0","0.0","0.998435","0.055917","1","0","0","1","25.9","67","3.8","109","15.5","1006.1","0","19.1","100","","0.0","0.0","","","2.8","3","39","pm25","73","31","12","37","6","4","0","Good","32.0816","9.7436","48.91","0","","","","39.0","39.0","39.0","40.0","39.0","0.0","39.0","39.46","40.0","0.0","0.0","-0.0417","39","0","73","73","0","0","0"
"2026-03-29T14:00:00+00:00","Lahore","14","6","3","88","-0.5","-0.866025","1.0","0.0","0.998435","0.055917","1","0","0","1","24.9","67","5.8","83","10.1","1005.9","0","18.2","100","","0.0","0.0","","","2.1","3","39","pm25","73","31","12","37","6","4","0","Good","21.019","14.8718","48.91","0","","","","39.0","39.0","39.0","40.0","39.0","0.0","39.0","39.42","40.0","0.0","0.0","-0.0417","39","0","73","73","0","0","0"
"2026-03-29T15:00:00+00:00","Lahore","15","6","3","88","-0.707107","-0.707107","1.0","0.0","0.998435","0.055917","1","0","0","1","24.0","70","7.3","65","13.3","1006.4","0","18.1","64","","0.0","0.0","","","2.0","2","39","pm25","73","31","12","37","6","4","0","Good","17.0","18.7179","51.1","0","","","","39.0","39.0","39.0","40.0","39.0","0.0","39.0","39.38","40.0","0.0","0.0","-0.0417","39","0","73","73","0","0","0"
"2026-03-29T16:00:00+00:00","Lahore","16","6","3","88","-0.866025","-0.5","1.0","0.0","0.998435","0.055917","1","0","0","1","23.4","71","7.3","38","13.3","1006.8","0","18.0","98","","0.0","0.0","","","1.8","3","39","pm25","73","31","12","37","6","4","0","Good","17.1","18.7179","51.83","0","","","","39.0","39.0","39.0","40.0","39.0","0.0","39.0","39.33","40.0","0.0","0.0","-0.0417","39","0","73","73","0","0","0"
"2026-03-29T17:00:00+00:00","Lahore","17","6","3","88","-0.965926","-0.258819","1.0","0.0","0.998435","0.055917","1","1","0","1","22.8","74","7.8","44","15.1","1006.6","0","17.9","25","","0.0","0.0","","","1.7","1","39","pm25","73","31","12","37","6","4","0","Good","16.2846","20.0","54.02","0","","","","39.0","39.0","39.0","40.0","39.0","0.0","39.0","39.29","40.0","0.0","0.0","-0.0417","39","0","73","73","0","0","0"
"2026-03-29T18:00:00+00:00","Lahore","18","6","3","88","-1.0","-0.0","1.0","0.0","0.998435","0.055917","1","1","0","1","22.7","77","5.9","47","14.4","1007.0","0","18.5","59","","0.0","0.0","","","2.3","2","39","pm25","73","31","12","37","6","4","0","Good","21.9","15.1282","56.21","0","","","","39.0","39.0","39.0","40.0","39.0","0.0","39.0","39.25","40.0","0.0","0.0","-0.0417","39","0","73","73","0","0","0"
"2026-03-29T19:00:00+00:00","Lahore","19","6","3","88","-0.965926","0.258819","1.0","0.0","0.998435","0.055917","1","1","0","1","22.1","79","7.5","57","13.3","1006.8","0","18.4","10","","0.0","0.0","","","2.0","0","39","pm25","73","31","12","37","6","4","0","Good","17.4227","19.2308","57.67","0","","","","39.0","39.0","39.0","40.0","39.0","0.0","39.0","39.21","40.0","0.0","0.0","-0.0417","39","0","73","73","0","0","0"
"2026-03-29T20:00:00+00:00","Lahore","20","6","3","88","-0.866025","0.5","1.0","0.0","0.998435","0.055917","1","0","0","1","21.8","80","6.8","65","14.8","1006.6","0","18.2","9","","0.0","0.0","","","2.0","0","39","pm25","73","31","12","37","6","4","0","Good","19.3235","17.4359","58.4","0","","","","39.0","39.0","39.0","40.0","39.0","0.0","39.0","39.17","40.0","0.0","0.0","-0.0417","39","0","73","73","0","0","0"
"2026-03-29T21:00:00+00:00","Lahore","21","6","3","88","-0.707107","0.707107","1.0","0.0","0.998435","0.055917","1","0","0","1","21.5","81","7.3","81","13.0","1005.8","0","18.1","84","","0.0","0.0","","","1.8","3","39","pm25","73","31","12","37","6","4","0","Good","18.1","18.7179","59.13","0","","","","39.0","39.0","39.0","40.0","39.0","0.0","39.0","39.12","40.0","0.0","0.0","-0.0417","39","0","73","73","0","0","0"
"2026-03-29T22:00:00+00:00","Lahore","22","6","3","88","-0.5","0.866025","1.0","0.0","0.998435","0.055917","1","0","1","1","21.0","83","8.7","95","15.5","1005.6","0","18.0","94","","0.0","0.0","","","1.7","3","39","pm25","73","31","12","37","6","4","0","Good","15.3552","22.3077","60.59","0","","","","39.0","39.0","39.0","40.0","39.0","0.0","39.0","39.08","40.0","0.0","0.0","-0.0417","39","0","73","73","0","0","0"
"2026-03-29T23:00:00+00:00","Lahore","23","6","3","88","-0.258819","0.965926","1.0","0.0","0.998435","0.055917","1","0","1","1","20.9","83","8.8","70","16.9","1004.7","0","18.0","100","","0.0","0.0","","","1.6","3","39","pm25","73","31","12","37","6","4","0","Good","15.1807","22.5641","60.59","0","","","","39.0","39.0","39.0","40.0","39.0","0.0","39.0","39.04","40.0","0.0","0.0","-0.0417","39","0","73","73","0","0","0"
"2026-03-30T00:00:00+00:00","Lahore","0","0","3","89","0.0","1.0","1.0","0.0","0.99925","0.038722","0","0","1","1","21.0","81","7.1","126","16.9","1005.4","0","17.7","100","","0.0","0.0","","","1.7","3","46","pm25","86","5","6","52","2","7","0","Good","21.9239","15.4348","69.66","0","","","","39.0","39.0","39.0","39.0","39.0","0.0","39.0","39.0","39.0","0.0","0.0","0.0","46","0","86","86","0","0","0"
"2026-03-30T01:00:00+00:00","Lahore","1","0","3","89","0.258819","0.965926","1.0","0.0","0.99925","0.038722","0","0","1","1","20.9","80","6.6","127","12.2","1006.0","0","17.4","100","","0.0","0.0","","","1.7","3","46","pm25","86","5","6","52","2","7","0","Good","23.4545","14.3478","68.8","0","","","","46.0","39.0","39.0","39.0","41.33","3.3","40.17","39.29","46.0","7.0","1.1667","0.2917","46","0","86","86","0","0","1"
"2026-03-30T02:00:00+00:00","Lahore","2","0","3","89","0.5","0.866025","1.0","0.0","0.99925","0.038722","0","0","1","1","21.9","75","8.3","117","14.8","1006.3","0","17.1","100","","0.0","0.0","","","1.3","3","46","pm25","86","5","6","52","2","7","0","Good","18.1325","18.0435","64.5","0","","","","46.0","39.0","39.0","39.0","43.67","3.3","41.33","39.58","46.0","0.0","1.1667","0.2917","46","0","86","86","0","0","0"
"2026-03-30T03:00:00+00:00","Lahore","3","0","3","89","0.707107","0.707107","1.0","0.0","0.99925","0.038722","0","0","1","1","23.6","69","6.9","121","15.1","1007.4","0","17.7","100","","0.0","0.0","","","1.8","3","46","pm25","86","5","6","52","2","7","0","Good","21.0638","15.0","59.34","0","","","","46.0","46.0","39.0","39.0","46.0","0.0","42.5","39.88","46.0","0.0","1.1667","0.2917","46","0","86","86","0","0","0"
"2026-03-30T04:00:00+00:00","Lahore","4","0","3","89","0.866025","0.5","1.0","0.0","0.99925","0.038722","0","0","1","1","25.8","61","8.2","130","20.5","1007.6","0","17.8","100","","0.0","0.0","","","1.6","3","46","pm25","86","5","6","52","2","7","0","Good","16.8854","17.8261","52.46","0","","","","46.0","46.0","39.0","39.0","46.0","0.0","43.67","40.17","46.0","0.0","1.1667","0.2917","46","0","86","86","0","0","0"
"2026-03-30T05:00:00+00:00","Lahore","5","0","3","89","0.965926","0.258819","1.0","0.0","0.99925","0.038722","0","0","1","1","27.8","53","9.2","149","23.8","1008.1","0","17.5","100","","0.0","0.0","28.49","","1.4","3","46","pm25","86","5","6","52","2","7","0","Good","14.3022","20.0","45.58","0","","","","46.0","46.0","39.0","39.0","46.0","0.0","44.83","40.46","46.0","0.0","1.1667","0.2917","46","0","86","86","0","0","0"
"2026-03-30T06:00:00+00:00","Lahore","6","0","3","89","1.0","0.0","1.0","0.0","0.99925","0.038722","0","0","0","1","29.2","44","11.5","153","24.5","1008.6","0","15.8","100","","0.0","0.0","29.22","","0.3","3","46","pm25","86","5","6","52","2","7","0","Good","10.7687","25.0","37.84","0","","","","46.0","46.0","46.0","39.0","46.0","0.0","46.0","40.75","46.0","0.0","0.0","0.2917","46","0","86","86","0","0","0"
"2026-03-30T07:00:00+00:00","Lahore","7","0","3","89","0.965926","-0.258819","1.0","0.0","0.99925","0.038722","0","1","0","1","30.3","42","10.8","156","27.0","1007.9","0","16.1","98","","0.0","0.0","30.3","","0.9","3","46","pm25","86","5","6","52","2","7","0","Good","11.3074","23.4783","36.12","0","","","","46.0","46.0","46.0","39.0","46.0","0.0","46.0","41.04","46.0","0.0","0.0","0.2917","46","0","86","86","0","0","0"
"2026-03-30T08:00:00+00:00","Lahore","8","0","3","89","0.866025","-0.5","1.0","0.0","0.99925","0.038722","0","1","0","1","30.1","39","8.9","140","37.4","1007.8","0","14.9","98","","0.0","0.0","29.69","","0.6","3","46","pm25","86","5","6","52","2","7","0","Good","13.4315","19.3478","33.54","0","","","","46.0","46.0","46.0","39.0","46.0","0.0","46.0","41.33","46.0","0.0","0.0","0.2917","46","0","86","86","0","0","0"
"2026-03-30T09:00:00+00:00","Lahore","9","0","3","89","0.707107","-0.707107","1.0","0.0","0.99925","0.038722","0","1","0","1","24.0","65","6.5","238","36.0","1009.2","0","17.1","100","","2.2","2.2","","","1.6","61","46","pm25","86","5","6","52","2","7","0","Good","21.8308","14.1304","55.9","0","","","","46.0","46.0","46.0","39.0","46.0","0.0","46.0","41.62","46.0","0.0","0.0","0.2917","46","0","86","86","0","0","0"
"2026-03-30T10:00:00+00:00","Lahore","10","0","3","89","0.5","-0.866025","1.0","0.0","0.99925","0.038722","0","0","0","1","26.4","56","9.4","82","22.3","1006.4","0","16.8","100","","0.0","0.0","","","1.0","3","46","pm25","86","5","6","52","2","7","0","Good","14.2723","20.4348","48.16","0","","","","46.0","46.0","46.0","39.0","46.0","0.0","46.0","41.92","46.0","0.0","0.0","0.2917","46","0","86","86","0","0","0"
"2026-03-30T11:00:00+00:00","Lahore","11","0","3","89","0.258819","-0.965926","1.0","0.0","0.99925","0.038722","0","0","0","1","28.7","41","11.4","153","25.2","1006.0","0","14.2","64","","0.0","0.0","28.39","","-0.3","2","46","pm25","86","5","6","52","2","7","0","Good","10.6368","24.7826","35.26","0","","","","46.0","46.0","46.0","39.0","46.0","0.0","46.0","42.21","46.0","0.0","0.0","0.2917","46","0","86","86","0","0","0"
"2026-03-30T12:00:00+00:00","Lahore","12","0","3","89","0.0","-1.0","1.0","0.0","0.99925","0.038722","0","0","0","1","26.2","50","8.3","139","26.6","1006.2","0","15.0","100","","0.0","0.0","","","0.5","3","46","pm25","86","5","6","52","2","7","0","Good","15.5422","18.0435","43.0","0","","","","46.0","46.0","46.0","39.0","46.0","0.0","46.0","42.5","46.0","0.0","0.0","0.2917","46","0","86","86","0","0","0"
"2026-03-30T13:00:00+00:00","Lahore","13","0","3","89","-0.258819","-0.965926","1.0","0.0","0.99925","0.038722","0","0","0","1","26.8","48","7.7","87","18.7","1006.0","0","14.9","4","","0.0","0.0","","","0.5","0","46","pm25","86","5","6","52","2","7","0","Good","16.5299","16.7391","41.28","0","","","","46.0","46.0","46.0","39.0","46.0","0.0","46.0","42.79","46.0","0.0","0.0","0.2917","46","0","86","86","0","0","0"
"2026-03-30T14:00:00+00:00","Lahore","14","0","3","89","-0.5","-0.866025","1.0","0.0","0.99925","0.038722","0","0","0","1","22.8","72","14.0","58","27.7","1007.2","0","17.5","19","","0.0","0.0","","","0.6","0","46","pm25","86","5","6","52","2","7","0","Good","10.5657","30.4348","61.92","0","","","","46.0","46.0","46.0","39.0","46.0","0.0","46.0","43.08","46.0","0.0","0.0","0.2917","46","0","86","86","0","0","0"
"2026-03-30T15:00:00+00:00","Lahore","15","0","3","89","-0.707107","-0.707107","1.0","0.0","0.99925","0.038722","0","0","0","1","21.9","76","10.9","84","27.7","1007.5","0","17.4","2","","0.0","0.0","","","1.0","0","46","pm25","86","5","6","52","2","7","0","Good","13.8862","23.6957","65.36","0","","","","46.0","46.0","46.0","39.0","46.0","0.0","46.0","43.38","46.0","0.0","0.0","0.2917","46","0","86","86","0","0","0"
"2026-03-30T16:00:00+00:00","Lahore","16","0","3","89","-0.866025","-0.5","1.0","0.0","0.99925","0.038722","0","0","0","1","22.0","71","7.0","35","20.5","1010.0","0","16.6","52","","0.0","0.0","","","1.4","2","46","pm25","86","5","6","52","2","7","0","Good","21.0086","15.2174","61.06","0","","","","46.0","46.0","46.0","39.0","46.0","0.0","46.0","43.67","46.0","0.0","0.0","0.2917","46","0","86","86","0","0","0"
"2026-03-30T17:00:00+00:00","Lahore","17","0","3","89","-0.965926","-0.258819","1.0","0.0","0.99925","0.038722","0","1","0","1","21.5","77","6.5","358","19.4","1010.1","0","17.1","2","","0.1","0.1","","","1.5","51","46","pm25","86","5","6","52","2","7","0","Good","23.4185","14.1304","66.22","0","","","","46.0","46.0","46.0","39.0","46.0","0.0","46.0","43.96","46.0","0.0","0.0","0.2917","46","0","86","86","0","0","0"
"2026-03-30T18:00:00+00:00","Lahore","18","0","3","89","-1.0","-0.0","1.0","0.0","0.99925","0.038722","0","1","0","1","21.1","78","10.7","37","27.4","1010.2","0","17.1","4","","0.0","0.0","","","1.0","0","46","pm25","86","5","6","52","2","7","0","Good","14.3065","23.2609","67.08","0","","","","46.0","46.0","46.0","39.0","46.0","0.0","46.0","44.25","46.0","0.0","0.0","0.2917","46","0","86","86","0","0","0"
"2026-03-30T19:00:00+00:00","Lahore","19","0","3","89","-0.965926","0.258819","1.0","0.0","0.99925","0.038722","0","1","0","1","20.3","79","11.8","52","25.2","1010.2","0","16.5","4","","0.0","0.0","","","0.6","0","46","pm25","86","5","6","52","2","7","0","Good","13.0458","25.6522","67.94","0","","","","46.0","46.0","46.0","39.0","46.0","0.0","46.0","44.54","46.0","0.0","0.0","0.2917","46","0","86","86","0","0","0"
"2026-03-30T20:00:00+00:00","Lahore","20","0","3","89","-0.866025","0.5","1.0","0.0","0.99925","0.038722","0","0","0","1","19.5","81","10.1","59","23.4","1010.0","0","16.1","0","","0.0","0.0","","","0.6","0","46","pm25","86","5","6","52","2","7","0","Good","15.4119","21.9565","69.66","0","","","","46.0","46.0","46.0","39.0","46.0","0.0","46.0","44.83","46.0","0.0","0.0","0.2917","46","0","86","86","0","0","0"
"2026-03-30T21:00:00+00:00","Lahore","21","0","3","89","-0.707107","0.707107","1.0","0.0","0.99925","0.038722","0","0","0","1","18.9","83","11.5","58","23.4","1009.8","0","16.0","1","","0.0","0.0","","","0.4","0","46","pm25","86","5","6","52","2","7","0","Good","13.6852","25.0","71.38","0","","","","46.0","46.0","46.0","39.0","46.0","0.0","46.0","45.12","46.0","0.0","0.0","0.2917","46","0","86","86","0","0","0"
"2026-03-30T22:00:00+00:00","Lahore","22","0","3","89","-0.5","0.866025","1.0","0.0","0.99925","0.038722","0","0","1","1","18.2","83","12.8","29","27.0","1010.2","0","15.2","0","","0.0","0.0","","","-0.1","0","46","pm25","86","5","6","52","2","7","0","Good","12.2953","27.8261","71.38","0","","","","46.0","46.0","46.0","39.0","46.0","0.0","46.0","45.42","46.0","0.0","0.0","0.2917","46","0","86","86","0","0","0"
"2026-03-30T23:00:00+00:00","Lahore","23","0","3","89","-0.258819","0.965926","1.0","0.0","0.99925","0.038722","0","0","1","1","18.0","78","13.1","60","27.7","1009.9","0","14.1","0","","0.0","0.0","","","-0.5","0","46","pm25","86","5","6","52","2","7","0","Good","11.6855","28.4783","67.08","0","","","","46.0","46.0","46.0","39.0","46.0","0.0","46.0","45.71","46.0","0.0","0.0","0.2917","46","0","86","86","0","0","0"
"2026-03-31T00:00:00+00:00","Lahore","0","1","3","90","0.0","1.0","1.0","0.0","0.999769","0.021516","0","0","1","1","18.4","77","6.7","66","25.6","1009.5","0","14.3","2","","0.0","0.0","","","0.4","0","46","pm25","78","17","13","54","5","4","0","Good","20.606","14.5652","60.06","0","","","","46.0","46.0","46.0","46.0","46.0","0.0","46.0","46.0","46.0","0.0","0.0","0.0","46","0","78","78","0","0","0"
"2026-03-31T01:00:00+00:00","Lahore","1","1","3","90","0.258819","0.965926","1.0","0.0","0.999769","0.021516","0","0","1","1","18.1","78","7.2","86","13.3","1009.7","0","14.2","2","","0.0","0.0","","","0.3","0","46","pm25","78","17","13","54","5","4","0","Good","19.2833","15.6522","60.84","0","","","","46.0","46.0","46.0","46.0","46.0","0.0","46.0","46.0","46.0","0.0","0.0","0.0","46","0","78","78","0","0","0"
"2026-03-31T02:00:00+00:00","Lahore","2","1","3","90","0.5","0.866025","1.0","0.0","0.999769","0.021516","0","0","1","1","19.1","74","8.0","70","16.2","1010.1","0","14.5","100","","0.0","0.0","","","0.4","3","46","pm25","78","17","13","54","5","4","0","Good","16.965","17.3913","57.72","0","","","","46.0","46.0","46.0","46.0","46.0","0.0","46.0","46.0","46.0","0.0","0.0","0.0","46","0","78","78","0","0","0"
"2026-03-31T03:00:00+00:00","Lahore","3","1","3","90","0.707107","0.707107","1.0","0.0","0.999769","0.021516","0","0","1","1","21.7","65","2.8","50","16.2","1010.9","0","14.9","100","","0.0","0.0","","","1.2","3","46","pm25","78","17","13","54","5","4","0","Good","45.9643","6.087","50.7","0","","","","46.0","46.0","46.0","46.0","46.0","0.0","46.0","46.0","46.0","0.0","0.0","0.0","46","0","78","78","0","0","0"
"2026-03-31T04:00:00+00:00","Lahore","4","1","3","90","0.866025","0.5","1.0","0.0","0.999769","0.021516","0","0","1","1","24.1","58","2.4","27","13.7","1011.4","0","15.2","88","","0.0","0.0","","","1.4","3","46","pm25","78","17","13","54","5","4","0","Good","51.35","5.2174","45.24","0","","","","46.0","46.0","46.0","46.0","46.0","0.0","46.0","46.0","46.0","0.0","0.0","0.0","46","0","78","78","0","0","0"
"2026-03-31T05:00:00+00:00","Lahore","5","1","3","90","0.965926","0.258819","1.0","0.0","0.999769","0.021516","0","0","1","1","27.1","49","3.9","66","17.3","1011.3","0","15.6","100","","0.0","0.0","27.45","","1.6","3","46","pm25","78","17","13","54","5","4","0","Good","29.8","8.4783","38.22","0","","","","46.0","46.0","46.0","46.0","46.0","0.0","46.0","46.0","46.0","0.0","0.0","0.0","46","0","78","78","0","0","0"
"2026-03-31T06:00:00+00:00","Lahore","6","1","3","90","1.0","0.0","1.0","0.0","0.999769","0.021516","0","0","0","1","28.9","43","2.3","29","17.6","1011.2","0","14.9","93","","0.0","0.0","28.78","","2.1","3","46","pm25","78","17","13","54","5","4","0","Good","48.4957","5.0","33.54","0","","","","46.0","46.0","46.0","46.0","46.0","0.0","46.0","46.0","46.0","0.0","0.0","0.0","46","0","78","78","0","0","0"
"2026-03-31T07:00:00+00:00","Lahore","7","1","3","90","0.965926","-0.258819","1.0","0.0","0.999769","0.021516","0","1","0","1","30.6","32","1.8","90","18.7","1010.6","0","11.9","93","","0.0","0.0","29.51","","1.1","3","46","pm25","78","17","13","54","5","4","0","Good","57.2","3.913","24.96","0","","","","46.0","46.0","46.0","46.0","46.0","0.0","46.0","46.0","46.0","0.0","0.0","0.0","46","0","78","78","0","0","0"
"2026-03-31T08:00:00+00:00","Lahore","8","1","3","90","0.866025","-0.5","1.0","0.0","0.999769","0.021516","0","1","0","1","31.2","29","8.8","12","27.7","1009.6","0","10.9","98","","0.0","0.0","29.85","","0.0","3","46","pm25","78","17","13","54","5","4","0","Good","11.4341","19.1304","22.62","0","","","","46.0","46.0","46.0","46.0","46.0","0.0","46.0","46.0","46.0","0.0","0.0","0.0","46","0","78","78","0","0","0"
"2026-03-31T09:00:00+00:00","Lahore","9","1","3","90","0.707107","-0.707107","1.0","0.0","0.999769","0.021516","0","1","0","1","28.8","36","12.2","20","30.2","1009.1","0","12.1","98","","0.6","0.6","28.09","","-1.2","53","46","pm25","78","17","13","54","5","4","0","Good","8.6951","26.5217","28.08","0","","","","46.0","46.0","46.0","46.0","46.0","0.0","46.0","46.0","46.0","0.0","0.0","0.0","46","0","78","78","0","0","0"
"2026-03-31T10:00:00+00:00","Lahore","10","1","3","90","0.5","-0.866025","1.0","0.0","0.999769","0.021516","0","0","0","1","28.8","30","11.7","17","32.0","1008.5","0","9.2","83","","0.0","0.0","27.71","","-2.0","3","46","pm25","78","17","13","54","5","4","0","Good","8.6667","25.4348","23.4","0","","","","46.0","46.0","46.0","46.0","46.0","0.0","46.0","46.0","46.0","0.0","0.0","0.0","46","0","78","78","0","0","0"
"2026-03-31T11:00:00+00:00","Lahore","11","1","3","90","0.258819","-0.965926","1.0","0.0","0.999769","0.021516","0","0","0","1","29.3","29","3.7","43","29.2","1008.5","0","9.2","100","","0.0","0.0","28.07","","-0.8","3","46","pm25","78","17","13","54","5","4","0","Good","27.1946","8.0435","22.62","0","","","","46.0","46.0","46.0","46.0","46.0","0.0","46.0","46.0","46.0","0.0","0.0","0.0","46","0","78","78","0","0","0"
"2026-03-31T12:00:00+00:00","Lahore","12","1","3","90","0.0","-1.0","1.0","0.0","0.999769","0.021516","0","0","0","1","29.6","23","4.8","299","14.4","1007.0","0","6.6","57","","0.0","0.0","28.02","","-1.6","2","46","pm25","78","17","13","54","5","4","0","Good","19.9875","10.4348","17.94","0","","","","46.0","46.0","46.0","46.0","46.0","0.0","46.0","46.0","46.0","0.0","0.0","0.0","46","0","78","78","0","0","0"
"2026-03-31T13:00:00+00:00","Lahore","13","1","3","90","-0.258819","-0.965926","1.0","0.0","0.999769","0.021516","0","0","0","1","28.5","28","3.4","96","12.2","1007.5","0","8.1","99","","0.1","0.1","27.37","","-1.0","51","46","pm25","78","17","13","54","5","4","0","Good","29.3647","7.3913","21.84","0","","","","46.0","46.0","46.0","46.0","46.0","0.0","46.0","46.0","46.0","0.0","0.0","0.0","46","0","78","78","0","0","0"
"2026-03-31T14:00:00+00:00","Lahore","14","1","3","90","-0.5","-0.866025","1.0","0.0","0.999769","0.021516","0","0","0","1","26.8","36","7.1","137","12.6","1008.6","0","10.4","100","","0.0","0.0","","","-0.9","3","46","pm25","78","17","13","54","5","4","0","Good","14.9408","15.4348","28.08","0","","","","46.0","46.0","46.0","46.0","46.0","0.0","46.0","46.0","46.0","0.0","0.0","0.0","46","0","78","78","0","0","0"
"2026-03-31T15:00:00+00:00","Lahore","15","1","3","90","-0.707107","-0.707107","1.0","0.0","0.999769","0.021516","0","0","0","1","25.8","40","7.9","168","13.7","1009.2","0","11.2","100","","0.0","0.0","","","-0.8","3","46","pm25","78","17","13","54","5","4","0","Good","13.8228","17.1739","31.2","0","","","","46.0","46.0","46.0","46.0","46.0","0.0","46.0","46.0","46.0","0.0","0.0","0.0","46","0","78","78","0","0","0"
"2026-03-31T16:00:00+00:00","Lahore","16","1","3","90","-0.866025","-0.5","1.0","0.0","0.999769","0.021516","0","0","0","1","24.1","46","8.2","171","15.8","1010.3","0","11.9","11","","0.0","0.0","","","-0.6","0","46","pm25","78","17","13","54","5","4","0","Good","13.8878","17.8261","35.88","0","","","","46.0","46.0","46.0","46.0","46.0","0.0","46.0","46.0","46.0","0.0","0.0","0.0","46","0","78","78","0","0","0"
"2026-03-31T17:00:00+00:00","Lahore","17","1","3","90","-0.965926","-0.258819","1.0","0.0","0.999769","0.021516","0","1","0","1","22.8","52","6.5","148","15.1","1011.0","0","12.5","19","","0.0","0.0","","","-0.2","0","46","pm25","78","17","13","54","5","4","0","Good","18.24","14.1304","40.56","0","","","","46.0","46.0","46.0","46.0","46.0","0.0","46.0","46.0","46.0","0.0","0.0","0.0","46","0","78","78","0","0","0"
"2026-03-31T18:00:00+00:00","Lahore","18","1","3","90","-1.0","-0.0","1.0","0.0","0.999769","0.021516","0","1","0","1","22.8","63","11.4","175","13.0","1011.4","0","15.3","98","","0.0","0.0","","","0.1","3","46","pm25","78","17","13","54","5","4","0","Good","11.1526","24.7826","49.14","0","","","","46.0","46.0","46.0","46.0","46.0","0.0","46.0","46.0","46.0","0.0","0.0","0.0","46","0","78","78","0","0","0"
"2026-03-31T19:00:00+00:00","Lahore","19","1","3","90","-0.965926","0.258819","1.0","0.0","0.999769","0.021516","0","1","0","1","22.3","63","6.3","200","22.0","1011.4","0","14.9","67","","0.0","0.0","","","0.7","2","46","pm25","78","17","13","54","5","4","0","Good","20.181","13.6957","49.14","0","","","","46.0","46.0","46.0","46.0","46.0","0.0","46.0","46.0","46.0","0.0","0.0","0.0","46","0","78","78","0","0","0"
"2026-03-31T20:00:00+00:00","Lahore","20","1","3","90","-0.866025","0.5","1.0","0.0","0.999769","0.021516","0","0","0","1","21.7","66","3.6","233","12.2","1011.0","0","15.1","0","","0.0","0.0","","","1.2","0","46","pm25","78","17","13","54","5","4","0","Good","35.9667","7.8261","51.48","0","","","","46.0","46.0","46.0","46.0","46.0","0.0","46.0","46.0","46.0","0.0","0.0","0.0","46","0","78","78","0","0","0"
"2026-03-31T21:00:00+00:00","Lahore","21","1","3","90","-0.707107","0.707107","1.0","0.0","0.999769","0.021516","0","0","0","1","21.1","70","0.3","45","6.5","1010.6","0","15.4","0","","0.0","0.0","","","1.8","0","46","pm25","78","17","13","54","5","4","0","Good","442.0","0.6522","54.6","0","","","","46.0","46.0","46.0","46.0","46.0","0.0","46.0","46.0","46.0","0.0","0.0","0.0","46","0","78","78","0","0","0"
"2026-03-31T22:00:00+00:00","Lahore","22","1","3","90","-0.5","0.866025","1.0","0.0","0.999769","0.021516","0","0","1","1","20.1","72","4.5","53","8.3","1010.6","0","14.9","63","","0.0","0.0","","","1.0","2","46","pm25","78","17","13","54","5","4","0","Good","29.8133","9.7826","56.16","0","","","","46.0","46.0","46.0","46.0","46.0","0.0","46.0","46.0","46.0","0.0","0.0","0.0","46","0","78","78","0","0","0"
"2026-03-31T23:00:00+00:00","Lahore","23","1","3","90","-0.258819","0.965926","1.0","0.0","0.999769","0.021516","0","0","1","1","19.5","72","9.4","77","18.7","1011.1","0","14.3","82","","0.0","0.0","","","0.1","3","46","pm25","78","17","13","54","5","4","0","Good","14.2723","20.4348","56.16","0","","","","46.0","46.0","46.0","46.0","46.0","0.0","46.0","46.0","46.0","0.0","0.0","0.0","46","0","78","78","0","0","0"
"2026-04-01T00:00:00+00:00","Lahore","0","2","4","91","0.0","1.0","0.866025","-0.5","0.999991","0.004304","0","0","1","1","18.4","76","6.3","51","18.4","1011.0","0","14.1","52","","0.0","0.0","","","0.4","2","45","pm25","61","21","8","51","7","1","0","Good","17.0413","14.0","46.36","0","","","","46.0","46.0","46.0","46.0","46.0","0.0","46.0","46.0","46.0","0.0","0.0","0.0","45","0","61","61","0","0","0"
"2026-04-01T01:00:00+00:00","Lahore","1","2","4","91","0.258819","0.965926","0.866025","-0.5","0.999991","0.004304","0","0","1","1","18.1","78","4.1","61","13.3","1011.3","0","14.2","100","","0.0","0.0","","","0.8","3","45","pm25","61","21","8","51","7","1","0","Good","26.4829","9.1111","47.58","0","","","","45.0","46.0","46.0","46.0","45.67","0.47","45.83","45.96","46.0","-1.0","-0.1667","-0.0417","45","0","61","61","0","0","0"
"2026-04-01T02:00:00+00:00","Lahore","2","2","4","91","0.5","0.866025","0.866025","-0.5","0.999991","0.004304","0","0","1","1","19.2","73","3.8","31","8.6","1012.0","0","14.3","100","","0.0","0.0","","","0.9","3","45","pm25","61","21","8","51","7","1","0","Good","27.7711","8.4444","44.53","0","","","","45.0","46.0","46.0","46.0","45.33","0.47","45.67","45.92","46.0","0.0","-0.1667","-0.0417","45","0","61","61","0","0","0"
"2026-04-01T03:00:00+00:00","Lahore","3","2","4","91","0.707107","0.707107","0.866025","-0.5","0.999991","0.004304","0","0","1","1","21.9","62","2.4","351","10.1","1012.5","0","14.2","100","","0.0","0.0","","","1.0","3","45","pm25","61","21","8","51","7","1","0","Good","41.175","5.3333","37.82","0","","","","45.0","45.0","46.0","46.0","45.0","0.0","45.5","45.88","46.0","0.0","-0.1667","-0.0417","45","0","61","61","0","0","0"
"2026-04-01T04:00:00+00:00","Lahore","4","2","4","91","0.866025","0.5","0.866025","-0.5","0.999991","0.004304","0","0","1","1","24.2","52","4.4","7","15.1","1013.0","0","13.6","99","","0.0","0.0","","","0.5","3","45","pm25","61","21","8","51","7","1","0","Good","21.0727","9.7778","31.72","0","","","","45.0","45.0","46.0","46.0","45.0","0.0","45.33","45.83","46.0","0.0","-0.1667","-0.0417","45","0","61","61","0","0","0"
"2026-04-01T05:00:00+00:00","Lahore","5","2","4","91","0.965926","0.258819","0.866025","-0.5","0.999991","0.004304","0","0","1","1","26.6","41","4.1","34","16.9","1013.1","0","12.2","87","","0.0","0.0","","","0.1","3","45","pm25","61","21","8","51","7","1","0","Good","20.978","9.1111","25.01","0","","","","45.0","45.0","46.0","46.0","45.0","0.0","45.17","45.79","46.0","0.0","-0.1667","-0.0417","45","0","61","61","0","0","0"
"2026-04-01T06:00:00+00:00","Lahore","6","2","4","91","1.0","0.0","0.866025","-0.5","0.999991","0.004304","0","0","0","1","27.8","38","6.4","43","20.2","1013.6","0","12.1","60","","0.0","0.0","27.37","","0.8","2","45","pm25","61","21","8","51","7","1","0","Good","13.1531","14.2222","23.18","0","","","","45.0","45.0","45.0","46.0","45.0","0.0","45.0","45.75","46.0","0.0","0.0","-0.0417","45","0","61","61","0","0","0"
"2026-04-01T07:00:00+00:00","Lahore","7","2","4","91","0.965926","-0.258819","0.866025","-0.5","0.999991","0.004304","0","1","0","1","29.5","32","5.3","55","22.7","1013.0","0","10.9","83","","0.0","0.0","28.44","","1.1","3","45","pm25","61","21","8","51","7","1","0","Good","15.1925","11.7778","19.52","0","","","","45.0","45.0","45.0","46.0","45.0","0.0","45.0","45.71","46.0","0.0","0.0","-0.0417","45","0","61","61","0","0","0"
"2026-04-01T08:00:00+00:00","Lahore","8","2","4","91","0.866025","-0.5","0.866025","-0.5","0.999991","0.004304","0","1","0","1","30.5","29","4.6","69","21.2","1012.0","0","10.4","91","","0.0","0.0","29.15","","1.3","3","45","pm25","61","21","8","51","7","1","0","Good","17.1065","10.2222","17.69","0","","","","45.0","45.0","45.0","46.0","45.0","0.0","45.0","45.67","46.0","0.0","0.0","-0.0417","45","0","61","61","0","0","0"
"2026-04-01T09:00:00+00:00","Lahore","9","2","4","91","0.707107","-0.707107","0.866025","-0.5","0.999991","0.004304","0","1","0","1","31.1","28","5.2","68","20.9","1010.8","0","10.4","98","","0.0","0.0","29.66","","0.6","3","45","pm25","61","21","8","51","7","1","0","Good","15.0154","11.5556","17.08","0","","","","45.0","45.0","45.0","46.0","45.0","0.0","45.0","45.62","46.0","0.0","0.0","-0.0417","45","0","61","61","0","0","0"
"2026-04-01T10:00:00+00:00","Lahore","10","2","4","91","0.5","-0.866025","0.866025","-0.5","0.999991","0.004304","0","0","0","1","31.2","28","5.6","57","20.9","1009.6","0","10.4","91","","0.0","0.0","29.76","","-0.1","3","45","pm25","61","21","8","51","7","1","0","Good","13.9429","12.4444","17.08","0","","","","45.0","45.0","45.0","46.0","45.0","0.0","45.0","45.58","46.0","0.0","0.0","-0.0417","45","0","61","61","0","0","0"
"2026-04-01T11:00:00+00:00","Lahore","11","2","4","91","0.258819","-0.965926","0.866025","-0.5","0.999991","0.004304","0","0","0","1","30.8","28","6.2","57","20.9","1008.7","0","10.2","57","","0.0","0.0","29.36","","-0.8","2","45","pm25","61","21","8","51","7","1","0","Good","12.5935","13.7778","17.08","0","","","","45.0","45.0","45.0","46.0","45.0","0.0","45.0","45.54","46.0","0.0","0.0","-0.0417","45","0","61","61","0","0","0"
"2026-04-01T12:00:00+00:00","Lahore","12","2","4","91","0.0","-1.0","0.866025","-0.5","0.999991","0.004304","0","0","0","1","29.7","29","6.3","70","20.2","1009.2","0","9.6","100","","0.0","0.0","28.41","","-1.0","3","45","pm25","61","21","8","51","7","1","0","Good","12.4905","14.0","17.69","0","","","","45.0","45.0","45.0","46.0","45.0","0.0","45.0","45.5","46.0","0.0","0.0","-0.0417","45","0","61","61","0","0","0"
"2026-04-01T13:00:00+00:00","Lahore","13","2","4","91","-0.258819","-0.965926","0.866025","-0.5","0.999991","0.004304","0","0","0","1","28.9","31","9.9","78","21.2","1009.5","0","10.0","100","","0.0","0.0","27.85","","-1.5","3","45","pm25","61","21","8","51","7","1","0","Good","8.0717","22.0","18.91","0","","","","45.0","45.0","45.0","46.0","45.0","0.0","45.0","45.46","46.0","0.0","0.0","-0.0417","45","0","61","61","0","0","0"
"2026-04-01T14:00:00+00:00","Lahore","14","2","4","91","-0.5","-0.866025","0.866025","-0.5","0.999991","0.004304","0","0","0","1","27.9","34","9.3","75","21.6","1010.0","0","10.8","100","","0.0","0.0","27.22","","-1.2","3","45","pm25","61","21","8","51","7","1","0","Good","8.7892","20.6667","20.74","0","","","","45.0","45.0","45.0","46.0","45.0","0.0","45.0","45.42","46.0","0.0","0.0","-0.0417","45","0","61","61","0","0","0"
"2026-04-01T15:00:00+00:00","Lahore","15","2","4","91","-0.707107","-0.707107","0.866025","-0.5","0.999991","0.004304","0","0","0","1","26.8","38","6.6","57","17.6","1010.3","0","11.4","100","","0.0","0.0","","","-0.6","3","45","pm25","61","21","8","51","7","1","0","Good","12.7545","14.6667","23.18","0","","","","45.0","45.0","45.0","46.0","45.0","0.0","45.0","45.38","46.0","0.0","0.0","-0.0417","45","0","61","61","0","0","0"
"2026-04-01T16:00:00+00:00","Lahore","16","2","4","91","-0.866025","-0.5","0.866025","-0.5","0.999991","0.004304","0","0","0","1","25.8","42","5.4","48","12.2","1011.1","0","11.9","99","","0.0","0.0","","","-0.2","3","45","pm25","61","21","8","51","7","1","0","Good","16.0407","12.0","25.62","0","","","","45.0","45.0","45.0","46.0","45.0","0.0","45.0","45.33","46.0","0.0","0.0","-0.0417","45","0","61","61","0","0","0"
"2026-04-01T17:00:00+00:00","Lahore","17","2","4","91","-0.965926","-0.258819","0.866025","-0.5","0.999991","0.004304","0","1","0","1","24.8","45","5.2","56","10.1","1011.0","0","12.0","100","","0.0","0.0","","","-0.2","3","45","pm25","61","21","8","51","7","1","0","Good","17.0096","11.5556","27.45","0","","","","45.0","45.0","45.0","46.0","45.0","0.0","45.0","45.29","46.0","0.0","0.0","-0.0417","45","0","61","61","0","0","0"
"2026-04-01T18:00:00+00:00","Lahore","18","2","4","91","-1.0","-0.0","0.866025","-0.5","0.999991","0.004304","0","1","0","1","24.2","54","4.2","50","9.4","1010.8","0","14.4","100","","0.0","0.0","","","0.9","3","45","pm25","61","21","8","51","7","1","0","Good","22.3667","9.3333","32.94","0","","","","45.0","45.0","45.0","46.0","45.0","0.0","45.0","45.25","46.0","0.0","0.0","-0.0417","45","0","61","61","0","0","0"
"2026-04-01T19:00:00+00:00","Lahore","19","2","4","91","-0.965926","0.258819","0.866025","-0.5","0.999991","0.004304","0","1","0","1","24.2","53","6.8","42","12.2","1010.7","0","14.1","98","","0.0","0.0","","","0.4","3","45","pm25","61","21","8","51","7","1","0","Good","13.725","15.1111","32.33","0","","","","45.0","45.0","45.0","46.0","45.0","0.0","45.0","45.21","46.0","0.0","0.0","-0.0417","45","0","61","61","0","0","0"
"2026-04-01T20:00:00+00:00","Lahore","20","2","4","91","-0.866025","0.5","0.866025","-0.5","0.999991","0.004304","0","0","0","1","23.6","55","8.0","46","15.1","1010.4","0","13.9","100","","0.0","0.0","","","0.1","3","45","pm25","61","21","8","51","7","1","0","Good","11.8187","17.7778","33.55","0","","","","45.0","45.0","45.0","46.0","45.0","0.0","45.0","45.17","46.0","0.0","0.0","-0.0417","45","0","61","61","0","0","0"
"2026-04-01T21:00:00+00:00","Lahore","21","2","4","91","-0.707107","0.707107","0.866025","-0.5","0.999991","0.004304","0","0","0","1","23.0","57","7.4","39","14.8","1010.0","0","14.0","100","","0.0","0.0","","","0.2","3","45","pm25","61","21","8","51","7","1","0","Good","12.9419","16.4444","34.77","0","","","","45.0","45.0","45.0","46.0","45.0","0.0","45.0","45.12","46.0","0.0","0.0","-0.0417","45","0","61","61","0","0","0"
"2026-04-01T22:00:00+00:00","Lahore","22","2","4","91","-0.5","0.866025","0.866025","-0.5","0.999991","0.004304","0","0","1","1","23.2","56","7.7","37","16.2","1009.8","0","14.1","93","","0.0","0.0","","","0.2","3","45","pm25","61","21","8","51","7","1","0","Good","12.3584","17.1111","34.16","0","","","","45.0","45.0","45.0","46.0","45.0","0.0","45.0","45.08","46.0","0.0","0.0","-0.0417","45","0","61","61","0","0","0"
"2026-04-01T23:00:00+00:00","Lahore","23","2","4","91","-0.258819","0.965926","0.866025","-0.5","0.999991","0.004304","0","0","1","1","22.0","61","4.4","52","14.4","1009.8","0","14.1","71","","0.0","0.0","","","0.8","2","45","pm25","61","21","8","51","7","1","0","Good","22.3205","9.7778","37.21","0","","","","45.0","45.0","45.0","46.0","45.0","0.0","45.0","45.04","46.0","0.0","0.0","-0.0417","45","0","61","61","0","0","0"
"2026-04-02T00:00:00+00:00","Lahore","0","3","4","92","0.0","1.0","0.866025","-0.5","0.999917","-0.01291","0","0","1","1","21.5","66","1.5","21","8.3","1009.7","0","14.8","12","","0.0","0.0","","","1.3","0","43","pm25","85","16","4","50","7","4","0","Good","94.0667","3.4884","56.1","0","","","","45.0","45.0","45.0","45.0","45.0","0.0","45.0","45.0","45.0","0.0","0.0","0.0","43","0","85","85","0","0","0"
"2026-04-02T01:00:00+00:00","Lahore","1","3","4","92","0.258819","0.965926","0.866025","-0.5","0.999917","-0.01291","0","0","1","1","20.9","68","2.3","331","4.0","1010.1","0","14.8","51","","0.0","0.0","","","1.2","2","43","pm25","85","16","4","50","7","4","0","Good","62.087","5.3488","57.8","0","","","","43.0","45.0","45.0","45.0","44.33","0.94","44.67","44.92","45.0","-2.0","-0.3333","-0.0833","43","0","85","85","0","0","0"
"2026-04-02T02:00:00+00:00","Lahore","2","3","4","92","0.5","0.866025","0.866025","-0.5","0.999917","-0.01291","0","0","1","1","22.2","63","3.6","33","7.6","1010.8","0","14.8","99","","0.0","0.0","","","1.1","3","43","pm25","85","16","4","50","7","4","0","Good","38.4861","8.3721","53.55","0","","","","43.0","45.0","45.0","45.0","43.67","0.94","44.33","44.83","45.0","0.0","-0.3333","-0.0833","43","0","85","85","0","0","0"
"2026-04-02T03:00:00+00:00","Lahore","3","3","4","92","0.707107","0.707107","0.866025","-0.5","0.999917","-0.01291","0","0","1","1","24.5","55","2.4","36","10.1","1011.3","0","15.0","80","","0.0","0.0","","","1.3","3","43","pm25","85","16","4","50","7","4","0","Good","54.8958","5.5814","46.75","0","","","","43.0","43.0","45.0","45.0","43.0","0.0","44.0","44.75","45.0","0.0","-0.3333","-0.0833","43","0","85","85","0","0","0"
"2026-04-02T04:00:00+00:00","Lahore","4","3","4","92","0.866025","0.5","0.866025","-0.5","0.999917","-0.01291","0","0","1","1","27.3","46","2.7","53","13.0","1011.6","0","14.6","40","","0.0","0.0","27.44","","1.1","1","43","pm25","85","16","4","50","7","4","0","Good","45.963","6.2791","39.1","0","","","","43.0","43.0","45.0","45.0","43.0","0.0","43.67","44.67","45.0","0.0","-0.3333","-0.0833","43","0","85","85","0","0","0"
"2026-04-02T05:00:00+00:00","Lahore","5","3","4","92","0.965926","0.258819","0.866025","-0.5","0.999917","-0.01291","0","0","1","1","30.2","34","4.1","67","16.9","1011.9","0","12.5","97","","0.0","0.0","29.28","","0.4","3","43","pm25","85","16","4","50","7","4","0","Good","27.7805","9.5349","28.9","0","","","","43.0","43.0","45.0","45.0","43.0","0.0","43.33","44.58","45.0","0.0","-0.3333","-0.0833","43","0","85","85","0","0","0"
"2026-04-02T06:00:00+00:00","Lahore","6","3","4","92","1.0","0.0","0.866025","-0.5","0.999917","-0.01291","0","0","0","1","31.2","28","3.6","60","20.2","1011.9","0","10.8","92","","0.0","0.0","29.76","","-0.3","3","43","pm25","85","16","4","50","7","4","0","Good","30.2222","8.3721","23.8","0","","","","43.0","43.0","43.0","45.0","43.0","0.0","43.0","44.5","45.0","0.0","0.0","-0.0833","43","0","85","85","0","0","0"
"2026-04-02T07:00:00+00:00","Lahore","7","3","4","92","0.965926","-0.258819","0.866025","-0.5","0.999917","-0.01291","0","1","0","1","33.2","24","4.8","79","20.5","1011.2","0","10.0","98","","0.0","0.0","31.49","","1.0","3","43","pm25","85","16","4","50","7","4","0","Good","21.9583","11.1628","20.4","0","","","","43.0","43.0","43.0","45.0","43.0","0.0","43.0","44.42","45.0","0.0","0.0","-0.0833","43","0","85","85","0","0","0"
"2026-04-02T08:00:00+00:00","Lahore","8","3","4","92","0.866025","-0.5","0.866025","-0.5","0.999917","-0.01291","0","1","0","1","34.2","21","5.2","70","21.2","1010.1","0","9.0","91","","0.0","0.0","32.27","","0.6","3","43","pm25","85","16","4","50","7","4","0","Good","19.7788","12.093","17.85","0","","","","43.0","43.0","43.0","45.0","43.0","0.0","43.0","44.33","45.0","0.0","0.0","-0.0833","43","0","85","85","0","0","0"
"2026-04-02T09:00:00+00:00","Lahore","9","3","4","92","0.707107","-0.707107","0.866025","-0.5","0.999917","-0.01291","0","1","0","1","34.4","20","6.2","69","21.6","1008.8","0","8.4","95","","0.0","0.0","32.39","","-0.2","3","43","pm25","85","16","4","50","7","4","0","Good","16.4516","14.4186","17.0","0","","","","43.0","43.0","43.0","45.0","43.0","0.0","43.0","44.25","45.0","0.0","0.0","-0.0833","43","0","85","85","0","0","0"
"2026-04-02T10:00:00+00:00","Lahore","10","3","4","92","0.5","-0.866025","0.866025","-0.5","0.999917","-0.01291","0","0","0","1","34.1","19","7.7","66","23.8","1007.9","0","7.2","92","","0.0","0.0","31.98","","-1.8","3","43","pm25","85","16","4","50","7","4","0","Good","13.1364","17.907","16.15","0","","","","43.0","43.0","43.0","45.0","43.0","0.0","43.0","44.17","45.0","0.0","0.0","-0.0833","43","0","85","85","0","0","0"
"2026-04-02T11:00:00+00:00","Lahore","11","3","4","92","0.258819","-0.965926","0.866025","-0.5","0.999917","-0.01291","0","0","0","1","33.9","19","8.1","93","22.7","1007.6","0","7.1","98","","0.0","0.0","31.77","","-1.9","3","43","pm25","85","16","4","50","7","4","0","Good","12.4877","18.8372","16.15","0","","","","43.0","43.0","43.0","45.0","43.0","0.0","43.0","44.08","45.0","0.0","0.0","-0.0833","43","0","85","85","0","0","0"
"2026-04-02T12:00:00+00:00","Lahore","12","3","4","92","0.0","-1.0","0.866025","-0.5","0.999917","-0.01291","0","0","0","1","33.4","18","7.4","51","24.1","1007.0","0","5.8","85","","0.0","0.0","31.2","","-2.1","3","43","pm25","85","16","4","50","7","4","0","Good","13.5541","17.2093","15.3","0","","","","43.0","43.0","43.0","45.0","43.0","0.0","43.0","44.0","45.0","0.0","0.0","-0.0833","43","0","85","85","0","0","0"
"2026-04-02T13:00:00+00:00","Lahore","13","3","4","92","-0.258819","-0.965926","0.866025","-0.5","0.999917","-0.01291","0","0","0","1","31.5","26","13.3","58","27.0","1007.1","0","9.6","100","","0.0","0.0","29.9","","-2.1","3","43","pm25","85","16","4","50","7","4","0","Good","8.0526","30.9302","22.1","0","","","","43.0","43.0","43.0","45.0","43.0","0.0","43.0","43.92","45.0","0.0","0.0","-0.0833","43","0","85","85","0","0","0"
"2026-04-02T14:00:00+00:00","Lahore","14","3","4","92","-0.5","-0.866025","0.866025","-0.5","0.999917","-0.01291","0","0","0","1","29.4","31","12.0","72","29.9","1007.6","0","10.6","96","","0.0","0.0","28.28","","-1.6","3","43","pm25","85","16","4","50","7","4","0","Good","9.2792","27.907","26.35","0","","","","43.0","43.0","43.0","45.0","43.0","0.0","43.0","43.83","45.0","0.0","0.0","-0.0833","43","0","85","85","0","0","0"
"2026-04-02T15:00:00+00:00","Lahore","15","3","4","92","-0.707107","-0.707107","0.866025","-0.5","0.999917","-0.01291","0","0","0","1","28.4","34","11.5","56","23.4","1007.9","0","11.1","95","","0.0","0.0","27.62","","-1.3","3","43","pm25","85","16","4","50","7","4","0","Good","9.9043","26.7442","28.9","0","","","","43.0","43.0","43.0","45.0","43.0","0.0","43.0","43.75","45.0","0.0","0.0","-0.0833","43","0","85","85","0","0","0"
"2026-04-02T16:00:00+00:00","Lahore","16","3","4","92","-0.866025","-0.5","0.866025","-0.5","0.999917","-0.01291","0","0","0","1","27.4","37","5.7","77","22.3","1008.4","0","11.4","97","","0.0","0.0","27.0","","-0.4","3","43","pm25","85","16","4","50","7","4","0","Good","20.4298","13.2558","31.45","0","","","","43.0","43.0","43.0","45.0","43.0","0.0","43.0","43.67","45.0","0.0","0.0","-0.0833","43","0","85","85","0","0","0"
"2026-04-02T17:00:00+00:00","Lahore","17","3","4","92","-0.965926","-0.258819","0.866025","-0.5","0.999917","-0.01291","0","1","0","1","26.5","42","1.7","148","9.7","1008.6","0","12.4","100","","0.0","0.0","","","0.4","3","43","pm25","85","16","4","50","7","4","0","Good","71.0","3.9535","35.7","0","","","","43.0","43.0","43.0","45.0","43.0","0.0","43.0","43.58","45.0","0.0","0.0","-0.0833","43","0","85","85","0","0","0"
"2026-04-02T18:00:00+00:00","Lahore","18","3","4","92","-1.0","-0.0","0.866025","-0.5","0.999917","-0.01291","0","1","0","1","26.9","47","3.6","90","3.2","1008.1","0","14.6","100","","0.0","0.0","","","1.0","3","43","pm25","85","16","4","50","7","4","0","Good","34.7083","8.3721","39.95","0","","","","43.0","43.0","43.0","45.0","43.0","0.0","43.0","43.5","45.0","0.0","0.0","-0.0833","43","0","85","85","0","0","0"
"2026-04-02T19:00:00+00:00","Lahore","19","3","4","92","-0.965926","0.258819","0.866025","-0.5","0.999917","-0.01291","0","1","0","1","26.7","46","8.8","75","15.8","1007.5","0","14.2","100","","0.0","0.0","","","0.1","3","43","pm25","85","16","4","50","7","4","0","Good","14.1023","20.4651","39.1","0","","","","43.0","43.0","43.0","45.0","43.0","0.0","43.0","43.42","45.0","0.0","0.0","-0.0833","43","0","85","85","0","0","0"
"2026-04-02T20:00:00+00:00","Lahore","20","3","4","92","-0.866025","0.5","0.866025","-0.5","0.999917","-0.01291","0","0","0","1","26.0","48","8.9","104","17.6","1007.5","0","14.3","100","","0.0","0.0","","","0.1","3","43","pm25","85","16","4","50","7","4","0","Good","14.1348","20.6977","40.8","0","","","","43.0","43.0","43.0","45.0","43.0","0.0","43.0","43.33","45.0","0.0","0.0","-0.0833","43","0","85","85","0","0","0"
"2026-04-02T21:00:00+00:00","Lahore","21","3","4","92","-0.707107","0.707107","0.866025","-0.5","0.999917","-0.01291","0","0","0","1","24.9","53","8.0","115","16.2","1007.0","0","14.8","100","","0.0","0.0","","","0.4","3","43","pm25","85","16","4","50","7","4","0","Good","16.2563","18.6047","45.05","0","","","","43.0","43.0","43.0","45.0","43.0","0.0","43.0","43.25","45.0","0.0","0.0","-0.0833","43","0","85","85","0","0","0"
"2026-04-02T22:00:00+00:00","Lahore","22","3","4","92","-0.5","0.866025","0.866025","-0.5","0.999917","-0.01291","0","0","1","1","24.1","58","1.2","129","13.7","1007.0","0","15.4","100","","0.0","0.0","","","1.7","3","43","pm25","85","16","4","50","7","4","0","Good","111.9167","2.7907","49.3","0","","","","43.0","43.0","43.0","45.0","43.0","0.0","43.0","43.17","45.0","0.0","0.0","-0.0833","43","0","85","85","0","0","0"
"2026-04-02T23:00:00+00:00","Lahore","23","3","4","92","-0.258819","0.965926","0.866025","-0.5","0.999917","-0.01291","0","0","1","1","23.6","61","1.8","101","5.4","1006.9","0","15.6","100","","0.0","0.0","","","1.6","3","43","pm25","85","16","4","50","7","4","0","Good","76.0278","4.186","51.85","0","","","","43.0","43.0","43.0","45.0","43.0","0.0","43.0","43.08","45.0","0.0","0.0","-0.0833","43","0","85","85","0","0","0"
"2026-04-03T00:00:00+00:00","Lahore","0","4","4","93","0.0","1.0","0.866025","-0.5","0.999546","-0.03012","0","0","1","1","23.6","62","9.9","168","13.7","1006.8","0","15.9","100","","0.0","0.0","","","0.6","3","52","pm25","78","29","11","60","5","0","1","Moderate","12.7636","19.0385","48.36","0","","","","43.0","43.0","43.0","43.0","43.0","0.0","43.0","43.0","43.0","0.0","0.0","0.0","52","1","78","78","1","1","0"
"2026-04-03T01:00:00+00:00","Lahore","1","4","4","93","0.258819","0.965926","0.866025","-0.5","0.999546","-0.03012","0","0","1","1","22.8","67","8.9","193","19.4","1007.1","0","16.2","100","","0.0","0.0","","","0.8","3","52","pm25","78","29","11","60","5","0","1","Moderate","14.636","17.1154","52.26","0","","","","52.0","43.0","43.0","43.0","46.0","4.24","44.5","43.38","52.0","9.0","1.5","0.375","52","1","78","78","1","1","1"
"2026-04-03T02:00:00+00:00","Lahore","2","4","4","93","0.5","0.866025","0.866025","-0.5","0.999546","-0.03012","0","0","1","1","23.0","67","6.4","212","20.5","1007.8","0","16.6","100","","0.0","0.0","","","1.4","3","52","pm25","78","29","11","60","5","0","1","Moderate","20.3531","12.3077","52.26","0","","","","52.0","43.0","43.0","43.0","49.0","4.24","46.0","43.75","52.0","0.0","1.5","0.375","52","1","78","78","1","1","0"
"2026-04-03T03:00:00+00:00","Lahore","3","4","4","93","0.707107","0.707107","0.866025","-0.5","0.999546","-0.03012","0","0","1","1","24.3","63","7.1","227","17.6","1008.5","0","16.8","100","","0.0","0.0","","","1.3","3","52","pm25","78","29","11","60","5","0","1","Moderate","17.907","13.6538","49.14","0","","","","52.0","52.0","43.0","43.0","52.0","0.0","47.5","44.12","52.0","0.0","1.5","0.375","52","1","78","78","1","1","0"
"2026-04-03T04:00:00+00:00","Lahore","4","4","4","93","0.866025","0.5","0.866025","-0.5","0.999546","-0.03012","0","0","1","1","25.1","58","13.2","223","31.0","1009.2","0","16.4","100","","0.0","0.0","","","0.3","3","52","pm25","78","29","11","60","5","0","1","Moderate","9.3364","25.3846","45.24","0","","","","52.0","52.0","43.0","43.0","52.0","0.0","49.0","44.5","52.0","0.0","1.5","0.375","52","1","78","78","1","1","0"
"2026-04-03T05:00:00+00:00","Lahore","5","4","4","93","0.965926","0.258819","0.866025","-0.5","0.999546","-0.03012","0","0","1","1","24.8","56","16.2","218","42.5","1010.9","0","15.4","100","","0.6","0.6","","","-0.5","53","52","pm25","78","29","11","60","5","0","1","Moderate","7.5111","31.1538","43.68","0","","","","52.0","52.0","43.0","43.0","52.0","0.0","50.5","44.88","52.0","0.0","1.5","0.375","52","1","78","78","1","1","0"
"2026-04-03T06:00:00+00:00","Lahore","6","4","4","93","1.0","0.0","0.866025","-0.5","0.999546","-0.03012","0","0","0","1","24.5","50","11.0","236","37.4","1010.5","0","13.4","100","","0.1","0.1","","","-0.5","51","52","pm25","78","29","11","60","5","0","1","Moderate","10.6364","21.1538","39.0","0","","","","52.0","52.0","52.0","43.0","52.0","0.0","52.0","45.25","52.0","0.0","0.0","0.375","52","1","78","78","1","1","0"
"2026-04-03T07:00:00+00:00","Lahore","7","4","4","93","0.965926","-0.258819","0.866025","-0.5","0.999546","-0.03012","0","1","0","1","26.9","42","5.4","146","25.6","1010.4","0","12.9","95","","0.0","0.0","","","0.8","3","52","pm25","78","29","11","60","5","0","1","Moderate","20.5111","10.3846","32.76","0","","","","52.0","52.0","52.0","43.0","52.0","0.0","52.0","45.62","52.0","0.0","0.0","0.375","52","1","78","78","1","1","0"
"2026-04-03T08:00:00+00:00","Lahore","8","4","4","93","0.866025","-0.5","0.866025","-0.5","0.999546","-0.03012","0","1","0","1","26.8","45","7.7","126","32.0","1010.2","0","13.8","96","","0.0","0.0","","","0.8","3","52","pm25","78","29","11","60","5","0","1","Moderate","14.6883","14.8077","35.1","0","","","","52.0","52.0","52.0","43.0","52.0","0.0","52.0","46.0","52.0","0.0","0.0","0.375","52","1","78","78","1","1","0"
"2026-04-03T09:00:00+00:00","Lahore","9","4","4","93","0.707107","-0.707107","0.866025","-0.5","0.999546","-0.03012","0","1","0","1","21.5","74","13.8","221","38.9","1010.5","0","16.8","64","","4.4","4.4","","","1.0","63","52","pm25","78","29","11","60","5","0","1","Moderate","9.8348","26.5385","57.72","0","","","","52.0","52.0","52.0","43.0","52.0","0.0","52.0","46.38","52.0","0.0","0.0","0.375","52","1","78","78","1","1","0"
"2026-04-03T10:00:00+00:00","Lahore","10","4","4","93","0.5","-0.866025","0.866025","-0.5","0.999546","-0.03012","0","0","0","1","23.1","64","10.5","65","31.3","1009.4","0","15.9","97","","0.0","0.0","","","0.6","3","52","pm25","78","29","11","60","5","0","1","Moderate","12.1829","20.1923","49.92","0","","","","52.0","52.0","52.0","43.0","52.0","0.0","52.0","46.75","52.0","0.0","0.0","0.375","52","1","78","78","1","1","0"
"2026-04-03T11:00:00+00:00","Lahore","11","4","4","93","0.258819","-0.965926","0.866025","-0.5","0.999546","-0.03012","0","0","0","1","20.2","78","16.2","75","38.9","1009.7","0","16.2","88","","0.5","0.5","","","-0.2","53","52","pm25","78","29","11","60","5","0","1","Moderate","8.5704","31.1538","60.84","0","","","","52.0","52.0","52.0","43.0","52.0","0.0","52.0","47.12","52.0","0.0","0.0","0.375","52","1","78","78","1","1","0"
"2026-04-03T12:00:00+00:00","Lahore","12","4","4","93","0.0","-1.0","0.866025","-0.5","0.999546","-0.03012","0","0","0","1","22.1","65","10.2","103","34.9","1008.5","0","15.2","80","","0.5","0.5","","","0.3","53","52","pm25","78","29","11","60","5","0","1","Moderate","12.6176","19.6154","50.7","0","","","","52.0","52.0","52.0","43.0","52.0","0.0","52.0","47.5","52.0","0.0","0.0","0.375","52","1","78","78","1","1","0"
"2026-04-03T13:00:00+00:00","Lahore","13","4","4","93","-0.258819","-0.965926","0.866025","-0.5","0.999546","-0.03012","0","0","0","1","21.3","71","10.5","117","23.8","1008.8","0","15.8","100","","0.2","0.2","","","0.4","51","52","pm25","78","29","11","60","5","0","1","Moderate","12.7029","20.1923","55.38","0","","","","52.0","52.0","52.0","43.0","52.0","0.0","52.0","47.88","52.0","0.0","0.0","0.375","52","1","78","78","1","1","0"
"2026-04-03T14:00:00+00:00","Lahore","14","4","4","93","-0.5","-0.866025","0.866025","-0.5","0.999546","-0.03012","0","0","0","1","20.5","76","9.6","116","21.2","1009.3","0","16.2","20","","0.0","0.0","","","0.8","1","52","pm25","78","29","11","60","5","0","1","Moderate","14.3","18.4615","59.28","0","","","","52.0","52.0","52.0","43.0","52.0","0.0","52.0","48.25","52.0","0.0","0.0","0.375","52","1","78","78","1","1","0"
"2026-04-03T15:00:00+00:00","Lahore","15","4","4","93","-0.707107","-0.707107","0.866025","-0.5","0.999546","-0.03012","0","0","0","1","19.8","79","12.2","124","24.8","1010.0","0","16.0","16","","0.0","0.0","","","0.3","0","52","pm25","78","29","11","60","5","0","1","Moderate","11.4443","23.4615","61.62","0","","","","52.0","52.0","52.0","43.0","52.0","0.0","52.0","48.62","52.0","0.0","0.0","0.375","52","1","78","78","1","1","0"
"2026-04-03T16:00:00+00:00","Lahore","16","4","4","93","-0.866025","-0.5","0.866025","-0.5","0.999546","-0.03012","0","0","0","1","19.5","80","11.8","119","24.1","1010.8","0","16.0","11","","0.0","0.0","","","0.4","0","52","pm25","78","29","11","60","5","0","1","Moderate","11.8983","22.6923","62.4","0","","","","52.0","52.0","52.0","43.0","52.0","0.0","52.0","49.0","52.0","0.0","0.0","0.375","52","1","78","78","1","1","0"
"2026-04-03T17:00:00+00:00","Lahore","17","4","4","93","-0.965926","-0.258819","0.866025","-0.5","0.999546","-0.03012","0","1","0","1","19.1","84","11.7","110","23.0","1011.5","0","16.4","5","","0.0","0.0","","","0.5","0","52","pm25","78","29","11","60","5","0","1","Moderate","12.2667","22.5","65.52","0","","","","52.0","52.0","52.0","43.0","52.0","0.0","52.0","49.38","52.0","0.0","0.0","0.375","52","1","78","78","1","1","0"
"2026-04-03T18:00:00+00:00","Lahore","18","4","4","93","-1.0","-0.0","0.866025","-0.5","0.999546","-0.03012","0","1","0","1","19.0","82","9.5","104","22.3","1011.7","0","16.0","2","","0.0","0.0","","","0.7","0","52","pm25","78","29","11","60","5","0","1","Moderate","14.9432","18.2692","63.96","0","","","","52.0","52.0","52.0","43.0","52.0","0.0","52.0","49.75","52.0","0.0","0.0","0.375","52","1","78","78","1","1","0"
"2026-04-03T19:00:00+00:00","Lahore","19","4","4","93","-0.965926","0.258819","0.866025","-0.5","0.999546","-0.03012","0","1","0","1","18.8","85","7.3","106","17.3","1011.9","0","16.2","38","","0.0","0.0","","","1.1","1","52","pm25","78","29","11","60","5","0","1","Moderate","19.7671","14.0385","66.3","0","","","","52.0","52.0","52.0","43.0","52.0","0.0","52.0","50.12","52.0","0.0","0.0","0.375","52","1","78","78","1","1","0"
"2026-04-03T20:00:00+00:00","Lahore","20","4","4","93","-0.866025","0.5","0.866025","-0.5","0.999546","-0.03012","0","0","0","1","18.5","87","8.3","101","15.5","1011.1","0","16.3","96","","0.0","0.0","","","0.9","3","52","pm25","78","29","11","60","5","0","1","Moderate","17.5735","15.9615","67.86","0","","","","52.0","52.0","52.0","43.0","52.0","0.0","52.0","50.5","52.0","0.0","0.0","0.375","52","1","78","78","1","1","0"
"2026-04-03T21:00:00+00:00","Lahore","21","4","4","93","-0.707107","0.707107","0.866025","-0.5","0.999546","-0.03012","0","0","0","1","18.1","89","8.3","94","15.5","1010.7","0","16.3","94","","0.0","0.0","","","1.0","3","52","pm25","78","29","11","60","5","0","1","Moderate","17.7614","15.9615","69.42","0","","","","52.0","52.0","52.0","43.0","52.0","0.0","52.0","50.88","52.0","0.0","0.0","0.375","52","1","78","78","1","1","0"
"2026-04-03T22:00:00+00:00","Lahore","22","4","4","93","-0.5","0.866025","0.866025","-0.5","0.999546","-0.03012","0","0","1","1","18.3","90","9.0","103","18.0","1010.1","0","16.5","99","","0.0","0.0","","","1.0","3","52","pm25","78","29","11","60","5","0","1","Moderate","16.4667","17.3077","70.2","0","","","","52.0","52.0","52.0","43.0","52.0","0.0","52.0","51.25","52.0","0.0","0.0","0.375","52","1","78","78","1","1","0"
"2026-04-03T23:00:00+00:00","Lahore","23","4","4","93","-0.258819","0.965926","0.866025","-0.5","0.999546","-0.03012","0","0","1","1","18.3","90","9.1","115","16.9","1009.9","0","16.5","100","","0.0","0.0","","","1.0","3","52","pm25","78","29","11","60","5","0","1","Moderate","16.2857","17.5","70.2","0","","","","52.0","52.0","52.0","43.0","52.0","0.0","52.0","51.62","52.0","0.0","0.0","0.375","52","1","78","78","1","1","0"
"2026-04-04T00:00:00+00:00","Lahore","0","5","4","94","0.0","1.0","0.866025","-0.5","0.99888","-0.047321","1","0","1","1","17.9","93","5.2","160","17.3","1010.1","0","16.6","96","","0.0","0.0","","","1.5","3","54","pm25","65","23","15","41","2","0","1","Moderate","24.125","9.6296","60.45","0","","","","52.0","52.0","52.0","52.0","52.0","0.0","52.0","52.0","52.0","0.0","0.0","0.0","54","1","65","65","1","1","0"
"2026-04-04T01:00:00+00:00","Lahore","1","5","4","94","0.258819","0.965926","0.866025","-0.5","0.99888","-0.047321","1","0","1","1","17.6","93","3.4","162","8.6","1010.2","0","16.5","80","","0.0","0.0","","","1.8","3","54","pm25","65","23","15","41","2","0","1","Moderate","36.8971","6.2963","60.45","0","","","","54.0","52.0","52.0","52.0","52.67","0.94","52.33","52.08","54.0","2.0","0.3333","0.0833","54","1","65","65","1","1","0"
"2026-04-04T02:00:00+00:00","Lahore","2","5","4","94","0.5","0.866025","0.866025","-0.5","0.99888","-0.047321","1","0","1","1","18.8","88","3.0","245","7.6","1010.5","0","16.8","83","","0.0","0.0","","","1.9","3","54","pm25","65","23","15","41","2","0","1","Moderate","40.7333","5.5556","57.2","0","","","","54.0","52.0","52.0","52.0","53.33","0.94","52.67","52.17","54.0","0.0","0.3333","0.0833","54","1","65","65","1","1","0"
"2026-04-04T03:00:00+00:00","Lahore","3","5","4","94","0.707107","0.707107","0.866025","-0.5","0.99888","-0.047321","1","0","1","1","20.9","78","1.5","144","8.6","1011.3","0","17.0","95","","0.0","0.0","","","2.2","3","54","pm25","65","23","15","41","2","0","1","Moderate","77.1333","2.7778","50.7","0","","","","54.0","54.0","52.0","52.0","54.0","0.0","53.0","52.25","54.0","0.0","0.3333","0.0833","54","1","65","65","1","1","0"
"2026-04-04T04:00:00+00:00","Lahore","4","5","4","94","0.866025","0.5","0.866025","-0.5","0.99888","-0.047321","1","0","1","1","23.1","67","3.4","96","13.7","1011.9","0","16.6","20","","0.0","0.0","","","1.9","1","54","pm25","65","23","15","41","2","0","1","Moderate","31.9265","6.2963","43.55","0","","","","54.0","54.0","52.0","52.0","54.0","0.0","53.33","52.33","54.0","0.0","0.3333","0.0833","54","1","65","65","1","1","0"
"2026-04-04T05:00:00+00:00","Lahore","5","5","4","94","0.965926","0.258819","0.866025","-0.5","0.99888","-0.047321","1","0","1","1","24.9","55","2.8","105","18.4","1012.1","0","15.1","14","","0.0","0.0","","","1.8","0","54","pm25","65","23","15","41","2","0","1","Moderate","35.9821","5.1852","35.75","0","","","","54.0","54.0","52.0","52.0","54.0","0.0","53.67","52.42","54.0","0.0","0.3333","0.0833","54","1","65","65","1","1","0"
"2026-04-04T06:00:00+00:00","Lahore","6","5","4","94","1.0","0.0","0.866025","-0.5","0.99888","-0.047321","1","0","0","1","26.8","37","7.3","208","22.0","1011.9","0","10.9","26","","0.0","0.0","","","0.3","1","54","pm25","65","23","15","41","2","0","1","Moderate","12.1986","13.5185","24.05","0","","","","54.0","54.0","54.0","52.0","54.0","0.0","54.0","52.5","54.0","0.0","0.0","0.0833","54","1","65","65","1","1","0"
"2026-04-04T07:00:00+00:00","Lahore","7","5","4","94","0.965926","-0.258819","0.866025","-0.5","0.99888","-0.047321","1","1","0","1","26.6","36","10.3","215","29.5","1011.2","0","10.1","69","","0.0","0.0","","","-0.7","2","54","pm25","65","23","15","41","2","0","1","Moderate","8.5825","19.0741","23.4","0","","","","54.0","54.0","54.0","52.0","54.0","0.0","54.0","52.58","54.0","0.0","0.0","0.0833","54","1","65","65","1","1","0"
"2026-04-04T08:00:00+00:00","Lahore","8","5","4","94","0.866025","-0.5","0.866025","-0.5","0.99888","-0.047321","1","1","0","1","27.5","33","13.7","194","32.4","1010.2","0","9.9","43","","0.0","0.0","26.88","","-1.5","1","54","pm25","65","23","15","41","2","0","1","Moderate","6.3102","25.3704","21.45","0","","","","54.0","54.0","54.0","52.0","54.0","0.0","54.0","52.67","54.0","0.0","0.0","0.0833","54","1","65","65","1","1","0"
"2026-04-04T09:00:00+00:00","Lahore","9","5","4","94","0.707107","-0.707107","0.866025","-0.5","0.99888","-0.047321","1","1","0","1","23.4","55","5.5","316","38.5","1010.8","0","13.9","36","","3.1","3.1","","","0.4","63","54","pm25","65","23","15","41","2","0","1","Moderate","18.3182","10.1852","35.75","0","","","","54.0","54.0","54.0","52.0","54.0","0.0","54.0","52.75","54.0","0.0","0.0","0.0833","54","1","65","65","1","1","0"
"2026-04-04T10:00:00+00:00","Lahore","10","5","4","94","0.5","-0.866025","0.866025","-0.5","0.99888","-0.047321","1","0","0","1","22.5","58","11.9","25","35.3","1010.0","0","13.9","32","","0.0","0.0","","","-0.3","1","54","pm25","65","23","15","41","2","0","1","Moderate","8.6303","22.037","37.7","0","","","","54.0","54.0","54.0","52.0","54.0","0.0","54.0","52.83","54.0","0.0","0.0","0.0833","54","1","65","65","1","1","0"
"2026-04-04T11:00:00+00:00","Lahore","11","5","4","94","0.258819","-0.965926","0.866025","-0.5","0.99888","-0.047321","1","0","0","1","21.9","62","14.5","35","33.1","1010.0","0","14.4","77","","1.6","1.6","","","-0.7","61","54","pm25","65","23","15","41","2","0","1","Moderate","7.2621","26.8519","40.3","0","","","","54.0","54.0","54.0","52.0","54.0","0.0","54.0","52.92","54.0","0.0","0.0","0.0833","54","1","65","65","1","1","0"
"2026-04-04T12:00:00+00:00","Lahore","12","5","4","94","0.0","-1.0","0.866025","-0.5","0.99888","-0.047321","1","0","0","1","19.5","78","4.8","45","33.1","1010.3","0","15.6","92","","2.6","2.6","","","1.2","63","54","pm25","65","23","15","41","2","0","1","Moderate","24.1042","8.8889","50.7","0","","","","54.0","54.0","54.0","52.0","54.0","0.0","54.0","53.0","54.0","0.0","0.0","0.0833","54","1","65","65","1","1","0"
"2026-04-04T13:00:00+00:00","Lahore","13","5","4","94","-0.258819","-0.965926","0.866025","-0.5","0.99888","-0.047321","1","0","0","1","19.5","77","6.4","324","17.6","1010.2","0","15.4","96","","0.0","0.0","","","0.9","3","54","pm25","65","23","15","41","2","0","1","Moderate","17.9766","11.8519","50.05","0","","","","54.0","54.0","54.0","52.0","54.0","0.0","54.0","53.08","54.0","0.0","0.0","0.0833","54","1","65","65","1","1","0"
"2026-04-04T14:00:00+00:00","Lahore","14","5","4","94","-0.5","-0.866025","0.866025","-0.5","0.99888","-0.047321","1","0","0","1","19.2","79","5.4","56","16.2","1010.6","0","15.4","86","","0.0","0.0","","","1.1","3","54","pm25","65","23","15","41","2","0","1","Moderate","21.5463","10.0","51.35","0","","","","54.0","54.0","54.0","52.0","54.0","0.0","54.0","53.17","54.0","0.0","0.0","0.0833","54","1","65","65","1","1","0"
"2026-04-04T15:00:00+00:00","Lahore","15","5","4","94","-0.707107","-0.707107","0.866025","-0.5","0.99888","-0.047321","1","0","0","1","18.7","83","4.3","2","11.9","1010.5","0","15.8","0","","0.0","0.0","","","1.3","0","54","pm25","65","23","15","41","2","0","1","Moderate","27.6628","7.963","53.95","0","","","","54.0","54.0","54.0","52.0","54.0","0.0","54.0","53.25","54.0","0.0","0.0","0.0833","54","1","65","65","1","1","0"
"2026-04-04T16:00:00+00:00","Lahore","16","5","4","94","-0.866025","-0.5","0.866025","-0.5","0.99888","-0.047321","1","0","0","1","18.0","86","6.6","47","12.2","1010.8","0","15.7","3","","0.0","0.0","","","1.0","0","54","pm25","65","23","15","41","2","0","1","Moderate","18.3182","12.2222","55.9","0","","","","54.0","54.0","54.0","52.0","54.0","0.0","54.0","53.33","54.0","0.0","0.0","0.0833","54","1","65","65","1","1","0"
"2026-04-04T17:00:00+00:00","Lahore","17","5","4","94","-0.965926","-0.258819","0.866025","-0.5","0.99888","-0.047321","1","1","0","1","17.6","88","10.6","44","20.2","1011.1","0","15.5","2","","0.0","0.0","","","0.3","0","54","pm25","65","23","15","41","2","0","1","Moderate","11.5283","19.6296","57.2","0","","","","54.0","54.0","54.0","52.0","54.0","0.0","54.0","53.42","54.0","0.0","0.0","0.0833","54","1","65","65","1","1","0"
"2026-04-04T18:00:00+00:00","Lahore","18","5","4","94","-1.0","-0.0","0.866025","-0.5","0.99888","-0.047321","1","1","0","1","18.5","85","11.5","48","21.2","1010.7","0","15.9","6","","0.0","0.0","","","0.3","0","54","pm25","65","23","15","41","2","0","1","Moderate","10.4565","21.2963","55.25","0","","","","54.0","54.0","54.0","52.0","54.0","0.0","54.0","53.5","54.0","0.0","0.0","0.0833","54","1","65","65","1","1","0"
"2026-04-04T19:00:00+00:00","Lahore","19","5","4","94","-0.965926","0.258819","0.866025","-0.5","0.99888","-0.047321","1","1","0","1","18.4","85","7.7","59","22.3","1010.6","0","15.8","30","","0.0","0.0","","","0.8","1","54","pm25","65","23","15","41","2","0","1","Moderate","15.6169","14.2593","55.25","0","","","","54.0","54.0","54.0","52.0","54.0","0.0","54.0","53.58","54.0","0.0","0.0","0.0833","54","1","65","65","1","1","0"
"2026-04-04T20:00:00+00:00","Lahore","20","5","4","94","-0.866025","0.5","0.866025","-0.5","0.99888","-0.047321","1","0","0","1","17.6","89","2.2","42","14.0","1010.3","0","15.9","93","","0.0","0.0","","","1.8","3","54","pm25","65","23","15","41","2","0","1","Moderate","55.8409","4.0741","57.85","0","","","","54.0","54.0","54.0","52.0","54.0","0.0","54.0","53.67","54.0","0.0","0.0","0.0833","54","1","65","65","1","1","0"
"2026-04-04T21:00:00+00:00","Lahore","21","5","4","94","-0.707107","0.707107","0.866025","-0.5","0.99888","-0.047321","1","0","0","1","17.1","92","1.7","319","3.6","1009.5","0","15.8","94","","0.0","0.0","","","1.7","3","54","pm25","65","23","15","41","2","0","1","Moderate","73.4118","3.1481","59.8","0","","","","54.0","54.0","54.0","52.0","54.0","0.0","54.0","53.75","54.0","0.0","0.0","0.0833","54","1","65","65","1","1","0"
"2026-04-04T22:00:00+00:00","Lahore","22","5","4","94","-0.5","0.866025","0.866025","-0.5","0.99888","-0.047321","1","0","1","1","16.5","94","3.2","308","5.8","1009.5","0","15.6","13","","0.0","0.0","","","1.5","0","54","pm25","65","23","15","41","2","0","1","Moderate","39.4062","5.9259","61.1","0","","","","54.0","54.0","54.0","52.0","54.0","0.0","54.0","53.83","54.0","0.0","0.0","0.0833","54","1","65","65","1","1","0"
"2026-04-04T23:00:00+00:00","Lahore","23","5","4","94","-0.258819","0.965926","0.866025","-0.5","0.99888","-0.047321","1","0","1","1","16.6","94","5.8","353","10.8","1009.5","0","15.6","0","","0.0","0.0","","","1.0","0","54","pm25","65","23","15","41","2","0","1","Moderate","21.7414","10.7407","61.1","0","","","","54.0","54.0","54.0","52.0","54.0","0.0","54.0","53.92","54.0","0.0","0.0","0.0833","54","1","65","65","1","1","0"
"2026-04-05T00:00:00+00:00","Lahore","0","6","4","95","0.0","1.0","0.866025","-0.5","0.997917","-0.064508","1","0","1","1","16.9","86","7.2","309","13.0","1009.8","0","14.5","0","","0.0","0.0","","","0.4","0","38","pm25","74","26","10","42","0","4","0","Good","19.1167","18.9474","63.64","0","","","","54.0","54.0","54.0","54.0","54.0","0.0","54.0","54.0","54.0","0.0","0.0","0.0","38","0","74","74","0","0","0"
"2026-04-05T01:00:00+00:00","Lahore","1","6","4","95","0.258819","0.965926","0.866025","-0.5","0.997917","-0.064508","1","0","1","1","16.5","87","6.7","341","14.8","1010.3","0","14.4","0","","0.0","0.0","","","0.5","0","38","pm25","74","26","10","42","0","4","0","Good","20.6537","17.6316","64.38","0","","","","38.0","54.0","54.0","54.0","48.67","7.54","51.33","53.33","54.0","-16.0","-2.6667","-0.6667","38","0","74","74","0","0","-1"
"2026-04-05T02:00:00+00:00","Lahore","2","6","4","95","0.5","0.866025","0.866025","-0.5","0.997917","-0.064508","1","0","1","1","17.4","83","6.8","29","14.4","1010.8","0","14.4","0","","0.0","0.0","","","0.4","0","38","pm25","74","26","10","42","0","4","0","Good","19.9147","17.8947","61.42","0","","","","38.0","54.0","54.0","54.0","43.33","7.54","48.67","52.67","54.0","0.0","-2.6667","-0.6667","38","0","74","74","0","0","0"
"2026-04-05T03:00:00+00:00","Lahore","3","6","4","95","0.707107","0.707107","0.866025","-0.5","0.997917","-0.064508","1","0","1","1","19.1","75","2.8","40","15.5","1011.3","0","14.6","0","","0.0","0.0","","","1.1","0","38","pm25","74","26","10","42","0","4","0","Good","46.25","7.3684","55.5","0","","","","38.0","38.0","54.0","54.0","38.0","0.0","46.0","52.0","54.0","0.0","-2.6667","-0.6667","38","0","74","74","0","0","0"
"2026-04-05T04:00:00+00:00","Lahore","4","6","4","95","0.866025","0.5","0.866025","-0.5","0.997917","-0.064508","1","0","1","1","21.5","64","2.2","294","13.3","1011.2","0","14.4","0","","0.0","0.0","","","1.2","0","38","pm25","74","26","10","42","0","4","0","Good","55.1636","5.7895","47.36","0","","","","38.0","38.0","54.0","54.0","38.0","0.0","43.33","51.33","54.0","0.0","-2.6667","-0.6667","38","0","74","74","0","0","0"
"2026-04-05T05:00:00+00:00","Lahore","5","6","4","95","0.965926","0.258819","0.866025","-0.5","0.997917","-0.064508","1","0","1","1","23.8","52","4.0","321","17.3","1010.9","0","13.4","0","","0.0","0.0","","","1.0","0","38","pm25","74","26","10","42","0","4","0","Good","28.12","10.5263","38.48","0","","","","38.0","38.0","54.0","54.0","38.0","0.0","40.67","50.67","54.0","0.0","-2.6667","-0.6667","38","0","74","74","0","0","0"
"2026-04-05T06:00:00+00:00","Lahore","6","6","4","95","1.0","0.0","0.866025","-0.5","0.997917","-0.064508","1","0","0","1","25.4","43","6.0","316","18.4","1011.1","0","11.8","19","","0.0","0.0","","","1.0","0","38","pm25","74","26","10","42","0","4","0","Good","17.6367","15.7895","31.82","0","","","","38.0","38.0","38.0","54.0","38.0","0.0","38.0","50.0","54.0","0.0","0.0","-0.6667","38","0","74","74","0","0","0"
"2026-04-05T07:00:00+00:00","Lahore","7","6","4","95","0.965926","-0.258819","0.866025","-0.5","0.997917","-0.064508","1","1","0","1","26.2","38","5.2","301","20.9","1010.6","0","10.9","16","","0.0","0.0","","","0.6","0","38","pm25","74","26","10","42","0","4","0","Good","19.6385","13.6842","28.12","0","","","","38.0","38.0","38.0","54.0","38.0","0.0","38.0","49.33","54.0","0.0","0.0","-0.6667","38","0","74","74","0","0","0"
"2026-04-05T08:00:00+00:00","Lahore","8","6","4","95","0.866025","-0.5","0.866025","-0.5","0.997917","-0.064508","1","1","0","1","26.9","36","4.8","283","20.5","1009.7","0","10.4","24","","0.0","0.0","","","0.8","1","38","pm25","74","26","10","42","0","4","0","Good","20.9667","12.6316","26.64","0","","","","38.0","38.0","38.0","54.0","38.0","0.0","38.0","48.67","54.0","0.0","0.0","-0.6667","38","0","74","74","0","0","0"
"2026-04-05T09:00:00+00:00","Lahore","9","6","4","95","0.707107","-0.707107","0.866025","-0.5","0.997917","-0.064508","1","1","0","1","27.2","35","5.7","281","21.2","1008.6","0","10.4","25","","0.0","0.0","26.76","","0.4","1","38","pm25","74","26","10","42","0","4","0","Good","17.5263","15.0","25.9","0","","","","38.0","38.0","38.0","54.0","38.0","0.0","38.0","48.0","54.0","0.0","0.0","-0.6667","38","0","74","74","0","0","0"
"2026-04-05T10:00:00+00:00","Lahore","10","6","4","95","0.5","-0.866025","0.866025","-0.5","0.997917","-0.064508","1","0","0","1","26.9","35","7.9","271","24.1","1007.8","0","10.3","41","","0.0","0.0","","","-0.9","1","38","pm25","74","26","10","42","0","4","0","Good","12.6456","20.7895","25.9","0","","","","38.0","38.0","38.0","54.0","38.0","0.0","38.0","47.33","54.0","0.0","0.0","-0.6667","38","0","74","74","0","0","0"
"2026-04-05T11:00:00+00:00","Lahore","11","6","4","95","0.258819","-0.965926","0.866025","-0.5","0.997917","-0.064508","1","0","0","1","26.0","37","6.2","277","24.1","1007.7","0","10.1","46","","0.1","0.1","","","-0.9","51","38","pm25","74","26","10","42","0","4","0","Good","16.3516","16.3158","27.38","0","","","","38.0","38.0","38.0","54.0","38.0","0.0","38.0","46.67","54.0","0.0","0.0","-0.6667","38","0","74","74","0","0","0"
"2026-04-05T12:00:00+00:00","Lahore","12","6","4","95","0.0","-1.0","0.866025","-0.5","0.997917","-0.064508","1","0","0","1","26.4","32","9.6","273","19.1","1007.0","0","8.4","16","","0.0","0.0","","","-1.9","0","38","pm25","74","26","10","42","0","4","0","Good","10.175","25.2632","23.68","0","","","","38.0","38.0","38.0","54.0","38.0","0.0","38.0","46.0","54.0","0.0","0.0","-0.6667","38","0","74","74","0","0","0"
"2026-04-05T13:00:00+00:00","Lahore","13","6","4","95","-0.258819","-0.965926","0.866025","-0.5","0.997917","-0.064508","1","0","0","1","25.5","35","8.4","279","23.4","1007.5","0","8.8","6","","0.0","0.0","","","-1.6","0","38","pm25","74","26","10","42","0","4","0","Good","11.8929","22.1053","25.9","0","","","","38.0","38.0","38.0","54.0","38.0","0.0","38.0","45.33","54.0","0.0","0.0","-0.6667","38","0","74","74","0","0","0"
"2026-04-05T14:00:00+00:00","Lahore","14","6","4","95","-0.5","-0.866025","0.866025","-0.5","0.997917","-0.064508","1","0","0","1","24.5","38","6.5","284","16.9","1007.9","0","9.2","5","","0.0","0.0","","","-1.2","0","38","pm25","74","26","10","42","0","4","0","Good","15.7108","17.1053","28.12","0","","","","38.0","38.0","38.0","54.0","38.0","0.0","38.0","44.67","54.0","0.0","0.0","-0.6667","38","0","74","74","0","0","0"
"2026-04-05T15:00:00+00:00","Lahore","15","6","4","95","-0.707107","-0.707107","0.866025","-0.5","0.997917","-0.064508","1","0","0","1","23.6","41","5.6","301","12.6","1008.4","0","9.6","5","","0.0","0.0","","","-0.9","0","38","pm25","74","26","10","42","0","4","0","Good","18.6321","14.7368","30.34","0","","","","38.0","38.0","38.0","54.0","38.0","0.0","38.0","44.0","54.0","0.0","0.0","-0.6667","38","0","74","74","0","0","0"
"2026-04-05T16:00:00+00:00","Lahore","16","6","4","95","-0.866025","-0.5","0.866025","-0.5","0.997917","-0.064508","1","0","0","1","22.5","46","4.2","317","11.2","1008.9","0","10.2","0","","0.0","0.0","","","-0.5","0","38","pm25","74","26","10","42","0","4","0","Good","25.7238","11.0526","34.04","0","","","","38.0","38.0","38.0","54.0","38.0","0.0","38.0","43.33","54.0","0.0","0.0","-0.6667","38","0","74","74","0","0","0"
"2026-04-05T17:00:00+00:00","Lahore","17","6","4","95","-0.965926","-0.258819","0.866025","-0.5","0.997917","-0.064508","1","1","0","1","21.5","53","1.0","329","7.9","1009.0","0","11.6","2","","0.0","0.0","","","0.4","0","38","pm25","74","26","10","42","0","4","0","Good","113.22","2.6316","39.22","0","","","","38.0","38.0","38.0","54.0","38.0","0.0","38.0","42.67","54.0","0.0","0.0","-0.6667","38","0","74","74","0","0","0"
"2026-04-05T18:00:00+00:00","Lahore","18","6","4","95","-1.0","-0.0","0.866025","-0.5","0.997917","-0.064508","1","1","0","1","21.9","51","2.3","309","2.9","1009.2","0","11.4","5","","0.0","0.0","","","0.1","0","38","pm25","74","26","10","42","0","4","0","Good","48.5826","6.0526","37.74","0","","","","38.0","38.0","38.0","54.0","38.0","0.0","38.0","42.0","54.0","0.0","0.0","-0.6667","38","0","74","74","0","0","0"
"2026-04-05T19:00:00+00:00","Lahore","19","6","4","95","-0.965926","0.258819","0.866025","-0.5","0.997917","-0.064508","1","1","0","1","21.8","53","0.5","45","5.4","1008.9","0","11.8","1","","0.0","0.0","","","0.5","0","38","pm25","74","26","10","42","0","4","0","Good","226.44","1.3158","39.22","0","","","","38.0","38.0","38.0","54.0","38.0","0.0","38.0","41.33","54.0","0.0","0.0","-0.6667","38","0","74","74","0","0","0"
"2026-04-05T20:00:00+00:00","Lahore","20","6","4","95","-0.866025","0.5","0.866025","-0.5","0.997917","-0.064508","1","0","0","1","20.9","56","1.4","130","2.9","1008.8","0","11.8","0","","0.0","0.0","","","0.3","0","38","pm25","74","26","10","42","0","4","0","Good","82.4571","3.6842","41.44","0","","","","38.0","38.0","38.0","54.0","38.0","0.0","38.0","40.67","54.0","0.0","0.0","-0.6667","38","0","74","74","0","0","0"
"2026-04-05T21:00:00+00:00","Lahore","21","6","4","95","-0.707107","0.707107","0.866025","-0.5","0.997917","-0.064508","1","0","0","1","20.1","59","0.3","315","2.9","1008.5","0","11.9","0","","0.0","0.0","","","0.6","0","38","pm25","74","26","10","42","0","4","0","Good","392.2","0.7895","43.66","0","","","","38.0","38.0","38.0","54.0","38.0","0.0","38.0","40.0","54.0","0.0","0.0","-0.6667","38","0","74","74","0","0","0"
"2026-04-05T22:00:00+00:00","Lahore","22","6","4","95","-0.5","0.866025","0.866025","-0.5","0.997917","-0.064508","1","0","1","1","19.3","63","2.8","325","5.8","1008.6","0","12.1","0","","0.0","0.0","","","0.2","0","38","pm25","74","26","10","42","0","4","0","Good","43.0786","7.3684","46.62","0","","","","38.0","38.0","38.0","54.0","38.0","0.0","38.0","39.33","54.0","0.0","0.0","-0.6667","38","0","74","74","0","0","0"
"2026-04-05T23:00:00+00:00","Lahore","23","6","4","95","-0.258819","0.965926","0.866025","-0.5","0.997917","-0.064508","1","0","1","1","18.5","67","3.1","310","6.1","1008.5","0","12.3","0","","0.0","0.0","","","0.3","0","38","pm25","74","26","10","42","0","4","0","Good","39.8645","8.1579","49.58","0","","","","38.0","38.0","38.0","54.0","38.0","0.0","38.0","38.67","54.0","0.0","0.0","-0.6667","38","0","74","74","0","0","0"
"2026-04-06T00:00:00+00:00","Lahore","0","0","4","96","0.0","1.0","0.866025","-0.5","0.996659","-0.081676","0","0","1","1","18.0","75","3.6","6","5.4","1008.7","0","13.5","0","","0.0","0.0","","","0.5","0","40","pm25","74","28","9","53","5","5","0","Good","35.9722","9.0","55.5","0","","","","38.0","38.0","38.0","38.0","38.0","0.0","38.0","38.0","38.0","0.0","0.0","0.0","40","0","74","74","0","0","0"
"2026-04-06T01:00:00+00:00","Lahore","1","0","4","96","0.258819","0.965926","0.866025","-0.5","0.996659","-0.081676","0","0","1","1","18.0","75","6.2","26","11.2","1009.2","0","13.6","0","","0.0","0.0","","","0.2","0","40","pm25","74","28","9","53","5","5","0","Good","20.8871","15.5","55.5","0","","","","40.0","38.0","38.0","38.0","38.67","0.94","38.33","38.08","40.0","2.0","0.3333","0.0833","40","0","74","74","0","0","0"
"2026-04-06T02:00:00+00:00","Lahore","2","0","4","96","0.5","0.866025","0.866025","-0.5","0.996659","-0.081676","0","0","1","1","18.9","73","6.0","57","13.3","1009.7","0","14.0","0","","0.0","0.0","","","0.4","0","40","pm25","74","28","9","53","5","5","0","Good","21.3367","15.0","54.02","0","","","","40.0","38.0","38.0","38.0","39.33","0.94","38.67","38.17","40.0","0.0","0.3333","0.0833","40","0","74","74","0","0","0"
"2026-04-06T03:00:00+00:00","Lahore","3","0","4","96","0.707107","0.707107","0.866025","-0.5","0.996659","-0.081676","0","0","1","1","21.6","64","2.7","98","12.2","1010.1","0","14.6","0","","0.0","0.0","","","1.1","0","40","pm25","74","28","9","53","5","5","0","Good","44.9481","6.75","47.36","0","","","","40.0","40.0","38.0","38.0","40.0","0.0","39.0","38.25","40.0","0.0","0.3333","0.0833","40","0","74","74","0","0","0"
"2026-04-06T04:00:00+00:00","Lahore","4","0","4","96","0.866025","0.5","0.866025","-0.5","0.996659","-0.081676","0","0","1","1","24.8","50","3.5","81","14.8","1010.7","0","13.8","0","","0.0","0.0","","","0.7","0","40","pm25","74","28","9","53","5","5","0","Good","31.7143","8.75","37.0","0","","","","40.0","40.0","38.0","38.0","40.0","0.0","39.33","38.33","40.0","0.0","0.3333","0.0833","40","0","74","74","0","0","0"
"2026-04-06T05:00:00+00:00","Lahore","5","0","4","96","0.965926","0.258819","0.866025","-0.5","0.996659","-0.081676","0","0","1","1","26.8","36","2.7","110","18.4","1010.9","0","10.5","3","","0.0","0.0","","","0.3","0","40","pm25","74","28","9","53","5","5","0","Good","37.2741","6.75","26.64","0","","","","40.0","40.0","38.0","38.0","40.0","0.0","39.67","38.42","40.0","0.0","0.3333","0.0833","40","0","74","74","0","0","0"
"2026-04-06T06:00:00+00:00","Lahore","6","0","4","96","1.0","0.0","0.866025","-0.5","0.996659","-0.081676","0","0","0","1","27.5","32","3.3","99","17.6","1010.7","0","9.4","2","","0.0","0.0","26.83","","0.7","0","40","pm25","74","28","9","53","5","5","0","Good","29.6","8.25","23.68","0","","","","40.0","40.0","40.0","38.0","40.0","0.0","40.0","38.5","40.0","0.0","0.0","0.0833","40","0","74","74","0","0","0"
"2026-04-06T07:00:00+00:00","Lahore","7","0","4","96","0.965926","-0.258819","0.866025","-0.5","0.996659","-0.081676","0","1","0","1","29.2","28","2.2","81","18.0","1010.1","0","8.6","8","","0.0","0.0","27.93","","1.3","0","40","pm25","74","28","9","53","5","5","0","Good","43.0545","5.5","20.72","0","","","","40.0","40.0","40.0","38.0","40.0","0.0","40.0","38.58","40.0","0.0","0.0","0.0833","40","0","74","74","0","0","0"
"2026-04-06T08:00:00+00:00","Lahore","8","0","4","96","0.866025","-0.5","0.866025","-0.5","0.996659","-0.081676","0","1","0","1","30.0","25","1.5","76","18.0","1009.0","0","7.9","11","","0.0","0.0","28.44","","1.2","0","40","pm25","74","28","9","53","5","5","0","Good","61.6667","3.75","18.5","0","","","","40.0","40.0","40.0","38.0","40.0","0.0","40.0","38.67","40.0","0.0","0.0","0.0833","40","0","74","74","0","0","0"
"2026-04-06T09:00:00+00:00","Lahore","9","0","4","96","0.707107","-0.707107","0.866025","-0.5","0.996659","-0.081676","0","1","0","1","30.6","23","0.2","90","17.3","1007.8","0","7.2","10","","0.0","0.0","28.86","","0.7","0","40","pm25","74","28","9","53","5","5","0","Good","455.1","0.5","17.02","0","","","","40.0","40.0","40.0","38.0","40.0","0.0","40.0","38.75","40.0","0.0","0.0","0.0833","40","0","74","74","0","0","0"
"2026-04-06T10:00:00+00:00","Lahore","10","0","4","96","0.5","-0.866025","0.866025","-0.5","0.996659","-0.081676","0","0","0","1","30.5","23","2.1","322","16.2","1006.7","0","6.8","54","","0.0","0.0","28.77","","-0.8","2","40","pm25","74","28","9","53","5","5","0","Good","43.3429","5.25","17.02","0","","","","40.0","40.0","40.0","38.0","40.0","0.0","40.0","38.83","40.0","0.0","0.0","0.0833","40","0","74","74","0","0","0"
"2026-04-06T11:00:00+00:00","Lahore","11","0","4","96","0.258819","-0.965926","0.866025","-0.5","0.996659","-0.081676","0","0","0","1","30.0","23","2.7","312","16.2","1006.1","0","6.6","95","","0.0","0.0","28.35","","-1.2","3","40","pm25","74","28","9","53","5","5","0","Good","33.7111","6.75","17.02","0","","","","40.0","40.0","40.0","38.0","40.0","0.0","40.0","38.92","40.0","0.0","0.0","0.0833","40","0","74","74","0","0","0"
"2026-04-06T12:00:00+00:00","Lahore","12","0","4","96","0.0","-1.0","0.866025","-0.5","0.996659","-0.081676","0","0","0","1","29.1","24","8.1","233","15.1","1005.9","0","6.4","100","","0.0","0.0","27.66","","-2.0","3","40","pm25","74","28","9","53","5","5","0","Good","11.3284","20.25","17.76","0","","","","40.0","40.0","40.0","38.0","40.0","0.0","40.0","39.0","40.0","0.0","0.0","0.0833","40","0","74","74","0","0","0"
"2026-04-06T13:00:00+00:00","Lahore","13","0","4","96","-0.258819","-0.965926","0.866025","-0.5","0.996659","-0.081676","0","0","0","1","28.7","25","5.0","268","19.8","1006.5","0","6.5","99","","0.0","0.0","27.4","","-1.6","3","40","pm25","74","28","9","53","5","5","0","Good","18.5","12.5","18.5","0","","","","40.0","40.0","40.0","38.0","40.0","0.0","40.0","39.08","40.0","0.0","0.0","0.0833","40","0","74","74","0","0","0"
"2026-04-06T14:00:00+00:00","Lahore","14","0","4","96","-0.5","-0.866025","0.866025","-0.5","0.996659","-0.081676","0","0","0","1","26.9","28","4.9","352","11.5","1006.9","0","7.1","35","","0.0","0.0","","","-1.5","1","40","pm25","74","28","9","53","5","5","0","Good","19.3306","12.25","20.72","0","","","","40.0","40.0","40.0","38.0","40.0","0.0","40.0","39.17","40.0","0.0","0.0","0.0833","40","0","74","74","0","0","0"
"2026-04-06T15:00:00+00:00","Lahore","15","0","4","96","-0.707107","-0.707107","0.866025","-0.5","0.996659","-0.081676","0","0","0","1","25.2","35","7.6","14","15.1","1007.7","0","8.7","13","","0.0","0.0","","","-1.4","0","40","pm25","74","28","9","53","5","5","0","Good","13.1447","19.0","25.9","0","","","","40.0","40.0","40.0","38.0","40.0","0.0","40.0","39.25","40.0","0.0","0.0","0.0833","40","0","74","74","0","0","0"
"2026-04-06T16:00:00+00:00","Lahore","16","0","4","96","-0.866025","-0.5","0.866025","-0.5","0.996659","-0.081676","0","0","0","1","24.3","37","5.1","18","14.8","1008.4","0","8.6","15","","0.0","0.0","","","-1.1","0","40","pm25","74","28","9","53","5","5","0","Good","19.8784","12.75","27.38","0","","","","40.0","40.0","40.0","38.0","40.0","0.0","40.0","39.33","40.0","0.0","0.0","0.0833","40","0","74","74","0","0","0"
"2026-04-06T17:00:00+00:00","Lahore","17","0","4","96","-0.965926","-0.258819","0.866025","-0.5","0.996659","-0.081676","0","1","0","1","22.8","41","5.2","63","10.1","1008.4","0","8.9","100","","0.0","0.0","","","-1.1","3","40","pm25","74","28","9","53","5","5","0","Good","20.0654","13.0","30.34","0","","","","40.0","40.0","40.0","38.0","40.0","0.0","40.0","39.42","40.0","0.0","0.0","0.0833","40","0","74","74","0","0","0"
"2026-04-06T18:00:00+00:00","Lahore","18","0","4","96","-1.0","-0.0","0.866025","-0.5","0.996659","-0.081676","0","1","0","1","21.7","54","11.6","198","9.4","1010.0","0","12.1","100","","0.0","0.0","","","-1.0","3","40","pm25","74","28","9","53","5","5","0","Good","9.8241","29.0","39.96","0","","","","40.0","40.0","40.0","38.0","40.0","0.0","40.0","39.5","40.0","0.0","0.0","0.0833","40","0","74","74","0","0","0"
"2026-04-06T19:00:00+00:00","Lahore","19","0","4","96","-0.965926","0.258819","0.866025","-0.5","0.996659","-0.081676","0","1","0","1","20.9","63","9.8","343","20.9","1009.2","0","13.6","99","","0.1","0.1","","","-0.3","51","40","pm25","74","28","9","53","5","5","0","Good","12.3082","24.5","46.62","0","","","","40.0","40.0","40.0","38.0","40.0","0.0","40.0","39.58","40.0","0.0","0.0","0.0833","40","0","74","74","0","0","0"
"2026-04-06T20:00:00+00:00","Lahore","20","0","4","96","-0.866025","0.5","0.866025","-0.5","0.996659","-0.081676","0","0","0","1","21.0","65","6.9","23","23.4","1007.9","0","14.2","100","","0.0","0.0","","","0.4","3","40","pm25","74","28","9","53","5","5","0","Good","17.6957","17.25","48.1","0","","","","40.0","40.0","40.0","38.0","40.0","0.0","40.0","39.67","40.0","0.0","0.0","0.0833","40","0","74","74","0","0","0"
"2026-04-06T21:00:00+00:00","Lahore","21","0","4","96","-0.707107","0.707107","0.866025","-0.5","0.996659","-0.081676","0","0","0","1","20.7","68","6.8","349","13.7","1007.4","0","14.6","100","","0.0","0.0","","","0.5","3","40","pm25","74","28","9","53","5","5","0","Good","18.2824","17.0","50.32","0","","","","40.0","40.0","40.0","38.0","40.0","0.0","40.0","39.75","40.0","0.0","0.0","0.0833","40","0","74","74","0","0","0"
"2026-04-06T22:00:00+00:00","Lahore","22","0","4","96","-0.5","0.866025","0.866025","-0.5","0.996659","-0.081676","0","0","1","1","20.1","70","9.0","43","18.0","1006.8","0","14.5","100","","0.0","0.0","","","0.2","3","40","pm25","74","28","9","53","5","5","0","Good","13.9778","22.5","51.8","0","","","","40.0","40.0","40.0","38.0","40.0","0.0","40.0","39.83","40.0","0.0","0.0","0.0833","40","0","74","74","0","0","0"
"2026-04-06T23:00:00+00:00","Lahore","23","0","4","96","-0.258819","0.965926","0.866025","-0.5","0.996659","-0.081676","0","0","1","1","19.4","71","9.9","48","18.4","1005.7","0","14.1","100","","0.0","0.0","","","-0.1","3","40","pm25","74","28","9","53","5","5","0","Good","12.7818","24.75","52.54","0","","","","40.0","40.0","40.0","38.0","40.0","0.0","40.0","39.92","40.0","0.0","0.0","0.0833","40","0","74","74","0","0","0"
"2026-04-07T00:00:00+00:00","Lahore","0","1","4","97","0.0","1.0","0.866025","-0.5","0.995105","-0.09882","0","0","1","1","20.9","67","8.4","50","19.4","1005.6","0","14.6","100","","0.0","0.0","","","0.3","3","39","pm25","68","24","13","47","6","3","0","Good","13.519","21.5385","45.56","0","","","","40.0","40.0","40.0","40.0","40.0","0.0","40.0","40.0","40.0","0.0","0.0","0.0","39","0","68","68","0","0","0"
"2026-04-07T01:00:00+00:00","Lahore","1","1","4","97","0.258819","0.965926","0.866025","-0.5","0.995105","-0.09882","0","0","1","1","20.9","67","5.8","97","15.8","1006.0","0","14.6","100","","0.0","0.0","","","0.6","3","39","pm25","68","24","13","47","6","3","0","Good","19.5793","14.8718","45.56","0","","","","39.0","40.0","40.0","40.0","39.67","0.47","39.83","39.96","40.0","-1.0","-0.1667","-0.0417","39","0","68","68","0","0","0"
"2026-04-07T02:00:00+00:00","Lahore","2","1","4","97","0.5","0.866025","0.866025","-0.5","0.995105","-0.09882","0","0","1","1","21.5","62","6.6","145","11.5","1006.6","0","14.0","100","","0.0","0.0","","","0.3","3","39","pm25","68","24","13","47","6","3","0","Good","16.6909","16.9231","42.16","0","","","","39.0","40.0","40.0","40.0","39.33","0.47","39.67","39.92","40.0","0.0","-0.1667","-0.0417","39","0","68","68","0","0","0"
"2026-04-07T03:00:00+00:00","Lahore","3","1","4","97","0.707107","0.707107","0.866025","-0.5","0.995105","-0.09882","0","0","1","1","22.2","58","7.6","98","18.0","1006.7","0","13.7","100","","0.0","0.0","","","0.1","3","39","pm25","68","24","13","47","6","3","0","Good","14.1368","19.4872","39.44","0","","","","39.0","39.0","40.0","40.0","39.0","0.0","39.5","39.88","40.0","0.0","-0.1667","-0.0417","39","0","68","68","0","0","0"
"2026-04-07T04:00:00+00:00","Lahore","4","1","4","97","0.866025","0.5","0.866025","-0.5","0.995105","-0.09882","0","0","1","1","23.7","52","7.7","162","23.0","1007.5","0","13.3","100","","0.0","0.0","","","-0.1","3","39","pm25","68","24","13","47","6","3","0","Good","13.4234","19.7436","35.36","0","","","","39.0","39.0","40.0","40.0","39.0","0.0","39.33","39.83","40.0","0.0","-0.1667","-0.0417","39","0","68","68","0","0","0"
"2026-04-07T05:00:00+00:00","Lahore","5","1","4","97","0.965926","0.258819","0.866025","-0.5","0.995105","-0.09882","0","0","1","1","23.2","53","14.4","171","32.4","1008.8","0","13.1","100","","0.0","0.0","","","-1.1","3","39","pm25","68","24","13","47","6","3","0","Good","7.225","36.9231","36.04","0","","","","39.0","39.0","40.0","40.0","39.0","0.0","39.17","39.79","40.0","0.0","-0.1667","-0.0417","39","0","68","68","0","0","0"
"2026-04-07T06:00:00+00:00","Lahore","6","1","4","97","1.0","0.0","0.866025","-0.5","0.995105","-0.09882","0","0","0","1","22.9","51","10.4","134","36.4","1008.4","0","12.2","100","","1.1","1.1","","","-0.8","55","39","pm25","68","24","13","47","6","3","0","Good","9.8731","26.6667","34.68","0","","","","39.0","39.0","39.0","40.0","39.0","0.0","39.0","39.75","40.0","0.0","0.0","-0.0417","39","0","68","68","0","0","0"
"2026-04-07T07:00:00+00:00","Lahore","7","1","4","97","0.965926","-0.258819","0.866025","-0.5","0.995105","-0.09882","0","1","0","1","22.6","53","13.1","164","38.2","1008.1","0","12.6","100","","0.1","0.1","","","-1.1","51","39","pm25","68","24","13","47","6","3","0","Good","7.942","33.5897","36.04","0","","","","39.0","39.0","39.0","40.0","39.0","0.0","39.0","39.71","40.0","0.0","0.0","-0.0417","39","0","68","68","0","0","0"
"2026-04-07T08:00:00+00:00","Lahore","8","1","4","97","0.866025","-0.5","0.866025","-0.5","0.995105","-0.09882","0","1","0","1","22.6","56","11.1","129","31.7","1007.4","0","13.4","100","","0.0","0.0","","","-0.5","3","39","pm25","68","24","13","47","6","3","0","Good","9.5568","28.4615","38.08","0","","","","39.0","39.0","39.0","40.0","39.0","0.0","39.0","39.67","40.0","0.0","0.0","-0.0417","39","0","68","68","0","0","0"
"2026-04-07T09:00:00+00:00","Lahore","9","1","4","97","0.707107","-0.707107","0.866025","-0.5","0.995105","-0.09882","0","1","0","1","19.8","74","11.4","153","33.8","1007.2","0","15.0","100","","0.5","0.5","","","0.0","53","39","pm25","68","24","13","47","6","3","0","Good","10.3789","29.2308","50.32","0","","","","39.0","39.0","39.0","40.0","39.0","0.0","39.0","39.62","40.0","0.0","0.0","-0.0417","39","0","68","68","0","0","0"
"2026-04-07T10:00:00+00:00","Lahore","10","1","4","97","0.5","-0.866025","0.866025","-0.5","0.995105","-0.09882","0","0","0","1","18.6","84","10.1","130","26.3","1006.1","0","15.8","100","","2.1","2.1","","","0.6","61","39","pm25","68","24","13","47","6","3","0","Good","12.3881","25.8974","57.12","0","","","","39.0","39.0","39.0","40.0","39.0","0.0","39.0","39.58","40.0","0.0","0.0","-0.0417","39","0","68","68","0","0","0"
"2026-04-07T11:00:00+00:00","Lahore","11","1","4","97","0.258819","-0.965926","0.866025","-0.5","0.995105","-0.09882","0","0","0","1","19.3","82","13.9","138","36.4","1006.3","0","16.1","100","","2.4","2.4","","","0.1","61","39","pm25","68","24","13","47","6","3","0","Good","8.9036","35.641","55.76","0","","","","39.0","39.0","39.0","40.0","39.0","0.0","39.0","39.54","40.0","0.0","0.0","-0.0417","39","0","68","68","0","0","0"
"2026-04-07T12:00:00+00:00","Lahore","12","1","4","97","0.0","-1.0","0.866025","-0.5","0.995105","-0.09882","0","0","0","1","17.2","83","14.3","166","38.5","1006.9","0","14.2","99","","8.9","8.9","","","-0.7","65","39","pm25","68","24","13","47","6","3","0","Good","8.7021","36.6667","56.44","0","","","","39.0","39.0","39.0","40.0","39.0","0.0","39.0","39.5","40.0","0.0","0.0","-0.0417","39","0","68","68","0","0","0"
"2026-04-07T13:00:00+00:00","Lahore","13","1","4","97","-0.258819","-0.965926","0.866025","-0.5","0.995105","-0.09882","0","0","0","1","17.5","76","6.0","209","28.4","1007.2","0","13.3","100","","0.6","0.6","","","0.2","53","39","pm25","68","24","13","47","6","3","0","Good","19.9467","15.3846","51.68","0","","","","39.0","39.0","39.0","40.0","39.0","0.0","39.0","39.46","40.0","0.0","0.0","-0.0417","39","0","68","68","0","0","0"
"2026-04-07T14:00:00+00:00","Lahore","14","1","4","97","-0.5","-0.866025","0.866025","-0.5","0.995105","-0.09882","0","0","0","1","17.5","84","3.1","69","17.3","1007.5","0","14.8","100","","0.0","0.0","","","1.1","3","39","pm25","68","24","13","47","6","3","0","Good","40.3613","7.9487","57.12","0","","","","39.0","39.0","39.0","40.0","39.0","0.0","39.0","39.42","40.0","0.0","0.0","-0.0417","39","0","68","68","0","0","0"
"2026-04-07T15:00:00+00:00","Lahore","15","1","4","97","-0.707107","-0.707107","0.866025","-0.5","0.995105","-0.09882","0","0","0","1","16.7","89","10.9","59","19.1","1008.3","0","14.9","99","","0.0","0.0","","","0.0","3","39","pm25","68","24","13","47","6","3","0","Good","11.7908","27.9487","60.52","0","","","","39.0","39.0","39.0","40.0","39.0","0.0","39.0","39.38","40.0","0.0","0.0","-0.0417","39","0","68","68","0","0","0"
"2026-04-07T16:00:00+00:00","Lahore","16","1","4","97","-0.866025","-0.5","0.866025","-0.5","0.995105","-0.09882","0","0","0","1","16.1","91","10.3","46","21.6","1008.2","0","14.6","23","","0.0","0.0","","","0.1","1","39","pm25","68","24","13","47","6","3","0","Good","12.6097","26.4103","61.88","0","","","","39.0","39.0","39.0","40.0","39.0","0.0","39.0","39.33","40.0","0.0","0.0","-0.0417","39","0","68","68","0","0","0"
"2026-04-07T17:00:00+00:00","Lahore","17","1","4","97","-0.965926","-0.258819","0.866025","-0.5","0.995105","-0.09882","0","1","0","1","15.8","91","11.9","58","26.6","1008.3","0","14.3","14","","0.0","0.0","","","-0.4","0","39","pm25","68","24","13","47","6","3","0","Good","10.9143","30.5128","61.88","0","","","","39.0","39.0","39.0","40.0","39.0","0.0","39.0","39.29","40.0","0.0","0.0","-0.0417","39","0","68","68","0","0","0"
"2026-04-07T18:00:00+00:00","Lahore","18","1","4","97","-1.0","-0.0","0.866025","-0.5","0.995105","-0.09882","0","1","0","1","15.6","92","10.8","60","23.4","1008.4","0","14.4","100","","0.0","0.0","","","-0.1","3","39","pm25","68","24","13","47","6","3","0","Good","12.0889","27.6923","62.56","0","","","","39.0","39.0","39.0","40.0","39.0","0.0","39.0","39.25","40.0","0.0","0.0","-0.0417","39","0","68","68","0","0","0"
"2026-04-07T19:00:00+00:00","Lahore","19","1","4","97","-0.965926","0.258819","0.866025","-0.5","0.995105","-0.09882","0","1","0","1","15.2","93","10.9","59","23.0","1008.8","0","14.1","100","","0.0","0.0","","","-0.3","3","39","pm25","68","24","13","47","6","3","0","Good","12.0404","27.9487","63.24","0","","","","39.0","39.0","39.0","40.0","39.0","0.0","39.0","39.21","40.0","0.0","0.0","-0.0417","39","0","68","68","0","0","0"
"2026-04-07T20:00:00+00:00","Lahore","20","1","4","97","-0.866025","0.5","0.866025","-0.5","0.995105","-0.09882","0","0","0","1","14.9","92","6.3","97","21.6","1009.1","0","13.7","100","","0.0","0.0","","","0.3","3","39","pm25","68","24","13","47","6","3","0","Good","20.7238","16.1538","62.56","0","","","","39.0","39.0","39.0","40.0","39.0","0.0","39.0","39.17","40.0","0.0","0.0","-0.0417","39","0","68","68","0","0","0"
"2026-04-07T21:00:00+00:00","Lahore","21","1","4","97","-0.707107","0.707107","0.866025","-0.5","0.995105","-0.09882","0","0","0","1","14.9","92","10.8","69","23.4","1008.0","0","13.7","100","","0.0","0.0","","","-0.3","3","39","pm25","68","24","13","47","6","3","0","Good","12.0889","27.6923","62.56","0","","","","39.0","39.0","39.0","40.0","39.0","0.0","39.0","39.12","40.0","0.0","0.0","-0.0417","39","0","68","68","0","0","0"
"2026-04-07T22:00:00+00:00","Lahore","22","1","4","97","-0.5","0.866025","0.866025","-0.5","0.995105","-0.09882","0","0","1","1","14.9","93","7.5","63","21.2","1007.5","0","13.8","99","","0.0","0.0","","","0.1","3","39","pm25","68","24","13","47","6","3","0","Good","17.4987","19.2308","63.24","0","","","","39.0","39.0","39.0","40.0","39.0","0.0","39.0","39.08","40.0","0.0","0.0","-0.0417","39","0","68","68","0","0","0"
"2026-04-07T23:00:00+00:00","Lahore","23","1","4","97","-0.258819","0.965926","0.866025","-0.5","0.995105","-0.09882","0","0","1","1","14.9","93","7.8","71","15.5","1007.4","0","13.8","77","","0.0","0.0","","","0.0","2","39","pm25","68","24","13","47","6","3","0","Good","16.8256","20.0","63.24","0","","","","39.0","39.0","39.0","40.0","39.0","0.0","39.0","39.04","40.0","0.0","0.0","-0.0417","39","0","68","68","0","0","0"
"2026-04-08T00:00:00+00:00","Lahore","0","2","4","98","0.0","1.0","0.866025","-0.5","0.993257","-0.115935","0","0","1","1","15.1","97","7.0","44","15.1","1006.9","0","14.8","100","","0.0","0.0","","","0.6","3","43","pm25","78","6","2","41","0","2","0","Good","21.9514","16.2791","75.66","0","","","","39.0","39.0","39.0","39.0","39.0","0.0","39.0","39.0","39.0","0.0","0.0","0.0","43","0","78","78","0","0","0"
"2026-04-08T01:00:00+00:00","Lahore","1","2","4","98","0.258819","0.965926","0.866025","-0.5","0.993257","-0.115935","0","0","1","1","14.7","96","9.4","82","18.0","1007.3","0","14.1","77","","0.0","0.0","","","0.0","2","43","pm25","78","6","2","41","0","2","0","Good","16.2638","21.8605","74.88","0","","","","43.0","39.0","39.0","39.0","40.33","1.89","39.67","39.17","43.0","4.0","0.6667","0.1667","43","0","78","78","0","0","0"
"2026-04-08T02:00:00+00:00","Lahore","2","2","4","98","0.5","0.866025","0.866025","-0.5","0.993257","-0.115935","0","0","1","1","15.6","93","3.6","162","17.3","1008.3","0","14.5","98","","0.0","0.0","","","1.0","3","43","pm25","78","6","2","41","0","2","0","Good","41.8167","8.3721","72.54","0","","","","43.0","39.0","39.0","39.0","41.67","1.89","40.33","39.33","43.0","0.0","0.6667","0.1667","43","0","78","78","0","0","0"
"2026-04-08T03:00:00+00:00","Lahore","3","2","4","98","0.707107","0.707107","0.866025","-0.5","0.993257","-0.115935","0","0","1","1","16.9","86","4.2","126","13.0","1008.5","0","14.6","56","","0.0","0.0","","","0.8","2","43","pm25","78","6","2","41","0","2","0","Good","34.5429","9.7674","67.08","0","","","","43.0","43.0","39.0","39.0","43.0","0.0","41.0","39.5","43.0","0.0","0.6667","0.1667","43","0","78","78","0","0","0"
"2026-04-08T04:00:00+00:00","Lahore","4","2","4","98","0.866025","0.5","0.866025","-0.5","0.993257","-0.115935","0","0","1","1","18.7","75","4.9","129","15.8","1008.8","0","14.1","17","","0.0","0.0","","","0.6","0","43","pm25","78","6","2","41","0","2","0","Good","27.8571","11.3953","58.5","0","","","","43.0","43.0","39.0","39.0","43.0","0.0","41.67","39.67","43.0","0.0","0.6667","0.1667","43","0","78","78","0","0","0"
"2026-04-08T05:00:00+00:00","Lahore","5","2","4","98","0.965926","0.258819","0.866025","-0.5","0.993257","-0.115935","0","0","1","1","20.5","63","3.5","159","16.6","1009.4","0","13.2","98","","0.0","0.0","","","0.9","3","43","pm25","78","6","2","41","0","2","0","Good","36.3257","8.1395","49.14","0","","","","43.0","43.0","39.0","39.0","43.0","0.0","42.33","39.83","43.0","0.0","0.6667","0.1667","43","0","78","78","0","0","0"
"2026-04-08T06:00:00+00:00","Lahore","6","2","4","98","1.0","0.0","0.866025","-0.5","0.993257","-0.115935","0","0","0","1","21.5","56","2.1","290","14.4","1009.4","0","12.4","24","","0.0","0.0","","","0.9","1","43","pm25","78","6","2","41","0","2","0","Good","57.9429","4.8837","43.68","0","","","","43.0","43.0","43.0","39.0","43.0","0.0","43.0","40.0","43.0","0.0","0.0","0.1667","43","0","78","78","0","0","0"
"2026-04-08T07:00:00+00:00","Lahore","7","2","4","98","0.965926","-0.258819","0.866025","-0.5","0.993257","-0.115935","0","1","0","1","21.5","58","3.4","273","16.6","1009.4","0","12.8","61","","0.0","0.0","","","1.3","2","43","pm25","78","6","2","41","0","2","0","Good","36.2471","7.907","45.24","0","","","","43.0","43.0","43.0","39.0","43.0","0.0","43.0","40.17","43.0","0.0","0.0","0.1667","43","0","78","78","0","0","0"
"2026-04-08T08:00:00+00:00","Lahore","8","2","4","98","0.866025","-0.5","0.866025","-0.5","0.993257","-0.115935","0","1","0","1","21.0","59","9.0","182","22.3","1009.4","0","12.6","59","","0.0","0.0","","","-0.4","2","43","pm25","78","6","2","41","0","2","0","Good","13.78","20.9302","46.02","0","","","","43.0","43.0","43.0","39.0","43.0","0.0","43.0","40.33","43.0","0.0","0.0","0.1667","43","0","78","78","0","0","0"
"2026-04-08T09:00:00+00:00","Lahore","9","2","4","98","0.707107","-0.707107","0.866025","-0.5","0.993257","-0.115935","0","1","0","1","20.0","59","5.0","232","30.2","1008.9","0","11.9","72","","0.0","0.0","","","-0.1","2","43","pm25","78","6","2","41","0","2","0","Good","24.804","11.6279","46.02","0","","","","43.0","43.0","43.0","39.0","43.0","0.0","43.0","40.5","43.0","0.0","0.0","0.1667","43","0","78","78","0","0","0"
"2026-04-08T10:00:00+00:00","Lahore","10","2","4","98","0.5","-0.866025","0.866025","-0.5","0.993257","-0.115935","0","0","0","1","19.0","68","6.5","246","22.0","1009.3","0","12.9","88","","0.0","0.0","","","0.0","3","43","pm25","78","6","2","41","0","2","0","Good","20.16","15.1163","53.04","0","","","","43.0","43.0","43.0","39.0","43.0","0.0","43.0","40.67","43.0","0.0","0.0","0.1667","43","0","78","78","0","0","0"
"2026-04-08T11:00:00+00:00","Lahore","11","2","4","98","0.258819","-0.965926","0.866025","-0.5","0.993257","-0.115935","0","0","0","1","19.2","69","8.4","7","24.1","1009.0","0","13.4","25","","0.0","0.0","","","-0.1","1","43","pm25","78","6","2","41","0","2","0","Good","15.6929","19.5349","53.82","0","","","","43.0","43.0","43.0","39.0","43.0","0.0","43.0","40.83","43.0","0.0","0.0","0.1667","43","0","78","78","0","0","0"
"2026-04-08T12:00:00+00:00","Lahore","12","2","4","98","0.0","-1.0","0.866025","-0.5","0.993257","-0.115935","0","0","0","1","21.6","52","4.8","112","22.0","1008.5","0","11.4","25","","0.0","0.0","","","-0.2","1","43","pm25","78","6","2","41","0","2","0","Good","24.7","11.1628","40.56","0","","","","43.0","43.0","43.0","39.0","43.0","0.0","43.0","41.0","43.0","0.0","0.0","0.1667","43","0","78","78","0","0","0"
"2026-04-08T13:00:00+00:00","Lahore","13","2","4","98","-0.258819","-0.965926","0.866025","-0.5","0.993257","-0.115935","0","0","0","1","19.8","63","11.2","315","24.5","1009.8","0","12.6","88","","0.0","0.0","","","-0.9","3","43","pm25","78","6","2","41","0","2","0","Good","11.3518","26.0465","49.14","0","","","","43.0","43.0","43.0","39.0","43.0","0.0","43.0","41.17","43.0","0.0","0.0","0.1667","43","0","78","78","0","0","0"
"2026-04-08T14:00:00+00:00","Lahore","14","2","4","98","-0.5","-0.866025","0.866025","-0.5","0.993257","-0.115935","0","0","0","1","18.8","73","3.1","69","23.4","1009.7","0","13.8","6","","0.0","0.0","","","0.8","0","43","pm25","78","6","2","41","0","2","0","Good","43.529","7.2093","56.94","0","","","","43.0","43.0","43.0","39.0","43.0","0.0","43.0","41.33","43.0","0.0","0.0","0.1667","43","0","78","78","0","0","0"
"2026-04-08T15:00:00+00:00","Lahore","15","2","4","98","-0.707107","-0.707107","0.866025","-0.5","0.993257","-0.115935","0","0","0","1","17.7","77","8.1","59","14.4","1010.8","0","13.7","4","","0.0","0.0","","","0.0","0","43","pm25","78","6","2","41","0","2","0","Good","17.0444","18.8372","60.06","0","","","","43.0","43.0","43.0","39.0","43.0","0.0","43.0","41.5","43.0","0.0","0.0","0.1667","43","0","78","78","0","0","0"
"2026-04-08T16:00:00+00:00","Lahore","16","2","4","98","-0.866025","-0.5","0.866025","-0.5","0.993257","-0.115935","0","0","0","1","17.1","78","7.7","79","17.3","1011.6","0","13.3","3","","0.0","0.0","","","-0.1","0","43","pm25","78","6","2","41","0","2","0","Good","18.0312","17.907","60.84","0","","","","43.0","43.0","43.0","39.0","43.0","0.0","43.0","41.67","43.0","0.0","0.0","0.1667","43","0","78","78","0","0","0"
"2026-04-08T17:00:00+00:00","Lahore","17","2","4","98","-0.965926","-0.258819","0.866025","-0.5","0.993257","-0.115935","0","1","0","1","16.5","80","8.7","85","15.8","1011.8","0","12.9","0","","0.0","0.0","","","-0.4","0","43","pm25","78","6","2","41","0","2","0","Good","16.1379","20.2326","62.4","0","","","","43.0","43.0","43.0","39.0","43.0","0.0","43.0","41.83","43.0","0.0","0.0","0.1667","43","0","78","78","0","0","0"
"2026-04-08T18:00:00+00:00","Lahore","18","2","4","98","-1.0","-0.0","0.866025","-0.5","0.993257","-0.115935","0","1","0","1","16.7","87","10.8","87","16.2","1012.5","0","14.4","16","","0.0","0.0","","","-0.1","0","43","pm25","78","6","2","41","0","2","0","Good","13.5056","25.1163","67.86","0","","","","43.0","43.0","43.0","39.0","43.0","0.0","43.0","42.0","43.0","0.0","0.0","0.1667","43","0","78","78","0","0","0"
"2026-04-08T19:00:00+00:00","Lahore","19","2","4","98","-0.965926","0.258819","0.866025","-0.5","0.993257","-0.115935","0","1","0","1","16.2","89","9.2","152","20.5","1012.9","0","14.4","61","","0.0","0.0","","","0.2","2","43","pm25","78","6","2","41","0","2","0","Good","16.0239","21.3953","69.42","0","","","","43.0","43.0","43.0","39.0","43.0","0.0","43.0","42.17","43.0","0.0","0.0","0.1667","43","0","78","78","0","0","0"
"2026-04-08T20:00:00+00:00","Lahore","20","2","4","98","-0.866025","0.5","0.866025","-0.5","0.993257","-0.115935","0","0","0","1","15.9","90","5.3","123","18.0","1012.8","0","14.3","91","","0.0","0.0","","","0.6","3","43","pm25","78","6","2","41","0","2","0","Good","27.9623","12.3256","70.2","0","","","","43.0","43.0","43.0","39.0","43.0","0.0","43.0","42.33","43.0","0.0","0.0","0.1667","43","0","78","78","0","0","0"
"2026-04-08T21:00:00+00:00","Lahore","21","2","4","98","-0.707107","0.707107","0.866025","-0.5","0.993257","-0.115935","0","0","0","1","15.8","92","1.3","344","9.0","1012.9","0","14.4","100","","0.0","0.0","","","1.2","3","43","pm25","78","6","2","41","0","2","0","Good","115.2","3.0233","71.76","0","","","","43.0","43.0","43.0","39.0","43.0","0.0","43.0","42.5","43.0","0.0","0.0","0.1667","43","0","78","78","0","0","0"
"2026-04-08T22:00:00+00:00","Lahore","22","2","4","98","-0.5","0.866025","0.866025","-0.5","0.993257","-0.115935","0","0","1","1","15.8","92","8.5","308","20.9","1013.1","0","14.4","100","","0.0","0.0","","","0.2","3","43","pm25","78","6","2","41","0","2","0","Good","17.6188","19.7674","71.76","0","","","","43.0","43.0","43.0","39.0","43.0","0.0","43.0","42.67","43.0","0.0","0.0","0.1667","43","0","78","78","0","0","0"
"2026-04-08T23:00:00+00:00","Lahore","23","2","4","98","-0.258819","0.965926","0.866025","-0.5","0.993257","-0.115935","0","0","1","1","15.5","94","1.7","328","16.2","1012.9","0","14.6","100","","0.0","0.0","","","1.3","3","43","pm25","78","6","2","41","0","2","0","Good","89.0118","3.9535","73.32","0","","","","43.0","43.0","43.0","39.0","43.0","0.0","43.0","42.83","43.0","0.0","0.0","0.1667","43","0","78","78","0","0","0"
"2026-04-09T00:00:00+00:00","Lahore","0","3","4","99","0.0","1.0","0.866025","-0.5","0.991114","-0.133015","0","0","1","1","14.6","96","4.1","88","18.4","1012.9","0","13.9","99","","0.0","0.0","","","0.6","3","49","pm25","67","24","14","55","5","6","0","Good","32.0293","8.3673","64.32","0","","","","43.0","43.0","43.0","43.0","43.0","0.0","43.0","43.0","43.0","0.0","0.0","0.0","49","0","67","67","0","0","0"
"2026-04-09T01:00:00+00:00","Lahore","1","3","4","99","0.258819","0.965926","0.866025","-0.5","0.991114","-0.133015","0","0","1","1","14.9","96","3.8","82","8.3","1013.6","0","14.2","89","","0.0","0.0","","","0.9","3","49","pm25","67","24","14","55","5","6","0","Good","34.5579","7.7551","64.32","0","","","","49.0","43.0","43.0","43.0","45.0","2.83","44.0","43.25","49.0","6.0","1.0","0.25","49","0","67","67","0","0","1"
"2026-04-09T02:00:00+00:00","Lahore","2","3","4","99","0.5","0.866025","0.866025","-0.5","0.991114","-0.133015","0","0","1","1","16.1","92","2.7","58","8.3","1014.6","0","14.8","92","","0.0","0.0","","","1.2","3","49","pm25","67","24","14","55","5","6","0","Good","47.6444","5.5102","61.64","0","","","","49.0","43.0","43.0","43.0","47.0","2.83","45.0","43.5","49.0","0.0","1.0","0.25","49","0","67","67","0","0","0"
"2026-04-09T03:00:00+00:00","Lahore","3","3","4","99","0.707107","0.707107","0.866025","-0.5","0.991114","-0.133015","0","0","1","1","18.3","83","3.9","53","12.6","1015.0","0","15.4","7","","0.0","0.0","","","1.3","0","49","pm25","67","24","14","55","5","6","0","Good","31.4385","7.9592","55.61","0","","","","49.0","49.0","43.0","43.0","49.0","0.0","46.0","43.75","49.0","0.0","1.0","0.25","49","0","67","67","0","0","0"
"2026-04-09T04:00:00+00:00","Lahore","4","3","4","99","0.866025","0.5","0.866025","-0.5","0.991114","-0.133015","0","0","1","1","20.8","71","6.3","20","18.4","1015.6","0","15.4","38","","0.0","0.0","","","0.9","1","49","pm25","67","24","14","55","5","6","0","Good","18.1857","12.8571","47.57","0","","","","49.0","49.0","43.0","43.0","49.0","0.0","47.0","44.0","49.0","0.0","1.0","0.25","49","0","67","67","0","0","0"
"2026-04-09T05:00:00+00:00","Lahore","5","3","4","99","0.965926","0.258819","0.866025","-0.5","0.991114","-0.133015","0","0","1","1","20.6","66","8.4","43","31.3","1016.4","0","14.1","12","","0.4","0.4","","","0.2","51","49","pm25","67","24","14","55","5","6","0","Good","13.2405","17.1429","44.22","0","","","","49.0","49.0","43.0","43.0","49.0","0.0","48.0","44.25","49.0","0.0","1.0","0.25","49","0","67","67","0","0","0"
"2026-04-09T06:00:00+00:00","Lahore","6","3","4","99","1.0","0.0","0.866025","-0.5","0.991114","-0.133015","0","0","0","1","22.5","57","6.0","51","23.4","1016.1","0","13.7","37","","0.0","0.0","","","1.3","1","49","pm25","67","24","14","55","5","6","0","Good","17.5317","12.2449","38.19","0","","","","49.0","49.0","49.0","43.0","49.0","0.0","49.0","44.5","49.0","0.0","0.0","0.25","49","0","67","67","0","0","0"
"2026-04-09T07:00:00+00:00","Lahore","7","3","4","99","0.965926","-0.258819","0.866025","-0.5","0.991114","-0.133015","0","1","0","1","22.9","48","2.4","107","20.2","1016.1","0","11.4","45","","1.5","1.5","","","1.4","61","49","pm25","67","24","14","55","5","6","0","Good","41.3167","4.898","32.16","0","","","","49.0","49.0","49.0","43.0","49.0","0.0","49.0","44.75","49.0","0.0","0.0","0.25","49","0","67","67","0","0","0"
"2026-04-09T08:00:00+00:00","Lahore","8","3","4","99","0.866025","-0.5","0.866025","-0.5","0.991114","-0.133015","0","1","0","1","24.0","43","1.9","248","14.4","1015.4","0","10.7","38","","0.0","0.0","","","1.6","1","49","pm25","67","24","14","55","5","6","0","Good","50.4263","3.8776","28.81","0","","","","49.0","49.0","49.0","43.0","49.0","0.0","49.0","45.0","49.0","0.0","0.0","0.25","49","0","67","67","0","0","0"
"2026-04-09T09:00:00+00:00","Lahore","9","3","4","99","0.707107","-0.707107","0.866025","-0.5","0.991114","-0.133015","0","1","0","1","24.5","42","4.7","279","18.4","1014.7","0","10.7","31","","0.0","0.0","","","0.6","1","49","pm25","67","24","14","55","5","6","0","Good","20.2426","9.5918","28.14","0","","","","49.0","49.0","49.0","43.0","49.0","0.0","49.0","45.25","49.0","0.0","0.0","0.25","49","0","67","67","0","0","0"
"2026-04-09T10:00:00+00:00","Lahore","10","3","4","99","0.5","-0.866025","0.866025","-0.5","0.991114","-0.133015","0","0","0","1","24.5","42","7.4","309","21.6","1013.9","0","10.6","20","","0.0","0.0","","","-0.4","1","49","pm25","67","24","14","55","5","6","0","Good","12.8568","15.102","28.14","0","","","","49.0","49.0","49.0","43.0","49.0","0.0","49.0","45.5","49.0","0.0","0.0","0.25","49","0","67","67","0","0","0"
"2026-04-09T11:00:00+00:00","Lahore","11","3","4","99","0.258819","-0.965926","0.866025","-0.5","0.991114","-0.133015","0","0","0","1","23.5","47","10.0","334","26.3","1013.7","0","11.4","3","","0.0","0.0","","","-1.1","0","49","pm25","67","24","14","55","5","6","0","Good","9.849","20.4082","31.49","0","","","","49.0","49.0","49.0","43.0","49.0","0.0","49.0","45.75","49.0","0.0","0.0","0.25","49","0","67","67","0","0","0"
"2026-04-09T12:00:00+00:00","Lahore","12","3","4","99","0.0","-1.0","0.866025","-0.5","0.991114","-0.133015","0","0","0","1","22.9","49","9.8","17","25.6","1013.9","0","11.6","7","","0.0","0.0","","","-0.9","0","49","pm25","67","24","14","55","5","6","0","Good","10.1867","20.0","32.83","0","","","","49.0","49.0","49.0","43.0","49.0","0.0","49.0","46.0","49.0","0.0","0.0","0.25","49","0","67","67","0","0","0"
"2026-04-09T13:00:00+00:00","Lahore","13","3","4","99","-0.258819","-0.965926","0.866025","-0.5","0.991114","-0.133015","0","0","0","1","21.8","56","8.3","20","23.0","1014.1","0","12.5","5","","0.0","0.0","","","-0.4","0","49","pm25","67","24","14","55","5","6","0","Good","12.5928","16.9388","37.52","0","","","","49.0","49.0","49.0","43.0","49.0","0.0","49.0","46.25","49.0","0.0","0.0","0.25","49","0","67","67","0","0","0"
"2026-04-09T14:00:00+00:00","Lahore","14","3","4","99","-0.5","-0.866025","0.866025","-0.5","0.991114","-0.133015","0","0","0","1","20.4","64","6.5","34","17.3","1014.6","0","13.2","2","","0.0","0.0","","","0.1","0","49","pm25","67","24","14","55","5","6","0","Good","16.9046","13.2653","42.88","0","","","","49.0","49.0","49.0","43.0","49.0","0.0","49.0","46.5","49.0","0.0","0.0","0.25","49","0","67","67","0","0","0"
"2026-04-09T15:00:00+00:00","Lahore","15","3","4","99","-0.707107","-0.707107","0.866025","-0.5","0.991114","-0.133015","0","0","0","1","19.5","69","5.0","35","13.0","1015.7","0","13.6","1","","0.0","0.0","","","0.4","0","49","pm25","67","24","14","55","5","6","0","Good","22.646","10.2041","46.23","0","","","","49.0","49.0","49.0","43.0","49.0","0.0","49.0","46.75","49.0","0.0","0.0","0.25","49","0","67","67","0","0","0"
"2026-04-09T16:00:00+00:00","Lahore","16","3","4","99","-0.866025","-0.5","0.866025","-0.5","0.991114","-0.133015","0","0","0","1","18.6","74","4.5","34","9.7","1016.1","0","13.9","0","","0.0","0.0","","","0.6","0","49","pm25","67","24","14","55","5","6","0","Good","25.9067","9.1837","49.58","0","","","","49.0","49.0","49.0","43.0","49.0","0.0","49.0","47.0","49.0","0.0","0.0","0.25","49","0","67","67","0","0","0"
"2026-04-09T17:00:00+00:00","Lahore","17","3","4","99","-0.965926","-0.258819","0.866025","-0.5","0.991114","-0.133015","0","1","0","1","17.8","79","3.9","24","8.3","1016.1","0","14.1","0","","0.0","0.0","","","0.8","0","49","pm25","67","24","14","55","5","6","0","Good","30.7513","7.9592","52.93","0","","","","49.0","49.0","49.0","43.0","49.0","0.0","49.0","47.25","49.0","0.0","0.0","0.25","49","0","67","67","0","0","0"
"2026-04-09T18:00:00+00:00","Lahore","18","3","4","99","-1.0","-0.0","0.866025","-0.5","0.991114","-0.133015","0","1","0","1","18.5","75","4.6","21","6.5","1016.3","0","14.1","0","","0.0","0.0","","","0.7","0","49","pm25","67","24","14","55","5","6","0","Good","25.4891","9.3878","50.25","0","","","","49.0","49.0","49.0","43.0","49.0","0.0","49.0","47.5","49.0","0.0","0.0","0.25","49","0","67","67","0","0","0"
"2026-04-09T19:00:00+00:00","Lahore","19","3","4","99","-0.965926","0.258819","0.866025","-0.5","0.991114","-0.133015","0","1","0","1","18.4","77","4.2","342","7.9","1016.4","0","14.3","0","","0.0","0.0","","","0.8","0","49","pm25","67","24","14","55","5","6","0","Good","28.2357","8.5714","51.59","0","","","","49.0","49.0","49.0","43.0","49.0","0.0","49.0","47.75","49.0","0.0","0.0","0.25","49","0","67","67","0","0","0"
"2026-04-09T20:00:00+00:00","Lahore","20","3","4","99","-0.866025","0.5","0.866025","-0.5","0.991114","-0.133015","0","0","0","1","18.1","76","5.0","314","8.6","1016.5","0","13.8","0","","0.0","0.0","","","0.6","0","49","pm25","67","24","14","55","5","6","0","Good","23.584","10.2041","50.92","0","","","","49.0","49.0","49.0","43.0","49.0","0.0","49.0","48.0","49.0","0.0","0.0","0.25","49","0","67","67","0","0","0"
"2026-04-09T21:00:00+00:00","Lahore","21","3","4","99","-0.707107","0.707107","0.866025","-0.5","0.991114","-0.133015","0","0","0","1","17.9","74","6.2","327","11.2","1015.8","0","13.3","0","","0.0","0.0","","","0.1","0","49","pm25","67","24","14","55","5","6","0","Good","18.8032","12.6531","49.58","0","","","","49.0","49.0","49.0","43.0","49.0","0.0","49.0","48.25","49.0","0.0","0.0","0.25","49","0","67","67","0","0","0"
"2026-04-09T22:00:00+00:00","Lahore","22","3","4","99","-0.5","0.866025","0.866025","-0.5","0.991114","-0.133015","0","0","1","1","17.5","72","6.7","329","13.0","1015.4","0","12.5","0","","0.0","0.0","","","-0.1","0","49","pm25","67","24","14","55","5","6","0","Good","17.2","13.6735","48.24","0","","","","49.0","49.0","49.0","43.0","49.0","0.0","49.0","48.5","49.0","0.0","0.0","0.25","49","0","67","67","0","0","0"
"2026-04-09T23:00:00+00:00","Lahore","23","3","4","99","-0.258819","0.965926","0.866025","-0.5","0.991114","-0.133015","0","0","1","1","16.8","75","6.0","316","12.6","1015.1","0","12.2","0","","0.0","0.0","","","-0.2","0","49","pm25","67","24","14","55","5","6","0","Good","19.5417","12.2449","50.25","0","","","","49.0","49.0","49.0","43.0","49.0","0.0","49.0","48.75","49.0","0.0","0.0","0.25","49","0","67","67","0","0","0"
"2026-04-10T00:00:00+00:00","Lahore","0","4","4","100","0.0","1.0","0.866025","-0.5","0.988678","-0.150055","0","0","1","1","16.0","82","6.3","321","10.8","1015.3","0","12.9","0","","0.0","0.0","","","0.0","0","44","pm25","61","17","1","44","4","5","0","Good","17.6222","14.3182","50.02","0","","","","49.0","49.0","49.0","49.0","49.0","0.0","49.0","49.0","49.0","0.0","0.0","0.0","44","0","61","61","0","0","0"
"2026-04-10T01:00:00+00:00","Lahore","1","4","4","100","0.258819","0.965926","0.866025","-0.5","0.988678","-0.150055","0","0","1","1","16.0","82","5.3","327","11.9","1015.8","0","12.9","0","","0.0","0.0","","","0.1","0","44","pm25","61","17","1","44","4","5","0","Good","20.9472","12.0455","50.02","0","","","","44.0","49.0","49.0","49.0","47.33","2.36","48.17","48.79","49.0","-5.0","-0.8333","-0.2083","44","0","61","61","0","0","0"
"2026-04-10T02:00:00+00:00","Lahore","2","4","4","100","0.5","0.866025","0.866025","-0.5","0.988678","-0.150055","0","0","1","1","17.1","77","6.6","339","12.2","1016.3","0","13.1","0","","0.0","0.0","","","0.1","0","44","pm25","61","17","1","44","4","5","0","Good","16.3591","15.0","46.97","0","","","","44.0","49.0","49.0","49.0","45.67","2.36","47.33","48.58","49.0","0.0","-0.8333","-0.2083","44","0","61","61","0","0","0"
"2026-04-10T03:00:00+00:00","Lahore","3","4","4","100","0.707107","0.707107","0.866025","-0.5","0.988678","-0.150055","0","0","1","1","19.5","65","5.4","312","15.1","1016.9","0","12.9","0","","0.0","0.0","","","0.2","0","44","pm25","61","17","1","44","4","5","0","Good","18.6389","12.2727","39.65","0","","","","44.0","44.0","49.0","49.0","44.0","0.0","46.5","48.38","49.0","0.0","-0.8333","-0.2083","44","0","61","61","0","0","0"
"2026-04-10T04:00:00+00:00","Lahore","4","4","4","100","0.866025","0.5","0.866025","-0.5","0.988678","-0.150055","0","0","1","1","22.5","51","7.6","315","21.2","1016.6","0","11.8","0","","0.0","0.0","","","-0.6","0","44","pm25","61","17","1","44","4","5","0","Good","12.1197","17.2727","31.11","0","","","","44.0","44.0","49.0","49.0","44.0","0.0","45.67","48.17","49.0","0.0","-0.8333","-0.2083","44","0","61","61","0","0","0"
"2026-04-10T05:00:00+00:00","Lahore","5","4","4","100","0.965926","0.258819","0.866025","-0.5","0.988678","-0.150055","0","0","1","1","24.8","40","8.6","329","25.2","1015.9","0","10.4","1","","0.0","0.0","","","-0.5","0","44","pm25","61","17","1","44","4","5","0","Good","9.9302","19.5455","24.4","0","","","","44.0","44.0","49.0","49.0","44.0","0.0","44.83","47.96","49.0","0.0","-0.8333","-0.2083","44","0","61","61","0","0","0"
"2026-04-10T06:00:00+00:00","Lahore","6","4","4","100","1.0","0.0","0.866025","-0.5","0.988678","-0.150055","0","0","0","1","26.4","33","10.1","313","27.0","1016.0","0","9.1","41","","0.0","0.0","","","-0.3","1","44","pm25","61","17","1","44","4","5","0","Good","8.0327","22.9545","20.13","0","","","","44.0","44.0","44.0","49.0","44.0","0.0","44.0","47.75","49.0","0.0","0.0","-0.2083","44","0","61","61","0","0","0"
"2026-04-10T07:00:00+00:00","Lahore","7","4","4","100","0.965926","-0.258819","0.866025","-0.5","0.988678","-0.150055","0","1","0","1","27.9","28","11.5","300","31.3","1015.4","0","7.9","24","","0.0","0.0","26.94","","-0.5","1","44","pm25","61","17","1","44","4","5","0","Good","6.7896","26.1364","17.08","0","","","","44.0","44.0","44.0","49.0","44.0","0.0","44.0","47.54","49.0","0.0","0.0","-0.2083","44","0","61","61","0","0","0"
"2026-04-10T08:00:00+00:00","Lahore","8","4","4","100","0.866025","-0.5","0.866025","-0.5","0.988678","-0.150055","0","1","0","1","28.8","26","12.6","297","33.8","1014.5","0","7.6","83","","0.0","0.0","27.51","","-0.7","3","44","pm25","61","17","1","44","4","5","0","Good","6.1","28.6364","15.86","0","","","","44.0","44.0","44.0","49.0","44.0","0.0","44.0","47.33","49.0","0.0","0.0","-0.2083","44","0","61","61","0","0","0"
"2026-04-10T09:00:00+00:00","Lahore","9","4","4","100","0.707107","-0.707107","0.866025","-0.5","0.988678","-0.150055","0","1","0","1","29.1","26","12.2","294","33.8","1013.4","0","7.7","98","","0.0","0.0","27.75","","-1.1","3","44","pm25","61","17","1","44","4","5","0","Good","6.3","27.7273","15.86","0","","","","44.0","44.0","44.0","49.0","44.0","0.0","44.0","47.12","49.0","0.0","0.0","-0.2083","44","0","61","61","0","0","0"
"2026-04-10T10:00:00+00:00","Lahore","10","4","4","100","0.5","-0.866025","0.866025","-0.5","0.988678","-0.150055","0","0","0","1","29.2","27","11.8","295","32.8","1012.4","0","8.1","98","","0.0","0.0","27.88","","-1.7","3","44","pm25","61","17","1","44","4","5","0","Good","6.5653","26.8182","16.47","0","","","","44.0","44.0","44.0","49.0","44.0","0.0","44.0","46.92","49.0","0.0","0.0","-0.2083","44","0","61","61","0","0","0"
"2026-04-10T11:00:00+00:00","Lahore","11","4","4","100","0.258819","-0.965926","0.866025","-0.5","0.988678","-0.150055","0","0","0","1","28.8","29","11.5","297","30.6","1011.5","0","8.8","31","","0.0","0.0","27.66","","-2.0","1","44","pm25","61","17","1","44","4","5","0","Good","6.8426","26.1364","17.69","0","","","","44.0","44.0","44.0","49.0","44.0","0.0","44.0","46.71","49.0","0.0","0.0","-0.2083","44","0","61","61","0","0","0"
"2026-04-10T12:00:00+00:00","Lahore","12","4","4","100","0.0","-1.0","0.866025","-0.5","0.988678","-0.150055","0","0","0","1","28.2","30","11.8","282","28.8","1011.8","0","9.2","83","","0.0","0.0","27.24","","-1.9","3","44","pm25","61","17","1","44","4","5","0","Good","6.7203","26.8182","18.3","0","","","","44.0","44.0","44.0","49.0","44.0","0.0","44.0","46.5","49.0","0.0","0.0","-0.2083","44","0","61","61","0","0","0"
"2026-04-10T13:00:00+00:00","Lahore","13","4","4","100","-0.258819","-0.965926","0.866025","-0.5","0.988678","-0.150055","0","0","0","1","27.2","33","10.6","280","27.7","1011.6","0","9.8","39","","0.0","0.0","26.67","","-1.6","1","44","pm25","61","17","1","44","4","5","0","Good","7.6538","24.0909","20.13","0","","","","44.0","44.0","44.0","49.0","44.0","0.0","44.0","46.29","49.0","0.0","0.0","-0.2083","44","0","61","61","0","0","0"
"2026-04-10T14:00:00+00:00","Lahore","14","4","4","100","-0.5","-0.866025","0.866025","-0.5","0.988678","-0.150055","0","0","0","1","25.8","38","9.0","286","22.3","1011.9","0","10.4","84","","0.0","0.0","","","-1.2","3","44","pm25","61","17","1","44","4","5","0","Good","9.3533","20.4545","23.18","0","","","","44.0","44.0","44.0","49.0","44.0","0.0","44.0","46.08","49.0","0.0","0.0","-0.2083","44","0","61","61","0","0","0"
"2026-04-10T15:00:00+00:00","Lahore","15","4","4","100","-0.707107","-0.707107","0.866025","-0.5","0.988678","-0.150055","0","0","0","1","25.0","42","7.9","300","19.1","1012.5","0","11.0","100","","0.0","0.0","","","-0.9","3","44","pm25","61","17","1","44","4","5","0","Good","10.9646","17.9545","25.62","0","","","","44.0","44.0","44.0","49.0","44.0","0.0","44.0","45.88","49.0","0.0","0.0","-0.2083","44","0","61","61","0","0","0"
"2026-04-10T16:00:00+00:00","Lahore","16","4","4","100","-0.866025","-0.5","0.866025","-0.5","0.988678","-0.150055","0","0","0","1","24.5","43","7.9","297","16.2","1013.0","0","11.2","100","","0.0","0.0","","","-0.8","3","44","pm25","61","17","1","44","4","5","0","Good","11.0418","17.9545","26.23","0","","","","44.0","44.0","44.0","49.0","44.0","0.0","44.0","45.67","49.0","0.0","0.0","-0.2083","44","0","61","61","0","0","0"
"2026-04-10T17:00:00+00:00","Lahore","17","4","4","100","-0.965926","-0.258819","0.866025","-0.5","0.988678","-0.150055","0","1","0","1","24.0","45","7.6","295","15.8","1013.3","0","11.5","100","","0.0","0.0","","","-0.6","3","44","pm25","61","17","1","44","4","5","0","Good","11.6382","17.2727","27.45","0","","","","44.0","44.0","44.0","49.0","44.0","0.0","44.0","45.46","49.0","0.0","0.0","-0.2083","44","0","61","61","0","0","0"
"2026-04-10T18:00:00+00:00","Lahore","18","4","4","100","-1.0","-0.0","0.866025","-0.5","0.988678","-0.150055","0","1","0","1","24.2","48","8.4","293","18.4","1013.3","0","12.7","100","","0.0","0.0","","","-0.3","3","44","pm25","61","17","1","44","4","5","0","Good","10.7476","19.0909","29.28","0","","","","44.0","44.0","44.0","49.0","44.0","0.0","44.0","45.25","49.0","0.0","0.0","-0.2083","44","0","61","61","0","0","0"
"2026-04-10T19:00:00+00:00","Lahore","19","4","4","100","-0.965926","0.258819","0.866025","-0.5","0.988678","-0.150055","0","1","0","1","23.9","51","10.5","294","20.9","1013.1","0","13.0","100","","0.0","0.0","","","-0.6","3","44","pm25","61","17","1","44","4","5","0","Good","8.7724","23.8636","31.11","0","","","","44.0","44.0","44.0","49.0","44.0","0.0","44.0","45.04","49.0","0.0","0.0","-0.2083","44","0","61","61","0","0","0"
"2026-04-10T20:00:00+00:00","Lahore","20","4","4","100","-0.866025","0.5","0.866025","-0.5","0.988678","-0.150055","0","0","0","1","23.0","54","12.8","305","24.8","1013.0","0","13.2","100","","0.0","0.0","","","-0.8","3","44","pm25","61","17","1","44","4","5","0","Good","7.3391","29.0909","32.94","0","","","","44.0","44.0","44.0","49.0","44.0","0.0","44.0","44.83","49.0","0.0","0.0","-0.2083","44","0","61","61","0","0","0"
"2026-04-10T21:00:00+00:00","Lahore","21","4","4","100","-0.707107","0.707107","0.866025","-0.5","0.988678","-0.150055","0","0","0","1","21.1","65","18.8","296","40.7","1013.1","0","14.3","100","","0.5","0.5","","","-1.3","53","44","pm25","61","17","1","44","4","5","0","Good","5.3537","42.7273","39.65","0","","","","44.0","44.0","44.0","49.0","44.0","0.0","44.0","44.62","49.0","0.0","0.0","-0.2083","44","0","61","61","0","0","0"
"2026-04-10T22:00:00+00:00","Lahore","22","4","4","100","-0.5","0.866025","0.866025","-0.5","0.988678","-0.150055","0","0","1","1","18.5","90","12.0","317","37.4","1012.4","0","16.8","100","","2.6","2.6","","","0.6","63","44","pm25","61","17","1","44","4","5","0","Good","9.6583","27.2727","54.9","0","","","","44.0","44.0","44.0","49.0","44.0","0.0","44.0","44.42","49.0","0.0","0.0","-0.2083","44","0","61","61","0","0","0"
"2026-04-10T23:00:00+00:00","Lahore","23","4","4","100","-0.258819","0.965926","0.866025","-0.5","0.988678","-0.150055","0","0","1","1","18.5","87","8.0","306","22.3","1012.3","0","16.4","100","","0.5","0.5","","","1.0","53","44","pm25","61","17","1","44","4","5","0","Good","14.2588","18.1818","53.07","0","","","","44.0","44.0","44.0","49.0","44.0","0.0","44.0","44.21","49.0","0.0","0.0","-0.2083","44","0","61","61","0","0","0"
"2026-04-11T00:00:00+00:00","Lahore","0","5","4","101","0.0","1.0","0.866025","-0.5","0.985948","-0.167052","1","0","1","1","19.1","86","1.5","225","16.6","1011.5","0","16.8","91","","0.0","0.0","","","2.2","3","55","pm25","56","25","3","51","5","0","1","Moderate","69.44","2.7273","48.16","0","","","","44.0","44.0","44.0","44.0","44.0","0.0","44.0","44.0","44.0","0.0","0.0","0.0","55","1","56","56","1","1","0"
"2026-04-11T01:00:00+00:00","Lahore","1","5","4","101","0.258819","0.965926","0.866025","-0.5","0.985948","-0.167052","1","0","1","1","18.6","86","4.8","295","14.8","1012.1","0","16.2","99","","0.0","0.0","","","1.5","3","55","pm25","56","25","3","51","5","0","1","Moderate","21.7","8.7273","48.16","0","","","","55.0","44.0","44.0","44.0","47.67","5.19","45.83","44.46","55.0","11.0","1.8333","0.4583","55","1","56","56","1","1","1"
"2026-04-11T02:00:00+00:00","Lahore","2","5","4","101","0.5","0.866025","0.866025","-0.5","0.985948","-0.167052","1","0","1","1","19.1","83","4.8","191","11.2","1012.0","0","16.1","45","","0.0","0.0","","","1.4","1","55","pm25","56","25","3","51","5","0","1","Moderate","21.35","8.7273","46.48","0","","","","55.0","44.0","44.0","44.0","51.33","5.19","47.67","44.92","55.0","0.0","1.8333","0.4583","55","1","56","56","1","1","0"
"2026-04-11T03:00:00+00:00","Lahore","3","5","4","101","0.707107","0.707107","0.866025","-0.5","0.985948","-0.167052","1","0","1","1","20.9","73","3.1","180","12.6","1012.5","0","15.9","26","","0.0","0.0","","","1.5","1","55","pm25","56","25","3","51","5","0","1","Moderate","31.2516","5.6364","40.88","0","","","","55.0","55.0","44.0","44.0","55.0","0.0","49.5","45.38","55.0","0.0","1.8333","0.4583","55","1","56","56","1","1","0"
"2026-04-11T04:00:00+00:00","Lahore","4","5","4","101","0.866025","0.5","0.866025","-0.5","0.985948","-0.167052","1","0","1","1","22.9","63","3.3","167","13.3","1012.6","0","15.4","6","","0.0","0.0","","","1.4","0","55","pm25","56","25","3","51","5","0","1","Moderate","27.6606","6.0","35.28","0","","","","55.0","55.0","44.0","44.0","55.0","0.0","51.33","45.83","55.0","0.0","1.8333","0.4583","55","1","56","56","1","1","0"
"2026-04-11T05:00:00+00:00","Lahore","5","5","4","101","0.965926","0.258819","0.866025","-0.5","0.985948","-0.167052","1","0","1","1","25.0","51","1.3","98","13.3","1012.5","0","14.2","1","","0.0","0.0","","","1.9","0","55","pm25","56","25","3","51","5","0","1","Moderate","65.0462","2.3636","28.56","0","","","","55.0","55.0","44.0","44.0","55.0","0.0","53.17","46.29","55.0","0.0","1.8333","0.4583","55","1","56","56","1","1","0"
"2026-04-11T06:00:00+00:00","Lahore","6","5","4","101","1.0","0.0","0.866025","-0.5","0.985948","-0.167052","1","0","0","1","26.8","42","2.2","55","13.0","1012.2","0","12.8","5","","0.0","0.0","","","2.0","0","55","pm25","56","25","3","51","5","0","1","Moderate","36.1455","4.0","23.52","0","","","","55.0","55.0","55.0","44.0","55.0","0.0","55.0","46.75","55.0","0.0","0.0","0.4583","55","1","56","56","1","1","0"
"2026-04-11T07:00:00+00:00","Lahore","7","5","4","101","0.965926","-0.258819","0.866025","-0.5","0.985948","-0.167052","1","1","0","1","28.0","39","1.8","45","16.2","1011.4","0","12.6","6","","0.0","0.0","27.6","","2.3","0","55","pm25","56","25","3","51","5","0","1","Moderate","43.2444","3.2727","21.84","0","","","","55.0","55.0","55.0","44.0","55.0","0.0","55.0","47.21","55.0","0.0","0.0","0.4583","55","1","56","56","1","1","0"
"2026-04-11T08:00:00+00:00","Lahore","8","5","4","101","0.866025","-0.5","0.866025","-0.5","0.985948","-0.167052","1","1","0","1","28.4","36","2.3","225","16.6","1010.7","0","12.1","29","","0.0","0.0","27.74","","2.2","1","55","pm25","56","25","3","51","5","0","1","Moderate","33.113","4.1818","20.16","0","","","","55.0","55.0","55.0","44.0","55.0","0.0","55.0","47.67","55.0","0.0","0.0","0.4583","55","1","56","56","1","1","0"
"2026-04-11T09:00:00+00:00","Lahore","9","5","4","101","0.707107","-0.707107","0.866025","-0.5","0.985948","-0.167052","1","1","0","1","28.7","35","3.2","297","17.3","1009.7","0","11.6","45","","0.0","0.0","27.93","","1.0","1","55","pm25","56","25","3","51","5","0","1","Moderate","23.625","5.8182","19.6","0","","","","55.0","55.0","55.0","44.0","55.0","0.0","55.0","48.12","55.0","0.0","0.0","0.4583","55","1","56","56","1","1","0"
"2026-04-11T10:00:00+00:00","Lahore","10","5","4","101","0.5","-0.866025","0.866025","-0.5","0.985948","-0.167052","1","0","0","1","28.6","35","5.1","312","18.4","1009.3","0","11.7","62","","0.0","0.0","27.85","","0.1","2","55","pm25","56","25","3","51","5","0","1","Moderate","14.8235","9.2727","19.6","0","","","","55.0","55.0","55.0","44.0","55.0","0.0","55.0","48.58","55.0","0.0","0.0","0.4583","55","1","56","56","1","1","0"
"2026-04-11T11:00:00+00:00","Lahore","11","5","4","101","0.258819","-0.965926","0.866025","-0.5","0.985948","-0.167052","1","0","0","1","24.9","49","16.4","345","36.4","1010.6","0","13.4","38","","0.4","0.4","","","-1.4","51","55","pm25","56","25","3","51","5","0","1","Moderate","5.0878","29.8182","27.44","0","","","","55.0","55.0","55.0","44.0","55.0","0.0","55.0","49.04","55.0","0.0","0.0","0.4583","55","1","56","56","1","1","0"
"2026-04-11T12:00:00+00:00","Lahore","12","5","4","101","0.0","-1.0","0.866025","-0.5","0.985948","-0.167052","1","0","0","1","28.3","31","8.3","281","44.6","1008.5","0","9.5","6","","0.0","0.0","27.37","","-1.3","0","55","pm25","56","25","3","51","5","0","1","Moderate","8.8386","15.0909","17.36","0","","","","55.0","55.0","55.0","44.0","55.0","0.0","55.0","49.5","55.0","0.0","0.0","0.4583","55","1","56","56","1","1","0"
"2026-04-11T13:00:00+00:00","Lahore","13","5","4","101","-0.258819","-0.965926","0.866025","-0.5","0.985948","-0.167052","1","0","0","1","25.7","41","10.6","360","20.9","1009.3","0","11.6","8","","0.0","0.0","","","-1.1","0","55","pm25","56","25","3","51","5","0","1","Moderate","7.4491","19.2727","22.96","0","","","","55.0","55.0","55.0","44.0","55.0","0.0","55.0","49.96","55.0","0.0","0.0","0.4583","55","1","56","56","1","1","0"
"2026-04-11T14:00:00+00:00","Lahore","14","5","4","101","-0.5","-0.866025","0.866025","-0.5","0.985948","-0.167052","1","0","0","1","23.1","51","7.5","24","23.8","1010.3","0","12.4","2","","0.0","0.0","","","-0.3","0","55","pm25","56","25","3","51","5","0","1","Moderate","11.2747","13.6364","28.56","0","","","","55.0","55.0","55.0","44.0","55.0","0.0","55.0","50.42","55.0","0.0","0.0","0.4583","55","1","56","56","1","1","0"
"2026-04-11T15:00:00+00:00","Lahore","15","5","4","101","-0.707107","-0.707107","0.866025","-0.5","0.985948","-0.167052","1","0","0","1","21.9","57","6.3","15","14.4","1010.7","0","13.0","5","","0.0","0.0","","","0.0","0","55","pm25","56","25","3","51","5","0","1","Moderate","13.9556","11.4545","31.92","0","","","","55.0","55.0","55.0","44.0","55.0","0.0","55.0","50.88","55.0","0.0","0.0","0.4583","55","1","56","56","1","1","0"
"2026-04-11T16:00:00+00:00","Lahore","16","5","4","101","-0.866025","-0.5","0.866025","-0.5","0.985948","-0.167052","1","0","0","1","21.0","61","6.6","22","11.9","1011.0","0","13.4","2","","0.0","0.0","","","0.2","0","55","pm25","56","25","3","51","5","0","1","Moderate","13.6606","12.0","34.16","0","","","","55.0","55.0","55.0","44.0","55.0","0.0","55.0","51.33","55.0","0.0","0.0","0.4583","55","1","56","56","1","1","0"
"2026-04-11T17:00:00+00:00","Lahore","17","5","4","101","-0.965926","-0.258819","0.866025","-0.5","0.985948","-0.167052","1","1","0","1","20.3","64","6.9","23","13.3","1011.0","0","13.3","0","","0.0","0.0","","","0.1","0","55","pm25","56","25","3","51","5","0","1","Moderate","13.3101","12.5455","35.84","0","","","","55.0","55.0","55.0","44.0","55.0","0.0","55.0","51.79","55.0","0.0","0.0","0.4583","55","1","56","56","1","1","0"
"2026-04-11T18:00:00+00:00","Lahore","18","5","4","101","-1.0","-0.0","0.866025","-0.5","0.985948","-0.167052","1","1","0","1","20.0","72","5.4","42","12.6","1011.3","0","14.9","1","","0.0","0.0","","","0.8","0","55","pm25","56","25","3","51","5","0","1","Moderate","17.837","9.8182","40.32","0","","","","55.0","55.0","55.0","44.0","55.0","0.0","55.0","52.25","55.0","0.0","0.0","0.4583","55","1","56","56","1","1","0"
"2026-04-11T19:00:00+00:00","Lahore","19","5","4","101","-0.965926","0.258819","0.866025","-0.5","0.985948","-0.167052","1","1","0","1","19.3","78","4.2","31","9.7","1010.9","0","15.3","10","","0.0","0.0","","","1.2","0","55","pm25","56","25","3","51","5","0","1","Moderate","23.7333","7.6364","43.68","0","","","","55.0","55.0","55.0","44.0","55.0","0.0","55.0","52.71","55.0","0.0","0.0","0.4583","55","1","56","56","1","1","0"
"2026-04-11T20:00:00+00:00","Lahore","20","5","4","101","-0.866025","0.5","0.866025","-0.5","0.985948","-0.167052","1","0","0","1","18.6","81","3.8","360","7.2","1010.5","0","15.2","16","","0.0","0.0","","","1.3","0","55","pm25","56","25","3","51","5","0","1","Moderate","26.6737","6.9091","45.36","0","","","","55.0","55.0","55.0","44.0","55.0","0.0","55.0","53.17","55.0","0.0","0.0","0.4583","55","1","56","56","1","1","0"
"2026-04-11T21:00:00+00:00","Lahore","21","5","4","101","-0.707107","0.707107","0.866025","-0.5","0.985948","-0.167052","1","0","0","1","18.2","81","5.4","6","9.7","1009.8","0","14.9","1","","0.0","0.0","","","0.9","0","55","pm25","56","25","3","51","5","0","1","Moderate","18.7704","9.8182","45.36","0","","","","55.0","55.0","55.0","44.0","55.0","0.0","55.0","53.62","55.0","0.0","0.0","0.4583","55","1","56","56","1","1","0"
"2026-04-11T22:00:00+00:00","Lahore","22","5","4","101","-0.5","0.866025","0.866025","-0.5","0.985948","-0.167052","1","0","1","1","17.8","81","5.8","14","11.9","1009.6","0","14.4","0","","0.0","0.0","","","0.6","0","55","pm25","56","25","3","51","5","0","1","Moderate","17.4759","10.5455","45.36","0","","","","55.0","55.0","55.0","44.0","55.0","0.0","55.0","54.08","55.0","0.0","0.0","0.4583","55","1","56","56","1","1","0"
"2026-04-11T23:00:00+00:00","Lahore","23","5","4","101","-0.258819","0.965926","0.866025","-0.5","0.985948","-0.167052","1","0","1","1","17.1","83","3.1","350","10.4","1009.5","0","14.2","25","","0.0","0.0","","","0.9","1","55","pm25","56","25","3","51","5","0","1","Moderate","33.0581","5.6364","46.48","0","","","","55.0","55.0","55.0","44.0","55.0","0.0","55.0","54.54","55.0","0.0","0.0","0.4583","55","1","56","56","1","1","0"
"2026-04-12T00:00:00+00:00","Lahore","0","6","4","102","0.0","1.0","0.866025","-0.5","0.982927","-0.183998","1","0","1","1","16.8","86","3.7","346","5.0","1009.7","0","14.4","75","","0.0","0.0","","","0.8","2","50","pm25","64","18","3","45","6","3","0","Good","32.173","7.4","55.04","0","","","","55.0","55.0","55.0","55.0","55.0","0.0","55.0","55.0","55.0","0.0","0.0","0.0","50","0","64","64","0","0","0"
"2026-04-12T01:00:00+00:00","Lahore","1","6","4","102","0.258819","0.965926","0.866025","-0.5","0.982927","-0.183998","1","0","1","1","17.0","85","4.1","308","7.2","1009.8","0","14.4","75","","0.0","0.0","","","0.8","2","50","pm25","64","18","3","45","6","3","0","Good","28.878","8.2","54.4","0","","","","50.0","55.0","55.0","55.0","53.33","2.36","54.17","54.79","55.0","-5.0","-0.8333","-0.2083","50","0","64","64","0","0","0"
"2026-04-12T02:00:00+00:00","Lahore","2","6","4","102","0.5","0.866025","0.866025","-0.5","0.982927","-0.183998","1","0","1","1","18.5","78","6.9","309","14.0","1010.5","0","14.6","3","","0.0","0.0","","","0.6","0","50","pm25","64","18","3","45","6","3","0","Good","16.5101","13.8","49.92","0","","","","50.0","55.0","55.0","55.0","51.67","2.36","53.33","54.58","55.0","0.0","-0.8333","-0.2083","50","0","64","64","0","0","0"
"2026-04-12T03:00:00+00:00","Lahore","3","6","4","102","0.707107","0.707107","0.866025","-0.5","0.982927","-0.183998","1","0","1","1","21.4","68","3.9","313","14.4","1010.7","0","15.2","19","","0.0","0.0","","","1.1","0","50","pm25","64","18","3","45","6","3","0","Good","27.5692","7.8","43.52","0","","","","50.0","50.0","55.0","55.0","50.0","0.0","52.5","54.38","55.0","0.0","-0.8333","-0.2083","50","0","64","64","0","0","0"
"2026-04-12T04:00:00+00:00","Lahore","4","6","4","102","0.866025","0.5","0.866025","-0.5","0.982927","-0.183998","1","0","1","1","24.6","52","4.7","332","16.2","1010.7","0","13.9","5","","0.0","0.0","","","0.6","0","50","pm25","64","18","3","45","6","3","0","Good","20.6979","9.4","33.28","0","","","","50.0","50.0","55.0","55.0","50.0","0.0","51.67","54.17","55.0","0.0","-0.8333","-0.2083","50","0","64","64","0","0","0"
"2026-04-12T05:00:00+00:00","Lahore","5","6","4","102","0.965926","0.258819","0.866025","-0.5","0.982927","-0.183998","1","0","1","1","26.8","39","7.0","331","22.0","1010.3","0","11.8","0","","0.0","0.0","","","0.2","0","50","pm25","64","18","3","45","6","3","0","Good","12.7086","14.0","24.96","0","","","","50.0","50.0","55.0","55.0","50.0","0.0","50.83","53.96","55.0","0.0","-0.8333","-0.2083","50","0","64","64","0","0","0"
"2026-04-12T06:00:00+00:00","Lahore","6","6","4","102","1.0","0.0","0.866025","-0.5","0.982927","-0.183998","1","0","0","1","27.9","37","8.2","334","24.8","1010.8","0","11.9","0","","0.0","0.0","27.39","","0.9","0","50","pm25","64","18","3","45","6","3","0","Good","10.6927","16.4","23.68","0","","","","50.0","50.0","50.0","55.0","50.0","0.0","50.0","53.75","55.0","0.0","0.0","-0.2083","50","0","64","64","0","0","0"
"2026-04-12T07:00:00+00:00","Lahore","7","6","4","102","0.965926","-0.258819","0.866025","-0.5","0.982927","-0.183998","1","1","0","1","29.2","32","8.4","323","26.3","1010.2","0","11.0","8","","0.0","0.0","28.17","","1.1","0","50","pm25","64","18","3","45","6","3","0","Good","10.0571","16.8","20.48","0","","","","50.0","50.0","50.0","55.0","50.0","0.0","50.0","53.54","55.0","0.0","0.0","-0.2083","50","0","64","64","0","0","0"
"2026-04-12T08:00:00+00:00","Lahore","8","6","4","102","0.866025","-0.5","0.866025","-0.5","0.982927","-0.183998","1","1","0","1","30.3","27","8.6","319","26.3","1009.2","0","9.3","13","","0.0","0.0","28.82","","0.2","0","50","pm25","64","18","3","45","6","3","0","Good","9.4512","17.2","17.28","0","","","","50.0","50.0","50.0","55.0","50.0","0.0","50.0","53.33","55.0","0.0","0.0","-0.2083","50","0","64","64","0","0","0"
"2026-04-12T09:00:00+00:00","Lahore","9","6","4","102","0.707107","-0.707107","0.866025","-0.5","0.982927","-0.183998","1","1","0","1","31.1","23","9.3","317","27.0","1008.1","0","7.4","5","","0.0","0.0","29.31","","-0.7","0","50","pm25","64","18","3","45","6","3","0","Good","8.4645","18.6","14.72","0","","","","50.0","50.0","50.0","55.0","50.0","0.0","50.0","53.12","55.0","0.0","0.0","-0.2083","50","0","64","64","0","0","0"
"2026-04-12T10:00:00+00:00","Lahore","10","6","4","102","0.5","-0.866025","0.866025","-0.5","0.982927","-0.183998","1","0","0","1","31.2","22","10.1","314","28.1","1007.3","0","6.8","5","","0.0","0.0","29.35","","-1.6","0","50","pm25","64","18","3","45","6","3","0","Good","7.7307","20.2","14.08","0","","","","50.0","50.0","50.0","55.0","50.0","0.0","50.0","52.92","55.0","0.0","0.0","-0.2083","50","0","64","64","0","0","0"
"2026-04-12T11:00:00+00:00","Lahore","11","6","4","102","0.258819","-0.965926","0.866025","-0.5","0.982927","-0.183998","1","0","0","1","31.0","22","10.4","316","28.1","1006.7","0","6.7","0","","0.0","0.0","29.17","","-2.4","0","50","pm25","64","18","3","45","6","3","0","Good","7.5077","20.8","14.08","0","","","","50.0","50.0","50.0","55.0","50.0","0.0","50.0","52.71","55.0","0.0","0.0","-0.2083","50","0","64","64","0","0","0"
"2026-04-12T12:00:00+00:00","Lahore","12","6","4","102","0.0","-1.0","0.866025","-0.5","0.982927","-0.183998","1","0","0","1","30.2","21","7.4","304","27.4","1006.8","0","5.2","2","","0.0","0.0","28.44","","-2.2","0","50","pm25","64","18","3","45","6","3","0","Good","10.4649","14.8","13.44","0","","","","50.0","50.0","50.0","55.0","50.0","0.0","50.0","52.5","55.0","0.0","0.0","-0.2083","50","0","64","64","0","0","0"
"2026-04-12T13:00:00+00:00","Lahore","13","6","4","102","-0.258819","-0.965926","0.866025","-0.5","0.982927","-0.183998","1","0","0","1","28.9","25","4.2","313","18.0","1007.2","0","6.7","1","","0.0","0.0","27.55","","-1.5","0","50","pm25","64","18","3","45","6","3","0","Good","19.0476","8.4","16.0","0","","","","50.0","50.0","50.0","55.0","50.0","0.0","50.0","52.29","55.0","0.0","0.0","-0.2083","50","0","64","64","0","0","0"
"2026-04-12T14:00:00+00:00","Lahore","14","6","4","102","-0.5","-0.866025","0.866025","-0.5","0.982927","-0.183998","1","0","0","1","26.7","31","5.0","341","9.4","1007.6","0","8.3","0","","0.0","0.0","","","-1.2","0","50","pm25","64","18","3","45","6","3","0","Good","16.768","10.0","19.84","0","","","","50.0","50.0","50.0","55.0","50.0","0.0","50.0","52.08","55.0","0.0","0.0","-0.2083","50","0","64","64","0","0","0"
"2026-04-12T15:00:00+00:00","Lahore","15","6","4","102","-0.707107","-0.707107","0.866025","-0.5","0.982927","-0.183998","1","0","0","1","25.0","38","4.5","337","9.7","1008.2","0","9.8","0","","0.0","0.0","","","-0.7","0","50","pm25","64","18","3","45","6","3","0","Good","19.6267","9.0","24.32","0","","","","50.0","50.0","50.0","55.0","50.0","0.0","50.0","51.88","55.0","0.0","0.0","-0.2083","50","0","64","64","0","0","0"
"2026-04-12T16:00:00+00:00","Lahore","16","6","4","102","-0.866025","-0.5","0.866025","-0.5","0.982927","-0.183998","1","0","0","1","23.9","42","4.6","296","8.3","1009.2","0","10.3","0","","0.0","0.0","","","-0.6","0","50","pm25","64","18","3","45","6","3","0","Good","19.7565","9.2","26.88","0","","","","50.0","50.0","50.0","55.0","50.0","0.0","50.0","51.67","55.0","0.0","0.0","-0.2083","50","0","64","64","0","0","0"
"2026-04-12T17:00:00+00:00","Lahore","17","6","4","102","-0.965926","-0.258819","0.866025","-0.5","0.982927","-0.183998","1","1","0","1","23.5","42","5.6","287","9.7","1009.0","0","9.8","0","","0.0","0.0","","","-0.9","0","50","pm25","64","18","3","45","6","3","0","Good","16.2286","11.2","26.88","0","","","","50.0","50.0","50.0","55.0","50.0","0.0","50.0","51.46","55.0","0.0","0.0","-0.2083","50","0","64","64","0","0","0"
"2026-04-12T18:00:00+00:00","Lahore","18","6","4","102","-1.0","-0.0","0.866025","-0.5","0.982927","-0.183998","1","1","0","1","23.8","44","6.8","297","10.4","1009.4","0","10.8","1","","0.0","0.0","","","-0.8","0","50","pm25","64","18","3","45","6","3","0","Good","13.5529","13.6","28.16","0","","","","50.0","50.0","50.0","55.0","50.0","0.0","50.0","51.25","55.0","0.0","0.0","-0.2083","50","0","64","64","0","0","0"
"2026-04-12T19:00:00+00:00","Lahore","19","6","4","102","-0.965926","0.258819","0.866025","-0.5","0.982927","-0.183998","1","1","0","1","24.0","43","6.3","285","12.6","1009.1","0","10.6","14","","0.0","0.0","","","-0.8","0","50","pm25","64","18","3","45","6","3","0","Good","14.527","12.6","27.52","0","","","","50.0","50.0","50.0","55.0","50.0","0.0","50.0","51.04","55.0","0.0","0.0","-0.2083","50","0","64","64","0","0","0"
"2026-04-12T20:00:00+00:00","Lahore","20","6","4","102","-0.866025","0.5","0.866025","-0.5","0.982927","-0.183998","1","0","0","1","23.2","46","6.4","295","11.5","1008.9","0","10.9","0","","0.0","0.0","","","-0.6","0","50","pm25","64","18","3","45","6","3","0","Good","14.6","12.8","29.44","0","","","","50.0","50.0","50.0","55.0","50.0","0.0","50.0","50.83","55.0","0.0","0.0","-0.2083","50","0","64","64","0","0","0"
"2026-04-12T21:00:00+00:00","Lahore","21","6","4","102","-0.707107","0.707107","0.866025","-0.5","0.982927","-0.183998","1","0","0","1","22.5","49","6.3","307","11.2","1008.2","0","11.1","0","","0.0","0.0","","","-0.6","0","50","pm25","64","18","3","45","6","3","0","Good","15.1365","12.6","31.36","0","","","","50.0","50.0","50.0","55.0","50.0","0.0","50.0","50.62","55.0","0.0","0.0","-0.2083","50","0","64","64","0","0","0"
"2026-04-12T22:00:00+00:00","Lahore","22","6","4","102","-0.5","0.866025","0.866025","-0.5","0.982927","-0.183998","1","0","1","1","21.1","54","5.7","328","10.1","1008.2","0","11.5","0","","0.0","0.0","","","-0.4","0","50","pm25","64","18","3","45","6","3","0","Good","17.2912","11.4","34.56","0","","","","50.0","50.0","50.0","55.0","50.0","0.0","50.0","50.42","55.0","0.0","0.0","-0.2083","50","0","64","64","0","0","0"
"2026-04-12T23:00:00+00:00","Lahore","23","6","4","102","-0.258819","0.965926","0.866025","-0.5","0.982927","-0.183998","1","0","1","1","20.3","57","6.1","328","10.4","1008.3","0","11.4","2","","0.0","0.0","","","-0.5","0","50","pm25","64","18","3","45","6","3","0","Good","16.4721","12.2","36.48","0","","","","50.0","50.0","50.0","55.0","50.0","0.0","50.0","50.21","55.0","0.0","0.0","-0.2083","50","0","64","64","0","0","0"
"2026-04-13T00:00:00+00:00","Lahore","0","0","4","103","0.0","1.0","0.866025","-0.5","0.979614","-0.200891","0","0","1","1","18.8","72","5.2","14","11.2","1008.8","0","13.6","0","","0.0","0.0","","","0.4","0","46","pm25","73","33","7","41","7","3","0","Good","24.1462","11.3043","52.56","0","","","","50.0","50.0","50.0","50.0","50.0","0.0","50.0","50.0","50.0","0.0","0.0","0.0","46","0","73","73","0","0","0"
"2026-04-13T01:00:00+00:00","Lahore","1","0","4","103","0.258819","0.965926","0.866025","-0.5","0.979614","-0.200891","0","0","1","1","18.7","74","3.6","20","8.3","1009.2","0","14.1","0","","0.0","0.0","","","0.8","0","46","pm25","73","33","7","41","7","3","0","Good","35.2833","7.8261","54.02","0","","","","46.0","50.0","50.0","50.0","48.67","1.89","49.33","49.83","50.0","-4.0","-0.6667","-0.1667","46","0","73","73","0","0","0"
"2026-04-13T02:00:00+00:00","Lahore","2","0","4","103","0.5","0.866025","0.866025","-0.5","0.979614","-0.200891","0","0","1","1","20.2","65","3.7","349","8.3","1009.7","0","13.4","0","","0.0","0.0","","","0.6","0","46","pm25","73","33","7","41","7","3","0","Good","32.5541","8.0435","47.45","0","","","","46.0","50.0","50.0","50.0","47.33","1.89","48.67","49.67","50.0","0.0","-0.6667","-0.1667","46","0","73","73","0","0","0"
"2026-04-13T03:00:00+00:00","Lahore","3","0","4","103","0.707107","0.707107","0.866025","-0.5","0.979614","-0.200891","0","0","1","1","23.5","54","2.0","350","10.8","1010.1","0","13.6","0","","0.0","0.0","","","0.9","0","46","pm25","73","33","7","41","7","3","0","Good","56.21","4.3478","39.42","0","","","","46.0","46.0","50.0","50.0","46.0","0.0","48.0","49.5","50.0","0.0","-0.6667","-0.1667","46","0","73","73","0","0","0"
"2026-04-13T04:00:00+00:00","Lahore","4","0","4","103","0.866025","0.5","0.866025","-0.5","0.979614","-0.200891","0","0","1","1","26.8","42","1.5","291","12.2","1010.5","0","12.8","0","","0.0","0.0","","","0.7","0","46","pm25","73","33","7","41","7","3","0","Good","69.1067","3.2609","30.66","0","","","","46.0","46.0","50.0","50.0","46.0","0.0","47.33","49.33","50.0","0.0","-0.6667","-0.1667","46","0","73","73","0","0","0"
"2026-04-13T05:00:00+00:00","Lahore","5","0","4","103","0.965926","0.258819","0.866025","-0.5","0.979614","-0.200891","0","0","1","1","29.5","31","3.7","293","16.9","1010.2","0","10.5","9","","0.0","0.0","28.37","","0.5","0","46","pm25","73","33","7","41","7","3","0","Good","25.8459","8.0435","22.63","0","","","","46.0","46.0","50.0","50.0","46.0","0.0","46.67","49.17","50.0","0.0","-0.6667","-0.1667","46","0","73","73","0","0","0"
"2026-04-13T06:00:00+00:00","Lahore","6","0","4","103","1.0","0.0","0.866025","-0.5","0.979614","-0.200891","0","0","0","1","30.6","24","5.1","288","20.9","1010.5","0","7.9","92","","0.0","0.0","28.91","","0.4","3","46","pm25","73","33","7","41","7","3","0","Good","17.749","11.087","17.52","0","","","","46.0","46.0","46.0","50.0","46.0","0.0","46.0","49.0","50.0","0.0","0.0","-0.1667","46","0","73","73","0","0","0"
"2026-04-13T07:00:00+00:00","Lahore","7","0","4","103","0.965926","-0.258819","0.866025","-0.5","0.979614","-0.200891","0","1","0","1","31.9","22","6.4","278","22.3","1010.1","0","7.4","95","","0.0","0.0","30.0","","-0.1","3","46","pm25","73","33","7","41","7","3","0","Good","13.9156","13.913","16.06","0","","","","46.0","46.0","46.0","50.0","46.0","0.0","46.0","48.83","50.0","0.0","0.0","-0.1667","46","0","73","73","0","0","0"
"2026-04-13T08:00:00+00:00","Lahore","8","0","4","103","0.866025","-0.5","0.866025","-0.5","0.979614","-0.200891","0","1","0","1","32.8","20","7.3","286","24.5","1009.4","0","6.6","100","","0.0","0.0","30.74","","-0.4","3","46","pm25","73","33","7","41","7","3","0","Good","12.0","15.8696","14.6","0","","","","46.0","46.0","46.0","50.0","46.0","0.0","46.0","48.67","50.0","0.0","0.0","-0.1667","46","0","73","73","0","0","0"
"2026-04-13T09:00:00+00:00","Lahore","9","0","4","103","0.707107","-0.707107","0.866025","-0.5","0.979614","-0.200891","0","1","0","1","33.2","18","8.6","286","25.9","1008.4","0","5.8","100","","0.0","0.0","31.01","","-1.3","3","46","pm25","73","33","7","41","7","3","0","Good","10.0163","18.6957","13.14","0","","","","46.0","46.0","46.0","50.0","46.0","0.0","46.0","48.5","50.0","0.0","0.0","-0.1667","46","0","73","73","0","0","0"
"2026-04-13T10:00:00+00:00","Lahore","10","0","4","103","0.5","-0.866025","0.866025","-0.5","0.979614","-0.200891","0","0","0","1","33.0","17","8.4","279","25.9","1007.7","0","5.0","99","","0.0","0.0","30.76","","-2.4","3","46","pm25","73","33","7","41","7","3","0","Good","10.1679","18.2609","12.41","0","","","","46.0","46.0","46.0","50.0","46.0","0.0","46.0","48.33","50.0","0.0","0.0","-0.1667","46","0","73","73","0","0","0"
"2026-04-13T11:00:00+00:00","Lahore","11","0","4","103","0.258819","-0.965926","0.866025","-0.5","0.979614","-0.200891","0","0","0","1","33.4","16","8.9","279","24.5","1007.1","0","4.0","100","","0.0","0.0","31.09","","-2.7","3","46","pm25","73","33","7","41","7","3","0","Good","9.5146","19.3478","11.68","0","","","","46.0","46.0","46.0","50.0","46.0","0.0","46.0","48.17","50.0","0.0","0.0","-0.1667","46","0","73","73","0","0","0"
"2026-04-13T12:00:00+00:00","Lahore","12","0","4","103","0.0","-1.0","0.866025","-0.5","0.979614","-0.200891","0","0","0","1","32.7","16","7.8","285","24.5","1007.3","0","3.8","99","","0.0","0.0","30.44","","-2.7","3","46","pm25","73","33","7","41","7","3","0","Good","10.8564","16.9565","11.68","0","","","","46.0","46.0","46.0","50.0","46.0","0.0","46.0","48.0","50.0","0.0","0.0","-0.1667","46","0","73","73","0","0","0"
"2026-04-13T13:00:00+00:00","Lahore","13","0","4","103","-0.258819","-0.965926","0.866025","-0.5","0.979614","-0.200891","0","0","0","1","31.5","18","6.6","286","19.4","1007.7","0","4.4","89","","0.0","0.0","29.44","","-2.4","3","46","pm25","73","33","7","41","7","3","0","Good","13.0515","14.3478","13.14","0","","","","46.0","46.0","46.0","50.0","46.0","0.0","46.0","47.83","50.0","0.0","0.0","-0.1667","46","0","73","73","0","0","0"
"2026-04-13T14:00:00+00:00","Lahore","14","0","4","103","-0.5","-0.866025","0.866025","-0.5","0.979614","-0.200891","0","0","0","1","29.3","22","5.6","312","13.3","1008.3","0","5.3","84","","0.0","0.0","27.75","","-2.0","3","46","pm25","73","33","7","41","7","3","0","Good","15.9036","12.1739","16.06","0","","","","46.0","46.0","46.0","50.0","46.0","0.0","46.0","47.67","50.0","0.0","0.0","-0.1667","46","0","73","73","0","0","0"
"2026-04-13T15:00:00+00:00","Lahore","15","0","4","103","-0.707107","-0.707107","0.866025","-0.5","0.979614","-0.200891","0","0","0","1","28.0","25","5.9","329","12.6","1009.0","0","6.3","93","","0.0","0.0","26.89","","-1.7","3","46","pm25","73","33","7","41","7","3","0","Good","15.4661","12.8261","18.25","0","","","","46.0","46.0","46.0","50.0","46.0","0.0","46.0","47.5","50.0","0.0","0.0","-0.1667","46","0","73","73","0","0","0"
"2026-04-13T16:00:00+00:00","Lahore","16","0","4","103","-0.866025","-0.5","0.866025","-0.5","0.979614","-0.200891","0","0","0","1","27.2","28","6.6","351","12.6","1009.7","0","7.2","90","","0.0","0.0","26.47","","-1.6","3","46","pm25","73","33","7","41","7","3","0","Good","14.1576","14.3478","20.44","0","","","","46.0","46.0","46.0","50.0","46.0","0.0","46.0","47.33","50.0","0.0","0.0","-0.1667","46","0","73","73","0","0","0"
"2026-04-13T17:00:00+00:00","Lahore","17","0","4","103","-0.965926","-0.258819","0.866025","-0.5","0.979614","-0.200891","0","1","0","1","26.0","32","7.5","10","13.7","1009.8","0","8.2","2","","0.0","0.0","","","-1.6","0","46","pm25","73","33","7","41","7","3","0","Good","12.848","16.3043","23.36","0","","","","46.0","46.0","46.0","50.0","46.0","0.0","46.0","47.17","50.0","0.0","0.0","-0.1667","46","0","73","73","0","0","0"
"2026-04-13T18:00:00+00:00","Lahore","18","0","4","103","-1.0","-0.0","0.866025","-0.5","0.979614","-0.200891","0","1","0","1","24.5","42","5.3","18","13.7","1009.6","0","10.8","0","","0.0","0.0","","","-0.5","0","46","pm25","73","33","7","41","7","3","0","Good","19.5585","11.5217","30.66","0","","","","46.0","46.0","46.0","50.0","46.0","0.0","46.0","47.0","50.0","0.0","0.0","-0.1667","46","0","73","73","0","0","0"
"2026-04-13T19:00:00+00:00","Lahore","19","0","4","103","-0.965926","0.258819","0.866025","-0.5","0.979614","-0.200891","0","1","0","1","24.5","42","5.8","16","10.4","1009.4","0","10.7","0","","0.0","0.0","","","-0.7","0","46","pm25","73","33","7","41","7","3","0","Good","17.8724","12.6087","30.66","0","","","","46.0","46.0","46.0","50.0","46.0","0.0","46.0","46.83","50.0","0.0","0.0","-0.1667","46","0","73","73","0","0","0"
"2026-04-13T20:00:00+00:00","Lahore","20","0","4","103","-0.866025","0.5","0.866025","-0.5","0.979614","-0.200891","0","0","0","1","23.9","43","5.8","14","10.1","1008.8","0","10.4","0","","0.0","0.0","","","-0.7","0","46","pm25","73","33","7","41","7","3","0","Good","17.9983","12.6087","31.39","0","","","","46.0","46.0","46.0","50.0","46.0","0.0","46.0","46.67","50.0","0.0","0.0","-0.1667","46","0","73","73","0","0","0"
"2026-04-13T21:00:00+00:00","Lahore","21","0","4","103","-0.707107","0.707107","0.866025","-0.5","0.979614","-0.200891","0","0","0","1","23.5","43","7.9","13","14.4","1008.3","0","10.1","0","","0.0","0.0","","","-1.1","0","46","pm25","73","33","7","41","7","3","0","Good","13.2139","17.1739","31.39","0","","","","46.0","46.0","46.0","50.0","46.0","0.0","46.0","46.5","50.0","0.0","0.0","-0.1667","46","0","73","73","0","0","0"
"2026-04-13T22:00:00+00:00","Lahore","22","0","4","103","-0.5","0.866025","0.866025","-0.5","0.979614","-0.200891","0","0","1","1","22.1","47","6.1","19","14.4","1008.2","0","10.2","0","","0.0","0.0","","","-0.8","0","46","pm25","73","33","7","41","7","3","0","Good","17.5918","13.2609","34.31","0","","","","46.0","46.0","46.0","50.0","46.0","0.0","46.0","46.33","50.0","0.0","0.0","-0.1667","46","0","73","73","0","0","0"
"2026-04-13T23:00:00+00:00","Lahore","23","0","4","103","-0.258819","0.965926","0.866025","-0.5","0.979614","-0.200891","0","0","1","1","20.4","54","4.3","22","11.2","1008.1","0","10.8","0","","0.0","0.0","","","-0.4","0","46","pm25","73","33","7","41","7","3","0","Good","26.1442","9.3478","39.42","0","","","","46.0","46.0","46.0","50.0","46.0","0.0","46.0","46.17","50.0","0.0","0.0","-0.1667","46","0","73","73","0","0","0"
"2026-04-14T00:00:00+00:00","Lahore","0","1","4","104","0.0","1.0","0.866025","-0.5","0.976011","-0.217723","0","0","1","1","19.8","67","3.3","36","6.8","1008.0","0","13.6","0","","0.0","0.0","","","0.7","0","51","pm25","74","21","10","58","9","4","1","Moderate","37.4485","6.4706","49.58","0","","","","46.0","46.0","46.0","46.0","46.0","0.0","46.0","46.0","46.0","0.0","0.0","0.0","51","1","74","74","1","1","0"
"2026-04-14T01:00:00+00:00","Lahore","1","1","4","104","0.258819","0.965926","0.866025","-0.5","0.976011","-0.217723","0","0","1","1","19.5","71","0.6","124","5.0","1008.8","0","14.1","0","","0.0","0.0","","","1.3","0","51","pm25","74","21","10","58","9","4","1","Moderate","210.9","1.1765","52.54","0","","","","51.0","46.0","46.0","46.0","47.67","2.36","46.83","46.21","51.0","5.0","0.8333","0.2083","51","1","74","74","1","1","0"
"2026-04-14T02:00:00+00:00","Lahore","2","1","4","104","0.5","0.866025","0.866025","-0.5","0.976011","-0.217723","0","0","1","1","20.8","63","1.1","180","5.4","1009.5","0","13.4","0","","0.0","0.0","","","0.9","0","51","pm25","74","21","10","58","9","4","1","Moderate","109.6545","2.1569","46.62","0","","","","51.0","46.0","46.0","46.0","49.33","2.36","47.67","46.42","51.0","0.0","0.8333","0.2083","51","1","74","74","1","1","0"
"2026-04-14T03:00:00+00:00","Lahore","3","1","4","104","0.707107","0.707107","0.866025","-0.5","0.976011","-0.217723","0","0","1","1","24.5","51","0.4","153","8.3","1009.8","0","13.8","0","","0.0","0.0","","","1.1","0","51","pm25","74","21","10","58","9","4","1","Moderate","279.35","0.7843","37.74","0","","","","51.0","51.0","46.0","46.0","51.0","0.0","48.5","46.62","51.0","0.0","0.8333","0.2083","51","1","74","74","1","1","0"
"2026-04-14T04:00:00+00:00","Lahore","4","1","4","104","0.866025","0.5","0.866025","-0.5","0.976011","-0.217723","0","0","1","1","28.0","39","1.4","320","11.9","1010.2","0","12.7","0","","0.0","0.0","27.6","","0.6","0","51","pm25","74","21","10","58","9","4","1","Moderate","73.4714","2.7451","28.86","0","","","","51.0","51.0","46.0","46.0","51.0","0.0","49.33","46.83","51.0","0.0","0.8333","0.2083","51","1","74","74","1","1","0"
"2026-04-14T05:00:00+00:00","Lahore","5","1","4","104","0.965926","0.258819","0.866025","-0.5","0.976011","-0.217723","0","0","1","1","31.0","29","3.5","339","16.6","1009.8","0","11.0","0","","0.0","0.0","29.64","","0.6","0","51","pm25","74","21","10","58","9","4","1","Moderate","27.2743","6.8627","21.46","0","","","","51.0","51.0","46.0","46.0","51.0","0.0","50.17","47.04","51.0","0.0","0.8333","0.2083","51","1","74","74","1","1","0"
"2026-04-14T06:00:00+00:00","Lahore","6","1","4","104","1.0","0.0","0.866025","-0.5","0.976011","-0.217723","0","0","0","1","32.8","22","5.0","339","19.8","1009.7","0","8.2","0","","0.0","0.0","30.89","","0.5","0","51","pm25","74","21","10","58","9","4","1","Moderate","18.056","9.8039","16.28","0","","","","51.0","51.0","51.0","46.0","51.0","0.0","51.0","47.25","51.0","0.0","0.0","0.2083","51","1","74","74","1","1","0"
"2026-04-14T07:00:00+00:00","Lahore","7","1","4","104","0.965926","-0.258819","0.866025","-0.5","0.976011","-0.217723","0","1","0","1","34.2","18","4.5","310","19.8","1008.9","0","6.7","0","","0.0","0.0","32.0","","0.7","0","51","pm25","74","21","10","58","9","4","1","Moderate","19.4044","8.8235","13.32","0","","","","51.0","51.0","51.0","46.0","51.0","0.0","51.0","47.46","51.0","0.0","0.0","0.2083","51","1","74","74","1","1","0"
"2026-04-14T08:00:00+00:00","Lahore","8","1","4","104","0.866025","-0.5","0.866025","-0.5","0.976011","-0.217723","0","1","0","1","35.2","16","5.7","294","21.6","1008.0","0","5.3","2","","0.0","0.0","32.85","","0.2","0","51","pm25","74","21","10","58","9","4","1","Moderate","15.0596","11.1765","11.84","0","","","","51.0","51.0","51.0","46.0","51.0","0.0","51.0","47.67","51.0","0.0","0.0","0.2083","51","1","74","74","1","1","0"
"2026-04-14T09:00:00+00:00","Lahore","9","1","4","104","0.707107","-0.707107","0.866025","-0.5","0.976011","-0.217723","0","1","0","1","35.9","13","7.8","293","24.8","1006.9","0","3.7","13","","0.0","0.0","33.31","","-1.1","0","51","pm25","74","21","10","58","9","4","1","Moderate","10.7205","15.2941","9.62","0","","","","51.0","51.0","51.0","46.0","51.0","0.0","51.0","47.88","51.0","0.0","0.0","0.2083","51","1","74","74","1","1","0"
"2026-04-14T10:00:00+00:00","Lahore","10","1","4","104","0.5","-0.866025","0.866025","-0.5","0.976011","-0.217723","0","0","0","1","36.2","13","8.9","308","25.6","1005.8","0","3.0","15","","0.0","0.0","33.61","","-2.3","0","51","pm25","74","21","10","58","9","4","1","Moderate","9.3955","17.451","9.62","0","","","","51.0","51.0","51.0","46.0","51.0","0.0","51.0","48.08","51.0","0.0","0.0","0.2083","51","1","74","74","1","1","0"
"2026-04-14T11:00:00+00:00","Lahore","11","1","4","104","0.258819","-0.965926","0.866025","-0.5","0.976011","-0.217723","0","0","0","1","35.8","13","10.1","329","26.6","1005.2","0","3.0","13","","0.0","0.0","33.22","","-3.0","0","51","pm25","74","21","10","58","9","4","1","Moderate","8.2792","19.8039","9.62","0","","","","51.0","51.0","51.0","46.0","51.0","0.0","51.0","48.29","51.0","0.0","0.0","0.2083","51","1","74","74","1","1","0"
"2026-04-14T12:00:00+00:00","Lahore","12","1","4","104","0.0","-1.0","0.866025","-0.5","0.976011","-0.217723","0","0","0","1","34.9","13","9.3","347","26.6","1005.3","0","2.7","10","","0.0","0.0","32.36","","-3.0","0","51","pm25","74","21","10","58","9","4","1","Moderate","8.9914","18.2353","9.62","0","","","","51.0","51.0","51.0","46.0","51.0","0.0","51.0","48.5","51.0","0.0","0.0","0.2083","51","1","74","74","1","1","0"
"2026-04-14T13:00:00+00:00","Lahore","13","1","4","104","-0.258819","-0.965926","0.866025","-0.5","0.976011","-0.217723","0","0","0","1","33.5","16","7.9","3","23.0","1005.9","0","4.0","4","","0.0","0.0","31.18","","-2.6","0","51","pm25","74","21","10","58","9","4","1","Moderate","10.8658","15.4902","11.84","0","","","","51.0","51.0","51.0","46.0","51.0","0.0","51.0","48.71","51.0","0.0","0.0","0.2083","51","1","74","74","1","1","0"
"2026-04-14T14:00:00+00:00","Lahore","14","1","4","104","-0.5","-0.866025","0.866025","-0.5","0.976011","-0.217723","0","0","0","1","31.6","19","6.5","352","16.2","1006.1","0","5.2","9","","0.0","0.0","29.57","","-2.1","0","51","pm25","74","21","10","58","9","4","1","Moderate","13.5477","12.7451","14.06","0","","","","51.0","51.0","51.0","46.0","51.0","0.0","51.0","48.92","51.0","0.0","0.0","0.2083","51","1","74","74","1","1","0"
"2026-04-14T15:00:00+00:00","Lahore","15","1","4","104","-0.707107","-0.707107","0.866025","-0.5","0.976011","-0.217723","0","0","0","1","30.2","22","7.5","345","14.8","1006.5","0","6.4","0","","0.0","0.0","28.47","","-2.0","0","51","pm25","74","21","10","58","9","4","1","Moderate","12.0373","14.7059","16.28","0","","","","51.0","51.0","51.0","46.0","51.0","0.0","51.0","49.12","51.0","0.0","0.0","0.2083","51","1","74","74","1","1","0"
"2026-04-14T16:00:00+00:00","Lahore","16","1","4","104","-0.866025","-0.5","0.866025","-0.5","0.976011","-0.217723","0","0","0","1","28.6","26","5.2","344","14.4","1007.2","0","7.5","0","","0.0","0.0","27.36","","-1.4","0","51","pm25","74","21","10","58","9","4","1","Moderate","17.9308","10.1961","19.24","0","","","","51.0","51.0","51.0","46.0","51.0","0.0","51.0","49.33","51.0","0.0","0.0","0.2083","51","1","74","74","1","1","0"
"2026-04-14T17:00:00+00:00","Lahore","17","1","4","104","-0.965926","-0.258819","0.866025","-0.5","0.976011","-0.217723","0","1","0","1","27.2","32","3.3","354","10.1","1007.3","0","9.1","0","","0.0","0.0","26.63","","-0.7","0","51","pm25","74","21","10","58","9","4","1","Moderate","29.6","6.4706","23.68","0","","","","51.0","51.0","51.0","46.0","51.0","0.0","51.0","49.54","51.0","0.0","0.0","0.2083","51","1","74","74","1","1","0"
"2026-04-14T18:00:00+00:00","Lahore","18","1","4","104","-1.0","-0.0","0.866025","-0.5","0.976011","-0.217723","0","1","0","1","26.7","43","3.9","313","5.8","1007.3","0","13.1","0","","0.0","0.0","","","0.4","0","51","pm25","74","21","10","58","9","4","1","Moderate","27.1333","7.6471","31.82","0","","","","51.0","51.0","51.0","46.0","51.0","0.0","51.0","49.75","51.0","0.0","0.0","0.2083","51","1","74","74","1","1","0"
"2026-04-14T19:00:00+00:00","Lahore","19","1","4","104","-0.965926","0.258819","0.866025","-0.5","0.976011","-0.217723","0","1","0","1","25.7","46","2.9","317","6.5","1007.0","0","13.1","0","","0.0","0.0","","","0.6","0","51","pm25","74","21","10","58","9","4","1","Moderate","37.2552","5.6863","34.04","0","","","","51.0","51.0","51.0","46.0","51.0","0.0","51.0","49.96","51.0","0.0","0.0","0.2083","51","1","74","74","1","1","0"
"2026-04-14T20:00:00+00:00","Lahore","20","1","4","104","-0.866025","0.5","0.866025","-0.5","0.976011","-0.217723","0","0","0","1","24.6","48","2.9","317","5.0","1006.5","0","13.1","2","","0.0","0.0","","","0.6","0","51","pm25","74","21","10","58","9","4","1","Moderate","37.7655","5.6863","35.52","0","","","","51.0","51.0","51.0","46.0","51.0","0.0","51.0","50.17","51.0","0.0","0.0","0.2083","51","1","74","74","1","1","0"
"2026-04-14T21:00:00+00:00","Lahore","21","1","4","104","-0.707107","0.707107","0.866025","-0.5","0.976011","-0.217723","0","0","0","1","23.5","49","5.6","345","9.4","1005.9","0","12.1","6","","0.0","0.0","","","-0.1","0","51","pm25","74","21","10","58","9","4","1","Moderate","19.6893","10.9804","36.26","0","","","","51.0","51.0","51.0","46.0","51.0","0.0","51.0","50.38","51.0","0.0","0.0","0.2083","51","1","74","74","1","1","0"
"2026-04-14T22:00:00+00:00","Lahore","22","1","4","104","-0.5","0.866025","0.866025","-0.5","0.976011","-0.217723","0","0","1","1","23.1","50","8.8","358","16.9","1005.7","0","12.0","0","","0.0","0.0","","","-0.7","0","51","pm25","74","21","10","58","9","4","1","Moderate","12.6136","17.2549","37.0","0","","","","51.0","51.0","51.0","46.0","51.0","0.0","51.0","50.58","51.0","0.0","0.0","0.2083","51","1","74","74","1","1","0"
"2026-04-14T23:00:00+00:00","Lahore","23","1","4","104","-0.258819","0.965926","0.866025","-0.5","0.976011","-0.217723","0","0","1","1","22.5","52","8.0","355","17.3","1005.8","0","12.2","36","","0.0","0.0","","","-0.4","1","51","pm25","74","21","10","58","9","4","1","Moderate","14.06","15.6863","38.48","0","","","","51.0","51.0","51.0","46.0","51.0","0.0","51.0","50.79","51.0","0.0","0.0","0.2083","51","1","74","74","1","1","0"
"2026-04-15T00:00:00+00:00","Lahore","0","2","4","105","0.0","1.0","0.866025","-0.5","0.972118","-0.234491","0","0","1","1","22.1","68","4.4","333","15.1","1005.5","0","15.9","43","","0.0","0.0","","","1.4","1","45","pm25","80","15","10","49","6","2","0","Good","30.5455","9.7778","54.4","0","","","","51.0","51.0","51.0","51.0","51.0","0.0","51.0","51.0","51.0","0.0","0.0","0.0","45","0","80","80","0","0","0"
"2026-04-15T01:00:00+00:00","Lahore","1","2","4","105","0.258819","0.965926","0.866025","-0.5","0.972118","-0.234491","0","0","1","1","22.0","69","4.6","315","7.2","1005.7","0","16.0","0","","0.0","0.0","","","1.5","0","45","pm25","80","15","10","49","6","2","0","Good","29.3913","10.2222","55.2","0","","","","45.0","51.0","51.0","51.0","49.0","2.83","50.0","50.75","51.0","-6.0","-1.0","-0.25","45","0","80","80","0","0","-1"
"2026-04-15T02:00:00+00:00","Lahore","2","2","4","105","0.5","0.866025","0.866025","-0.5","0.972118","-0.234491","0","0","1","1","23.6","62","6.2","324","11.9","1006.2","0","15.9","0","","0.0","0.0","","","1.2","0","45","pm25","80","15","10","49","6","2","0","Good","20.9032","13.7778","49.6","0","","","","45.0","51.0","51.0","51.0","47.0","2.83","49.0","50.5","51.0","0.0","-1.0","-0.25","45","0","80","80","0","0","0"
"2026-04-15T03:00:00+00:00","Lahore","3","2","4","105","0.707107","0.707107","0.866025","-0.5","0.972118","-0.234491","0","0","1","1","26.2","55","3.2","344","12.6","1006.4","0","16.5","0","","0.0","0.0","","","1.8","0","45","pm25","80","15","10","49","6","2","0","Good","38.75","7.1111","44.0","0","","","","45.0","45.0","51.0","51.0","45.0","0.0","48.0","50.25","51.0","0.0","-1.0","-0.25","45","0","80","80","0","0","0"
"2026-04-15T04:00:00+00:00","Lahore","4","2","4","105","0.866025","0.5","0.866025","-0.5","0.972118","-0.234491","0","0","1","1","29.6","41","2.6","335","13.0","1006.5","0","15.0","0","","0.0","0.0","29.35","","1.3","0","45","pm25","80","15","10","49","6","2","0","Good","43.3846","5.7778","32.8","0","","","","45.0","45.0","51.0","51.0","45.0","0.0","47.0","50.0","51.0","0.0","-1.0","-0.25","45","0","80","80","0","0","0"
"2026-04-15T05:00:00+00:00","Lahore","5","2","4","105","0.965926","0.258819","0.866025","-0.5","0.972118","-0.234491","0","0","1","1","32.7","28","5.0","305","17.6","1006.4","0","11.9","0","","0.0","0.0","31.38","","0.6","0","45","pm25","80","15","10","49","6","2","0","Good","20.48","11.1111","22.4","0","","","","45.0","45.0","51.0","51.0","45.0","0.0","46.0","49.75","51.0","0.0","-1.0","-0.25","45","0","80","80","0","0","0"
"2026-04-15T06:00:00+00:00","Lahore","6","2","4","105","1.0","0.0","0.866025","-0.5","0.972118","-0.234491","0","0","0","1","34.2","22","8.2","308","23.8","1006.3","0","9.2","0","","0.0","0.0","32.38","","0.2","0","45","pm25","80","15","10","49","6","2","0","Good","11.9024","18.2222","17.6","0","","","","45.0","45.0","45.0","51.0","45.0","0.0","45.0","49.5","51.0","0.0","0.0","-0.25","45","0","80","80","0","0","0"
"2026-04-15T07:00:00+00:00","Lahore","7","2","4","105","0.965926","-0.258819","0.866025","-0.5","0.972118","-0.234491","0","1","0","1","35.5","19","9.1","304","26.3","1005.8","0","8.4","0","","0.0","0.0","33.48","","0.2","0","45","pm25","80","15","10","49","6","2","0","Good","10.4615","20.2222","15.2","0","","","","45.0","45.0","45.0","51.0","45.0","0.0","45.0","49.25","51.0","0.0","0.0","-0.25","45","0","80","80","0","0","0"
"2026-04-15T08:00:00+00:00","Lahore","8","2","4","105","0.866025","-0.5","0.866025","-0.5","0.972118","-0.234491","0","1","0","1","36.3","18","10.1","303","28.4","1004.8","0","8.0","19","","0.0","0.0","34.25","","0.0","0","45","pm25","80","15","10","49","6","2","0","Good","9.3465","22.4444","14.4","0","","","","45.0","45.0","45.0","51.0","45.0","0.0","45.0","49.0","51.0","0.0","0.0","-0.25","45","0","80","80","0","0","0"
"2026-04-15T09:00:00+00:00","Lahore","9","2","4","105","0.707107","-0.707107","0.866025","-0.5","0.972118","-0.234491","0","1","0","1","36.9","17","11.5","301","31.3","1003.9","0","7.7","83","","0.0","0.0","34.79","","-0.8","3","45","pm25","80","15","10","49","6","2","0","Good","8.1391","25.5556","13.6","0","","","","45.0","45.0","45.0","51.0","45.0","0.0","45.0","48.75","51.0","0.0","0.0","-0.25","45","0","80","80","0","0","0"
"2026-04-15T10:00:00+00:00","Lahore","10","2","4","105","0.5","-0.866025","0.866025","-0.5","0.972118","-0.234491","0","0","0","1","36.8","16","12.2","301","31.7","1003.1","0","7.1","100","","0.0","0.0","34.54","","-2.2","3","45","pm25","80","15","10","49","6","2","0","Good","7.6066","27.1111","12.8","0","","","","45.0","45.0","45.0","51.0","45.0","0.0","45.0","48.5","51.0","0.0","0.0","-0.25","45","0","80","80","0","0","0"
"2026-04-15T11:00:00+00:00","Lahore","11","2","4","105","0.258819","-0.965926","0.866025","-0.5","0.972118","-0.234491","0","0","0","1","36.4","16","13.1","302","32.0","1002.7","0","6.8","62","","0.0","0.0","34.11","","-2.7","2","45","pm25","80","15","10","49","6","2","0","Good","7.084","29.1111","12.8","0","","","","45.0","45.0","45.0","51.0","45.0","0.0","45.0","48.25","51.0","0.0","0.0","-0.25","45","0","80","80","0","0","0"
"2026-04-15T12:00:00+00:00","Lahore","12","2","4","105","0.0","-1.0","0.866025","-0.5","0.972118","-0.234491","0","0","0","1","35.8","16","9.6","311","31.7","1003.0","0","5.9","14","","0.0","0.0","33.47","","-2.5","0","45","pm25","80","15","10","49","6","2","0","Good","9.6667","21.3333","12.8","0","","","","45.0","45.0","45.0","51.0","45.0","0.0","45.0","48.0","51.0","0.0","0.0","-0.25","45","0","80","80","0","0","0"
"2026-04-15T13:00:00+00:00","Lahore","13","2","4","105","-0.258819","-0.965926","0.866025","-0.5","0.972118","-0.234491","0","0","0","1","34.8","18","7.1","326","23.4","1003.0","0","6.9","9","","0.0","0.0","32.62","","-1.8","0","45","pm25","80","15","10","49","6","2","0","Good","13.2958","15.7778","14.4","0","","","","45.0","45.0","45.0","51.0","45.0","0.0","45.0","47.75","51.0","0.0","0.0","-0.25","45","0","80","80","0","0","0"
"2026-04-15T14:00:00+00:00","Lahore","14","2","4","105","-0.5","-0.866025","0.866025","-0.5","0.972118","-0.234491","0","0","0","1","32.8","21","5.3","315","14.8","1003.5","0","7.9","1","","0.0","0.0","30.81","","-1.3","0","45","pm25","80","15","10","49","6","2","0","Good","18.2642","11.7778","16.8","0","","","","45.0","45.0","45.0","51.0","45.0","0.0","45.0","47.5","51.0","0.0","0.0","-0.25","45","0","80","80","0","0","0"
"2026-04-15T15:00:00+00:00","Lahore","15","2","4","105","-0.707107","-0.707107","0.866025","-0.5","0.972118","-0.234491","0","0","0","1","31.6","25","5.9","288","11.5","1004.1","0","9.1","1","","0.0","0.0","29.92","","-1.1","0","45","pm25","80","15","10","49","6","2","0","Good","16.9492","13.1111","20.0","0","","","","45.0","45.0","45.0","51.0","45.0","0.0","45.0","47.25","51.0","0.0","0.0","-0.25","45","0","80","80","0","0","0"
"2026-04-15T16:00:00+00:00","Lahore","16","2","4","105","-0.866025","-0.5","0.866025","-0.5","0.972118","-0.234491","0","0","0","1","30.2","30","5.6","277","11.9","1004.8","0","10.6","0","","0.0","0.0","28.94","","-0.6","0","45","pm25","80","15","10","49","6","2","0","Good","18.5714","12.4444","24.0","0","","","","45.0","45.0","45.0","51.0","45.0","0.0","45.0","47.0","51.0","0.0","0.0","-0.25","45","0","80","80","0","0","0"
"2026-04-15T17:00:00+00:00","Lahore","17","2","4","105","-0.965926","-0.258819","0.866025","-0.5","0.972118","-0.234491","0","1","0","1","29.0","34","4.8","304","11.2","1004.9","0","11.6","0","","0.0","0.0","28.13","","-0.3","0","45","pm25","80","15","10","49","6","2","0","Good","22.3333","10.6667","27.2","0","","","","45.0","45.0","45.0","51.0","45.0","0.0","45.0","46.75","51.0","0.0","0.0","-0.25","45","0","80","80","0","0","0"
"2026-04-15T18:00:00+00:00","Lahore","18","2","4","105","-1.0","-0.0","0.866025","-0.5","0.972118","-0.234491","0","1","0","1","28.6","38","3.4","313","8.6","1004.7","0","13.1","0","","0.0","0.0","28.06","","0.5","0","45","pm25","80","15","10","49","6","2","0","Good","32.4706","7.5556","30.4","0","","","","45.0","45.0","45.0","51.0","45.0","0.0","45.0","46.5","51.0","0.0","0.0","-0.25","45","0","80","80","0","0","0"
"2026-04-15T19:00:00+00:00","Lahore","19","2","4","105","-0.965926","0.258819","0.866025","-0.5","0.972118","-0.234491","0","1","0","1","28.5","39","1.6","297","6.5","1004.9","0","13.2","0","","0.0","0.0","28.04","","0.7","0","45","pm25","80","15","10","49","6","2","0","Good","69.5","3.5556","31.2","0","","","","45.0","45.0","45.0","51.0","45.0","0.0","45.0","46.25","51.0","0.0","0.0","-0.25","45","0","80","80","0","0","0"
"2026-04-15T20:00:00+00:00","Lahore","20","2","4","105","-0.866025","0.5","0.866025","-0.5","0.972118","-0.234491","0","0","0","1","26.9","43","1.8","354","2.9","1004.3","0","13.1","71","","0.0","0.0","","","0.7","2","45","pm25","80","15","10","49","6","2","0","Good","63.5556","4.0","34.4","0","","","","45.0","45.0","45.0","51.0","45.0","0.0","45.0","46.0","51.0","0.0","0.0","-0.25","45","0","80","80","0","0","0"
"2026-04-15T21:00:00+00:00","Lahore","21","2","4","105","-0.707107","0.707107","0.866025","-0.5","0.972118","-0.234491","0","0","0","1","25.4","46","5.6","22","9.7","1004.1","0","12.9","87","","0.0","0.0","","","0.0","3","45","pm25","80","15","10","49","6","2","0","Good","20.8571","12.4444","36.8","0","","","","45.0","45.0","45.0","51.0","45.0","0.0","45.0","45.75","51.0","0.0","0.0","-0.25","45","0","80","80","0","0","0"
"2026-04-15T22:00:00+00:00","Lahore","22","2","4","105","-0.5","0.866025","0.866025","-0.5","0.972118","-0.234491","0","0","1","1","23.5","51","8.7","60","16.6","1004.3","0","12.8","96","","0.0","0.0","","","-0.4","3","45","pm25","80","15","10","49","6","2","0","Good","13.8851","19.3333","40.8","0","","","","45.0","45.0","45.0","51.0","45.0","0.0","45.0","45.5","51.0","0.0","0.0","-0.25","45","0","80","80","0","0","0"
"2026-04-15T23:00:00+00:00","Lahore","23","2","4","105","-0.258819","0.965926","0.866025","-0.5","0.972118","-0.234491","0","0","1","1","21.9","56","5.8","90","16.2","1004.6","0","12.8","64","","0.0","0.0","","","0.0","2","45","pm25","80","15","10","49","6","2","0","Good","21.5172","12.8889","44.8","0","","","","45.0","45.0","45.0","51.0","45.0","0.0","45.0","45.25","51.0","0.0","0.0","-0.25","45","0","80","80","0","0","0"
"2026-04-16T00:00:00+00:00","Lahore","0","3","4","106","0.0","1.0","0.866025","-0.5","0.967938","-0.25119","0","0","1","1","22.3","63","4.3","112","9.4","1004.5","0","14.9","99","","0.0","0.0","","","1.0","3","33","pm25","49","13","6","47","9","6","0","Good","18.5744","13.0303","30.87","0","","","","45.0","45.0","45.0","45.0","45.0","0.0","45.0","45.0","45.0","0.0","0.0","0.0","33","0","49","49","0","0","0"
"2026-04-16T01:00:00+00:00","Lahore","1","3","4","106","0.258819","0.965926","0.866025","-0.5","0.967938","-0.25119","0","0","1","1","22.5","61","5.1","107","7.2","1005.0","0","14.6","98","","0.0","0.0","","","0.8","3","33","pm25","49","13","6","47","9","6","0","Good","15.4686","15.4545","29.89","0","","","","33.0","45.0","45.0","45.0","41.0","5.66","43.0","44.5","45.0","-12.0","-2.0","-0.5","33","0","49","49","0","0","-1"
"2026-04-16T02:00:00+00:00","Lahore","2","3","4","106","0.5","0.866025","0.866025","-0.5","0.967938","-0.25119","0","0","1","1","24.4","54","7.0","116","13.7","1005.5","0","14.5","98","","0.0","0.0","","","0.4","3","33","pm25","49","13","6","47","9","6","0","Good","10.78","21.2121","26.46","0","","","","33.0","45.0","45.0","45.0","37.0","5.66","41.0","44.0","45.0","0.0","-2.0","-0.5","33","0","49","49","0","0","0"
"2026-04-16T03:00:00+00:00","Lahore","3","3","4","106","0.707107","0.707107","0.866025","-0.5","0.967938","-0.25119","0","0","1","1","28.0","43","5.0","125","14.0","1006.3","0","14.4","96","","0.0","0.0","27.88","","0.8","3","33","pm25","49","13","6","47","9","6","0","Good","14.014","15.1515","21.07","0","","","","33.0","33.0","45.0","45.0","33.0","0.0","39.0","43.5","45.0","0.0","-2.0","-0.5","33","0","49","49","0","0","0"
"2026-04-16T04:00:00+00:00","Lahore","4","3","4","106","0.866025","0.5","0.866025","-0.5","0.967938","-0.25119","0","0","1","1","31.4","35","4.9","118","16.2","1006.7","0","13.9","100","","0.0","0.0","30.73","","0.5","3","33","pm25","49","13","6","47","9","6","0","Good","13.5","14.8485","17.15","0","","","","33.0","33.0","45.0","45.0","33.0","0.0","37.0","43.0","45.0","0.0","-2.0","-0.5","33","0","49","49","0","0","0"
"2026-04-16T05:00:00+00:00","Lahore","5","3","4","106","0.965926","0.258819","0.866025","-0.5","0.967938","-0.25119","0","0","1","1","34.0","28","5.1","148","18.7","1007.1","0","13.0","52","","0.0","0.0","32.96","","0.8","2","33","pm25","49","13","6","47","9","6","0","Good","12.298","15.4545","13.72","0","","","","33.0","33.0","45.0","45.0","33.0","0.0","35.0","42.5","45.0","0.0","-2.0","-0.5","33","0","49","49","0","0","0"
"2026-04-16T06:00:00+00:00","Lahore","6","3","4","106","1.0","0.0","0.866025","-0.5","0.967938","-0.25119","0","0","0","1","34.9","22","3.7","119","20.9","1007.4","0","10.1","84","","0.0","0.0","33.18","","1.1","3","33","pm25","49","13","6","47","9","6","0","Good","16.1568","11.2121","10.78","0","","","","33.0","33.0","33.0","45.0","33.0","0.0","33.0","42.0","45.0","0.0","0.0","-0.5","33","0","49","49","0","0","0"
"2026-04-16T07:00:00+00:00","Lahore","7","3","4","106","0.965926","-0.258819","0.866025","-0.5","0.967938","-0.25119","0","1","0","1","36.7","18","2.3","119","18.4","1007.0","0","8.5","48","","0.0","0.0","34.71","","1.2","1","33","pm25","49","13","6","47","9","6","0","Good","25.1391","6.9697","8.82","0","","","","33.0","33.0","33.0","45.0","33.0","0.0","33.0","41.5","45.0","0.0","0.0","-0.5","33","0","49","49","0","0","0"
"2026-04-16T08:00:00+00:00","Lahore","8","3","4","106","0.866025","-0.5","0.866025","-0.5","0.967938","-0.25119","0","1","0","1","37.6","15","2.1","250","17.3","1006.5","0","6.2","97","","0.0","0.0","35.28","","0.8","3","33","pm25","49","13","6","47","9","6","0","Good","26.8333","6.3636","7.35","0","","","","33.0","33.0","33.0","45.0","33.0","0.0","33.0","41.0","45.0","0.0","0.0","-0.5","33","0","49","49","0","0","0"
"2026-04-16T09:00:00+00:00","Lahore","9","3","4","106","0.707107","-0.707107","0.866025","-0.5","0.967938","-0.25119","0","1","0","1","37.7","14","2.3","309","17.3","1005.3","0","5.6","100","","0.0","0.0","35.24","","-0.5","3","33","pm25","49","13","6","47","9","6","0","Good","24.287","6.9697","6.86","0","","","","33.0","33.0","33.0","45.0","33.0","0.0","33.0","40.5","45.0","0.0","0.0","-0.5","33","0","49","49","0","0","0"
"2026-04-16T10:00:00+00:00","Lahore","10","3","4","106","0.5","-0.866025","0.866025","-0.5","0.967938","-0.25119","0","0","0","1","37.7","14","4.6","18","19.1","1004.5","0","5.6","100","","0.0","0.0","35.24","","-1.4","3","33","pm25","49","13","6","47","9","6","0","Good","12.1435","13.9394","6.86","0","","","","33.0","33.0","33.0","45.0","33.0","0.0","33.0","40.0","45.0","0.0","0.0","-0.5","33","0","49","49","0","0","0"
"2026-04-16T11:00:00+00:00","Lahore","11","3","4","106","0.258819","-0.965926","0.866025","-0.5","0.967938","-0.25119","0","0","0","1","37.7","14","8.5","38","23.4","1004.0","0","5.7","100","","0.0","0.0","35.24","","-2.4","3","33","pm25","49","13","6","47","9","6","0","Good","6.5718","25.7576","6.86","0","","","","33.0","33.0","33.0","45.0","33.0","0.0","33.0","39.5","45.0","0.0","0.0","-0.5","33","0","49","49","0","0","0"
"2026-04-16T12:00:00+00:00","Lahore","12","3","4","106","0.0","-1.0","0.866025","-0.5","0.967938","-0.25119","0","0","0","1","37.5","12","4.5","43","27.0","1003.0","0","3.3","100","","0.0","0.0","34.79","","-2.2","3","33","pm25","49","13","6","47","9","6","0","Good","12.1956","13.6364","5.88","0","","","","33.0","33.0","33.0","45.0","33.0","0.0","33.0","39.0","45.0","0.0","0.0","-0.5","33","0","49","49","0","0","0"
"2026-04-16T13:00:00+00:00","Lahore","13","3","4","106","-0.258819","-0.965926","0.866025","-0.5","0.967938","-0.25119","0","0","0","1","35.5","16","7.2","35","13.7","1003.8","0","5.8","100","","0.0","0.0","33.16","","-2.1","3","33","pm25","49","13","6","47","9","6","0","Good","7.8944","21.8182","7.84","0","","","","33.0","33.0","33.0","45.0","33.0","0.0","33.0","38.5","45.0","0.0","0.0","-0.5","33","0","49","49","0","0","0"
"2026-04-16T14:00:00+00:00","Lahore","14","3","4","106","-0.5","-0.866025","0.866025","-0.5","0.967938","-0.25119","0","0","0","1","33.4","19","6.5","56","16.6","1004.4","0","6.6","98","","0.0","0.0","31.27","","-1.8","3","33","pm25","49","13","6","47","9","6","0","Good","8.9708","19.697","9.31","0","","","","33.0","33.0","33.0","45.0","33.0","0.0","33.0","38.0","45.0","0.0","0.0","-0.5","33","0","49","49","0","0","0"
"2026-04-16T15:00:00+00:00","Lahore","15","3","4","106","-0.707107","-0.707107","0.866025","-0.5","0.967938","-0.25119","0","0","0","1","31.6","21","9.7","31","16.6","1005.4","0","6.6","100","","0.0","0.0","29.66","","-2.3","3","33","pm25","49","13","6","47","9","6","0","Good","6.1124","29.3939","10.29","0","","","","33.0","33.0","33.0","45.0","33.0","0.0","33.0","37.5","45.0","0.0","0.0","-0.5","33","0","49","49","0","0","0"
"2026-04-16T16:00:00+00:00","Lahore","16","3","4","106","-0.866025","-0.5","0.866025","-0.5","0.967938","-0.25119","0","0","0","1","29.2","31","11.7","34","22.3","1006.1","0","10.6","100","","0.0","0.0","28.1","","-1.5","3","33","pm25","49","13","6","47","9","6","0","Good","5.4863","35.4545","15.19","0","","","","33.0","33.0","33.0","45.0","33.0","0.0","33.0","37.0","45.0","0.0","0.0","-0.5","33","0","49","49","0","0","0"
"2026-04-16T17:00:00+00:00","Lahore","17","3","4","106","-0.965926","-0.258819","0.866025","-0.5","0.967938","-0.25119","0","1","0","1","28.2","34","10.9","45","22.7","1006.4","0","11.1","93","","0.0","0.0","27.45","","-1.3","3","33","pm25","49","13","6","47","9","6","0","Good","6.0239","33.0303","16.66","0","","","","33.0","33.0","33.0","45.0","33.0","0.0","33.0","36.5","45.0","0.0","0.0","-0.5","33","0","49","49","0","0","0"
"2026-04-16T18:00:00+00:00","Lahore","18","3","4","106","-1.0","-0.0","0.866025","-0.5","0.967938","-0.25119","0","1","0","1","28.8","36","13.2","28","21.6","1007.1","0","12.4","100","","0.0","0.0","28.09","","-1.2","3","33","pm25","49","13","6","47","9","6","0","Good","5.0485","40.0","17.64","0","","","","33.0","33.0","33.0","45.0","33.0","0.0","33.0","36.0","45.0","0.0","0.0","-0.5","33","0","49","49","0","0","0"
"2026-04-16T19:00:00+00:00","Lahore","19","3","4","106","-0.965926","0.258819","0.866025","-0.5","0.967938","-0.25119","0","1","0","1","28.9","35","11.5","20","24.8","1007.3","0","11.9","100","","0.0","0.0","28.11","","-1.1","3","33","pm25","49","13","6","47","9","6","0","Good","5.7522","34.8485","17.15","0","","","","33.0","33.0","33.0","45.0","33.0","0.0","33.0","35.5","45.0","0.0","0.0","-0.5","33","0","49","49","0","0","0"
"2026-04-16T20:00:00+00:00","Lahore","20","3","4","106","-0.866025","0.5","0.866025","-0.5","0.967938","-0.25119","0","0","0","1","28.5","34","11.7","25","22.7","1006.9","0","11.2","100","","0.0","0.0","27.7","","-1.3","3","33","pm25","49","13","6","47","9","6","0","Good","5.612","35.4545","16.66","0","","","","33.0","33.0","33.0","45.0","33.0","0.0","33.0","35.0","45.0","0.0","0.0","-0.5","33","0","49","49","0","0","0"
"2026-04-16T21:00:00+00:00","Lahore","21","3","4","106","-0.707107","0.707107","0.866025","-0.5","0.967938","-0.25119","0","0","0","1","27.8","35","11.5","42","22.3","1006.4","0","10.8","70","","0.0","0.0","27.2","","-1.4","2","33","pm25","49","13","6","47","9","6","0","Good","5.7522","34.8485","17.15","0","","","","33.0","33.0","33.0","45.0","33.0","0.0","33.0","34.5","45.0","0.0","0.0","-0.5","33","0","49","49","0","0","0"
"2026-04-16T22:00:00+00:00","Lahore","22","3","4","106","-0.5","0.866025","0.866025","-0.5","0.967938","-0.25119","0","0","1","1","26.5","37","8.8","28","22.0","1006.8","0","10.8","24","","0.0","0.0","","","-1.1","1","33","pm25","49","13","6","47","9","6","0","Good","7.6284","26.6667","18.13","0","","","","33.0","33.0","33.0","45.0","33.0","0.0","33.0","34.0","45.0","0.0","0.0","-0.5","33","0","49","49","0","0","0"
"2026-04-16T23:00:00+00:00","Lahore","23","3","4","106","-0.258819","0.965926","0.866025","-0.5","0.967938","-0.25119","0","0","1","1","25.8","39","7.7","16","16.6","1007.0","0","10.9","67","","0.0","0.0","","","-0.8","2","33","pm25","49","13","6","47","9","6","0","Good","8.8455","23.3333","19.11","0","","","","33.0","33.0","33.0","45.0","33.0","0.0","33.0","33.5","45.0","0.0","0.0","-0.5","33","0","49","49","0","0","0"
"2026-04-17T00:00:00+00:00","Lahore","0","4","4","107","0.0","1.0","0.866025","-0.5","0.963471","-0.267814","0","0","1","1","25.3","48","4.8","20","20.2","1006.9","0","13.4","84","","0.0","0.0","","","0.4","3","37","pm25","73","19","7","50","6","3","0","Good","22.5083","12.973","35.04","0","","","","33.0","33.0","33.0","33.0","33.0","0.0","33.0","33.0","33.0","0.0","0.0","0.0","37","0","73","73","0","0","0"
"2026-04-17T01:00:00+00:00","Lahore","1","4","4","107","0.258819","0.965926","0.866025","-0.5","0.963471","-0.267814","0","0","1","1","24.6","46","9.6","337","18.7","1008.0","0","12.2","65","","0.0","0.0","","","-0.7","2","37","pm25","73","19","7","50","6","3","0","Good","11.1021","25.9459","33.58","0","","","","37.0","33.0","33.0","33.0","34.33","1.89","33.67","33.17","37.0","4.0","0.6667","0.1667","37","0","73","73","0","0","0"
"2026-04-17T02:00:00+00:00","Lahore","2","4","4","107","0.5","0.866025","0.866025","-0.5","0.963471","-0.267814","0","0","1","1","26.0","39","9.4","5","19.1","1009.5","0","11.0","78","","0.0","0.0","","","-1.1","2","37","pm25","73","19","7","50","6","3","0","Good","10.7947","25.4054","28.47","0","","","","37.0","33.0","33.0","33.0","35.67","1.89","34.33","33.33","37.0","0.0","0.6667","0.1667","37","0","73","73","0","0","0"
"2026-04-17T03:00:00+00:00","Lahore","3","4","4","107","0.707107","0.707107","0.866025","-0.5","0.963471","-0.267814","0","0","1","1","27.6","34","11.2","4","27.4","1010.1","0","10.1","91","","0.0","0.0","27.0","","-1.6","3","37","pm25","73","19","7","50","6","3","0","Good","8.7339","30.2703","24.82","0","","","","37.0","37.0","33.0","33.0","37.0","0.0","35.0","33.5","37.0","0.0","0.6667","0.1667","37","0","73","73","0","0","0"
"2026-04-17T04:00:00+00:00","Lahore","4","4","4","107","0.866025","0.5","0.866025","-0.5","0.963471","-0.267814","0","0","1","1","29.9","30","14.0","12","33.5","1010.9","0","10.4","80","","0.0","0.0","28.66","","-2.0","3","37","pm25","73","19","7","50","6","3","0","Good","6.7786","37.8378","21.9","0","","","","37.0","37.0","33.0","33.0","37.0","0.0","35.67","33.67","37.0","0.0","0.6667","0.1667","37","0","73","73","0","0","0"
"2026-04-17T05:00:00+00:00","Lahore","5","4","4","107","0.965926","0.258819","0.866025","-0.5","0.963471","-0.267814","0","0","1","1","31.6","26","13.3","16","34.6","1011.4","0","9.6","100","","0.0","0.0","30.0","","-2.0","3","37","pm25","73","19","7","50","6","3","0","Good","6.9158","35.9459","18.98","0","","","","37.0","37.0","33.0","33.0","37.0","0.0","36.33","33.83","37.0","0.0","0.6667","0.1667","37","0","73","73","0","0","0"
"2026-04-17T06:00:00+00:00","Lahore","6","4","4","107","1.0","0.0","0.866025","-0.5","0.963471","-0.267814","0","0","0","1","32.7","25","18.6","12","40.0","1011.1","0","10.2","100","","0.0","0.0","31.05","","-2.0","3","37","pm25","73","19","7","50","6","3","0","Good","4.9059","50.2703","18.25","0","","","","37.0","37.0","37.0","33.0","37.0","0.0","37.0","34.0","37.0","0.0","0.0","0.1667","37","0","73","73","0","0","0"
"2026-04-17T07:00:00+00:00","Lahore","7","4","4","107","0.965926","-0.258819","0.866025","-0.5","0.963471","-0.267814","0","1","0","1","33.3","23","19.8","27","46.1","1011.4","0","9.4","100","","0.0","0.0","31.5","","-2.8","3","37","pm25","73","19","7","50","6","3","0","Good","4.5348","53.5135","16.79","0","","","","37.0","37.0","37.0","33.0","37.0","0.0","37.0","34.17","37.0","0.0","0.0","0.1667","37","0","73","73","0","0","0"
"2026-04-17T08:00:00+00:00","Lahore","8","4","4","107","0.866025","-0.5","0.866025","-0.5","0.963471","-0.267814","0","1","0","1","33.0","22","20.1","51","46.1","1010.6","0","8.2","99","","0.0","0.0","31.09","","-3.4","3","37","pm25","73","19","7","50","6","3","0","Good","4.4308","54.3243","16.06","0","","","","37.0","37.0","37.0","33.0","37.0","0.0","37.0","34.33","37.0","0.0","0.0","0.1667","37","0","73","73","0","0","0"
"2026-04-17T09:00:00+00:00","Lahore","9","4","4","107","0.707107","-0.707107","0.866025","-0.5","0.963471","-0.267814","0","1","0","1","33.5","22","21.4","52","54.0","1009.5","0","9.1","35","","0.0","0.0","31.62","","-2.9","1","37","pm25","73","19","7","50","6","3","0","Good","4.1617","57.8378","16.06","0","","","","37.0","37.0","37.0","33.0","37.0","0.0","37.0","34.5","37.0","0.0","0.0","0.1667","37","0","73","73","0","0","0"
"2026-04-17T10:00:00+00:00","Lahore","10","4","4","107","0.5","-0.866025","0.866025","-0.5","0.963471","-0.267814","0","0","0","1","32.9","24","21.0","42","49.0","1009.1","0","9.7","80","","0.0","0.0","31.17","","-2.8","3","37","pm25","73","19","7","50","6","3","0","Good","4.3105","56.7568","17.52","0","","","","37.0","37.0","37.0","33.0","37.0","0.0","37.0","34.67","37.0","0.0","0.0","0.1667","37","0","73","73","0","0","0"
"2026-04-17T11:00:00+00:00","Lahore","11","4","4","107","0.258819","-0.965926","0.866025","-0.5","0.963471","-0.267814","0","0","0","1","32.3","25","19.7","43","49.0","1008.4","0","9.7","14","","0.0","0.0","30.63","","-3.0","0","37","pm25","73","19","7","50","6","3","0","Good","4.632","53.2432","18.25","0","","","","37.0","37.0","37.0","33.0","37.0","0.0","37.0","34.83","37.0","0.0","0.0","0.1667","37","0","73","73","0","0","0"
"2026-04-17T12:00:00+00:00","Lahore","12","4","4","107","0.0","-1.0","0.866025","-0.5","0.963471","-0.267814","0","0","0","1","31.8","26","18.2","52","44.6","1007.6","0","9.7","14","","0.0","0.0","30.2","","-2.7","0","37","pm25","73","19","7","50","6","3","0","Good","5.0538","49.1892","18.98","0","","","","37.0","37.0","37.0","33.0","37.0","0.0","37.0","35.0","37.0","0.0","0.0","0.1667","37","0","73","73","0","0","0"
"2026-04-17T13:00:00+00:00","Lahore","13","4","4","107","-0.258819","-0.965926","0.866025","-0.5","0.963471","-0.267814","0","0","0","1","30.3","28","15.0","53","40.0","1007.6","0","9.7","31","","0.0","0.0","28.89","","-2.3","1","37","pm25","73","19","7","50","6","3","0","Good","6.2293","40.5405","20.44","0","","","","37.0","37.0","37.0","33.0","37.0","0.0","37.0","35.17","37.0","0.0","0.0","0.1667","37","0","73","73","0","0","0"
"2026-04-17T14:00:00+00:00","Lahore","14","4","4","107","-0.5","-0.866025","0.866025","-0.5","0.963471","-0.267814","0","0","0","1","29.0","32","13.8","48","30.6","1008.1","0","10.6","95","","0.0","0.0","27.99","","-1.9","3","37","pm25","73","19","7","50","6","3","0","Good","6.9826","37.2973","23.36","0","","","","37.0","37.0","37.0","33.0","37.0","0.0","37.0","35.33","37.0","0.0","0.0","0.1667","37","0","73","73","0","0","0"
"2026-04-17T15:00:00+00:00","Lahore","15","4","4","107","-0.707107","-0.707107","0.866025","-0.5","0.963471","-0.267814","0","0","0","1","27.9","35","11.2","45","27.4","1008.8","0","10.9","94","","0.0","0.0","27.27","","-1.4","3","37","pm25","73","19","7","50","6","3","0","Good","8.7991","30.2703","25.55","0","","","","37.0","37.0","37.0","33.0","37.0","0.0","37.0","35.5","37.0","0.0","0.0","0.1667","37","0","73","73","0","0","0"
"2026-04-17T16:00:00+00:00","Lahore","16","4","4","107","-0.866025","-0.5","0.866025","-0.5","0.963471","-0.267814","0","0","0","1","27.0","36","10.3","25","21.2","1009.2","0","10.4","88","","0.0","0.0","","","-1.4","3","37","pm25","73","19","7","50","6","3","0","Good","9.6388","27.8378","26.28","0","","","","37.0","37.0","37.0","33.0","37.0","0.0","37.0","35.67","37.0","0.0","0.0","0.1667","37","0","73","73","0","0","0"
"2026-04-17T17:00:00+00:00","Lahore","17","4","4","107","-0.965926","-0.258819","0.866025","-0.5","0.963471","-0.267814","0","1","0","1","26.0","36","10.8","21","22.0","1009.1","0","9.9","70","","0.0","0.0","","","-1.6","2","37","pm25","73","19","7","50","6","3","0","Good","9.1926","29.1892","26.28","0","","","","37.0","37.0","37.0","33.0","37.0","0.0","37.0","35.83","37.0","0.0","0.0","0.1667","37","0","73","73","0","0","0"
"2026-04-17T18:00:00+00:00","Lahore","18","4","4","107","-1.0","-0.0","0.866025","-0.5","0.963471","-0.267814","0","1","0","1","25.4","45","12.4","3","20.9","1009.6","0","12.4","98","","0.0","0.0","","","-1.1","3","37","pm25","73","19","7","50","6","3","0","Good","8.5363","33.5135","32.85","0","","","","37.0","37.0","37.0","33.0","37.0","0.0","37.0","36.0","37.0","0.0","0.0","0.1667","37","0","73","73","0","0","0"
"2026-04-17T19:00:00+00:00","Lahore","19","4","4","107","-0.965926","0.258819","0.866025","-0.5","0.963471","-0.267814","0","1","0","1","25.0","49","11.5","360","24.1","1009.8","0","13.4","100","","0.0","0.0","","","-0.6","3","37","pm25","73","19","7","50","6","3","0","Good","9.4583","31.0811","35.77","0","","","","37.0","37.0","37.0","33.0","37.0","0.0","37.0","36.17","37.0","0.0","0.0","0.1667","37","0","73","73","0","0","0"
"2026-04-17T20:00:00+00:00","Lahore","20","4","4","107","-0.866025","0.5","0.866025","-0.5","0.963471","-0.267814","0","0","0","1","24.6","53","12.8","356","24.8","1009.4","0","14.3","99","","0.0","0.0","","","-0.5","3","37","pm25","73","19","7","50","6","3","0","Good","8.7258","34.5946","38.69","0","","","","37.0","37.0","37.0","33.0","37.0","0.0","37.0","36.33","37.0","0.0","0.0","0.1667","37","0","73","73","0","0","0"
"2026-04-17T21:00:00+00:00","Lahore","21","4","4","107","-0.707107","0.707107","0.866025","-0.5","0.963471","-0.267814","0","0","0","1","24.5","52","12.6","1","25.9","1008.5","0","13.9","100","","0.0","0.0","","","-0.6","3","37","pm25","73","19","7","50","6","3","0","Good","8.8063","34.0541","37.96","0","","","","37.0","37.0","37.0","33.0","37.0","0.0","37.0","36.5","37.0","0.0","0.0","0.1667","37","0","73","73","0","0","0"
"2026-04-17T22:00:00+00:00","Lahore","22","4","4","107","-0.5","0.866025","0.866025","-0.5","0.963471","-0.267814","0","0","1","1","24.0","52","10.2","8","24.8","1008.6","0","13.4","100","","0.0","0.0","","","-0.4","3","37","pm25","73","19","7","50","6","3","0","Good","10.8784","27.5676","37.96","0","","","","37.0","37.0","37.0","33.0","37.0","0.0","37.0","36.67","37.0","0.0","0.0","0.1667","37","0","73","73","0","0","0"
"2026-04-17T23:00:00+00:00","Lahore","23","4","4","107","-0.258819","0.965926","0.866025","-0.5","0.963471","-0.267814","0","0","1","1","23.2","52","8.9","19","19.8","1008.4","0","12.9","62","","0.0","0.0","","","-0.3","2","37","pm25","73","19","7","50","6","3","0","Good","12.4674","24.0541","37.96","0","","","","37.0","37.0","37.0","33.0","37.0","0.0","37.0","36.83","37.0","0.0","0.0","0.1667","37","0","73","73","0","0","0"
"2026-04-18T00:00:00+00:00","Lahore","0","5","4","108","0.0","1.0","0.866025","-0.5","0.958718","-0.284359","1","0","1","1","23.0","53","9.9","355","18.0","1009.0","0","12.9","100","","0.0","0.0","","","-0.6","3","51","pm25","58","22","22","50","8","4","1","Moderate","8.9636","19.4118","30.74","0","","","","37.0","37.0","37.0","37.0","37.0","0.0","37.0","37.0","37.0","0.0","0.0","0.0","51","1","58","58","1","1","0"
"2026-04-18T01:00:00+00:00","Lahore","1","5","4","108","0.258819","0.965926","0.866025","-0.5","0.958718","-0.284359","1","0","1","1","23.0","54","12.8","355","24.5","1009.6","0","13.2","95","","0.0","0.0","","","-0.8","3","51","pm25","58","22","22","50","8","4","1","Moderate","6.9781","25.098","31.32","0","","","","51.0","37.0","37.0","37.0","41.67","6.6","39.33","37.58","51.0","14.0","2.3333","0.5833","51","1","58","58","1","1","1"
"2026-04-18T02:00:00+00:00","Lahore","2","5","4","108","0.5","0.866025","0.866025","-0.5","0.958718","-0.284359","1","0","1","1","24.8","50","12.6","11","27.0","1010.0","0","13.6","7","","0.0","0.0","","","-0.7","0","51","pm25","58","22","22","50","8","4","1","Moderate","6.9048","24.7059","29.0","0","","","","51.0","37.0","37.0","37.0","46.33","6.6","41.67","38.17","51.0","0.0","2.3333","0.5833","51","1","58","58","1","1","0"
"2026-04-18T03:00:00+00:00","Lahore","3","5","4","108","0.707107","0.707107","0.866025","-0.5","0.958718","-0.284359","1","0","1","1","27.1","43","14.3","11","31.7","1010.0","0","13.6","75","","0.0","0.0","27.1","","-0.9","2","51","pm25","58","22","22","50","8","4","1","Moderate","5.8","28.0392","24.94","0","","","","51.0","51.0","37.0","37.0","51.0","0.0","44.0","38.75","51.0","0.0","2.3333","0.5833","51","1","58","58","1","1","0"
"2026-04-18T04:00:00+00:00","Lahore","4","5","4","108","0.866025","0.5","0.866025","-0.5","0.958718","-0.284359","1","0","1","1","29.3","38","17.5","12","40.7","1010.0","0","13.6","20","","0.0","0.0","28.73","","-1.4","1","51","pm25","58","22","22","50","8","4","1","Moderate","4.5737","34.3137","22.04","0","","","","51.0","51.0","37.0","37.0","51.0","0.0","46.33","39.33","51.0","0.0","2.3333","0.5833","51","1","58","58","1","1","0"
"2026-04-18T05:00:00+00:00","Lahore","5","5","4","108","0.965926","0.258819","0.866025","-0.5","0.958718","-0.284359","1","0","1","1","31.7","31","19.0","27","45.0","1009.5","0","12.5","13","","0.0","0.0","30.59","","-1.4","0","51","pm25","58","22","22","50","8","4","1","Moderate","3.9989","37.2549","17.98","0","","","","51.0","51.0","37.0","37.0","51.0","0.0","48.67","39.92","51.0","0.0","2.3333","0.5833","51","1","58","58","1","1","0"
"2026-04-18T06:00:00+00:00","Lahore","6","5","4","108","1.0","0.0","0.866025","-0.5","0.958718","-0.284359","1","0","0","1","33.8","25","16.6","13","45.0","1009.8","0","10.8","14","","0.0","0.0","32.29","","-1.1","0","51","pm25","58","22","22","50","8","4","1","Moderate","4.3675","32.549","14.5","0","","","","51.0","51.0","51.0","37.0","51.0","0.0","51.0","40.5","51.0","0.0","0.0","0.5833","51","1","58","58","1","1","0"
"2026-04-18T07:00:00+00:00","Lahore","7","5","4","108","0.965926","-0.258819","0.866025","-0.5","0.958718","-0.284359","1","1","0","1","35.2","21","15.0","23","40.0","1009.3","0","9.4","8","","0.0","0.0","33.4","","-1.0","0","51","pm25","58","22","22","50","8","4","1","Moderate","4.6787","29.4118","12.18","0","","","","51.0","51.0","51.0","37.0","51.0","0.0","51.0","41.08","51.0","0.0","0.0","0.5833","51","1","58","58","1","1","0"
"2026-04-18T08:00:00+00:00","Lahore","8","5","4","108","0.866025","-0.5","0.866025","-0.5","0.958718","-0.284359","1","1","0","1","36.0","19","14.1","22","38.9","1008.6","0","8.7","0","","0.0","0.0","34.05","","-0.9","0","51","pm25","58","22","22","50","8","4","1","Moderate","4.895","27.6471","11.02","0","","","","51.0","51.0","51.0","37.0","51.0","0.0","51.0","41.67","51.0","0.0","0.0","0.5833","51","1","58","58","1","1","0"
"2026-04-18T09:00:00+00:00","Lahore","9","5","4","108","0.707107","-0.707107","0.866025","-0.5","0.958718","-0.284359","1","1","0","1","36.6","18","12.1","25","36.7","1007.4","0","8.3","0","","0.0","0.0","34.59","","-0.8","0","51","pm25","58","22","22","50","8","4","1","Moderate","5.6562","23.7255","10.44","0","","","","51.0","51.0","51.0","37.0","51.0","0.0","51.0","42.25","51.0","0.0","0.0","0.5833","51","1","58","58","1","1","0"
"2026-04-18T10:00:00+00:00","Lahore","10","5","4","108","0.5","-0.866025","0.866025","-0.5","0.958718","-0.284359","1","0","0","1","36.7","17","11.1","37","32.8","1006.4","0","8.1","0","","0.0","0.0","34.57","","-1.4","0","51","pm25","58","22","22","50","8","4","1","Moderate","6.1135","21.7647","9.86","0","","","","51.0","51.0","51.0","37.0","51.0","0.0","51.0","42.83","51.0","0.0","0.0","0.5833","51","1","58","58","1","1","0"
"2026-04-18T11:00:00+00:00","Lahore","11","5","4","108","0.258819","-0.965926","0.866025","-0.5","0.958718","-0.284359","1","0","0","1","36.3","18","10.5","38","29.9","1005.8","0","7.9","95","","0.0","0.0","34.25","","-2.0","3","51","pm25","58","22","22","50","8","4","1","Moderate","6.5181","20.5882","10.44","0","","","","51.0","51.0","51.0","37.0","51.0","0.0","51.0","43.42","51.0","0.0","0.0","0.5833","51","1","58","58","1","1","0"
"2026-04-18T12:00:00+00:00","Lahore","12","5","4","108","0.0","-1.0","0.866025","-0.5","0.958718","-0.284359","1","0","0","1","35.7","17","8.3","24","27.4","1005.5","0","7.1","100","","0.0","0.0","33.47","","-2.0","3","51","pm25","58","22","22","50","8","4","1","Moderate","8.1759","16.2745","9.86","0","","","","51.0","51.0","51.0","37.0","51.0","0.0","51.0","44.0","51.0","0.0","0.0","0.5833","51","1","58","58","1","1","0"
"2026-04-18T13:00:00+00:00","Lahore","13","5","4","108","-0.258819","-0.965926","0.866025","-0.5","0.958718","-0.284359","1","0","0","1","34.3","20","8.8","4","21.6","1005.4","0","7.8","99","","0.0","0.0","32.28","","-1.8","3","51","pm25","58","22","22","50","8","4","1","Moderate","7.9091","17.2549","11.6","0","","","","51.0","51.0","51.0","37.0","51.0","0.0","51.0","44.58","51.0","0.0","0.0","0.5833","51","1","58","58","1","1","0"
"2026-04-18T14:00:00+00:00","Lahore","14","5","4","108","-0.5","-0.866025","0.866025","-0.5","0.958718","-0.284359","1","0","0","1","32.2","24","12.3","355","24.1","1006.0","0","9.0","100","","0.0","0.0","30.44","","-2.0","3","51","pm25","58","22","22","50","8","4","1","Moderate","5.8472","24.1176","13.92","0","","","","51.0","51.0","51.0","37.0","51.0","0.0","51.0","45.17","51.0","0.0","0.0","0.5833","51","1","58","58","1","1","0"
"2026-04-18T15:00:00+00:00","Lahore","15","5","4","108","-0.707107","-0.707107","0.866025","-0.5","0.958718","-0.284359","1","0","0","1","30.9","26","12.1","354","24.5","1006.4","0","8.9","100","","0.0","0.0","29.31","","-2.1","3","51","pm25","58","22","22","50","8","4","1","Moderate","6.0397","23.7255","15.08","0","","","","51.0","51.0","51.0","37.0","51.0","0.0","51.0","45.75","51.0","0.0","0.0","0.5833","51","1","58","58","1","1","0"
"2026-04-18T16:00:00+00:00","Lahore","16","5","4","108","-0.866025","-0.5","0.866025","-0.5","0.958718","-0.284359","1","0","0","1","30.1","26","11.0","1","24.1","1006.9","0","8.6","100","","0.0","0.0","28.58","","-1.9","3","51","pm25","58","22","22","50","8","4","1","Moderate","6.6436","21.5686","15.08","0","","","","51.0","51.0","51.0","37.0","51.0","0.0","51.0","46.33","51.0","0.0","0.0","0.5833","51","1","58","58","1","1","0"
"2026-04-18T17:00:00+00:00","Lahore","17","5","4","108","-0.965926","-0.258819","0.866025","-0.5","0.958718","-0.284359","1","1","0","1","29.1","29","9.4","353","21.2","1007.0","0","9.2","99","","0.0","0.0","27.9","","-1.6","3","51","pm25","58","22","22","50","8","4","1","Moderate","7.9596","18.4314","16.82","0","","","","51.0","51.0","51.0","37.0","51.0","0.0","51.0","46.92","51.0","0.0","0.0","0.5833","51","1","58","58","1","1","0"
"2026-04-18T18:00:00+00:00","Lahore","18","5","4","108","-1.0","-0.0","0.866025","-0.5","0.958718","-0.284359","1","1","0","1","29.0","34","11.2","328","24.1","1007.4","0","11.5","99","","0.0","0.0","28.13","","-1.2","3","51","pm25","58","22","22","50","8","4","1","Moderate","6.9393","21.9608","19.72","0","","","","51.0","51.0","51.0","37.0","51.0","0.0","51.0","47.5","51.0","0.0","0.0","0.5833","51","1","58","58","1","1","0"
"2026-04-18T19:00:00+00:00","Lahore","19","5","4","108","-0.965926","0.258819","0.866025","-0.5","0.958718","-0.284359","1","1","0","1","27.6","40","13.9","327","28.4","1007.7","0","12.6","100","","0.0","0.0","27.33","","-1.2","3","51","pm25","58","22","22","50","8","4","1","Moderate","5.8417","27.2549","23.2","0","","","","51.0","51.0","51.0","37.0","51.0","0.0","51.0","48.08","51.0","0.0","0.0","0.5833","51","1","58","58","1","1","0"
"2026-04-18T20:00:00+00:00","Lahore","20","5","4","108","-0.866025","0.5","0.866025","-0.5","0.958718","-0.284359","1","0","0","1","26.0","47","17.2","333","34.9","1007.6","0","13.9","97","","0.0","0.0","","","-1.3","3","51","pm25","58","22","22","50","8","4","1","Moderate","4.957","33.7255","27.26","0","","","","51.0","51.0","51.0","37.0","51.0","0.0","51.0","48.67","51.0","0.0","0.0","0.5833","51","1","58","58","1","1","0"
"2026-04-18T21:00:00+00:00","Lahore","21","5","4","108","-0.707107","0.707107","0.866025","-0.5","0.958718","-0.284359","1","0","0","1","24.9","53","16.2","343","36.0","1007.1","0","14.6","55","","0.0","0.0","","","-0.8","2","51","pm25","58","22","22","50","8","4","1","Moderate","5.4778","31.7647","30.74","0","","","","51.0","51.0","51.0","37.0","51.0","0.0","51.0","49.25","51.0","0.0","0.0","0.5833","51","1","58","58","1","1","0"
"2026-04-18T22:00:00+00:00","Lahore","22","5","4","108","-0.5","0.866025","0.866025","-0.5","0.958718","-0.284359","1","0","1","1","24.8","51","14.9","349","32.8","1007.0","0","14.0","42","","0.0","0.0","","","-0.9","1","51","pm25","58","22","22","50","8","4","1","Moderate","5.8779","29.2157","29.58","0","","","","51.0","51.0","51.0","37.0","51.0","0.0","51.0","49.83","51.0","0.0","0.0","0.5833","51","1","58","58","1","1","0"
"2026-04-18T23:00:00+00:00","Lahore","23","5","4","108","-0.258819","0.965926","0.866025","-0.5","0.958718","-0.284359","1","0","1","1","24.3","49","12.8","354","29.9","1006.3","0","12.9","95","","0.0","0.0","","","-1.0","3","51","pm25","58","22","22","50","8","4","1","Moderate","6.7516","25.098","28.42","0","","","","51.0","51.0","51.0","37.0","51.0","0.0","51.0","50.42","51.0","0.0","0.0","0.5833","51","1","58","58","1","1","0"
"2026-04-19T00:00:00+00:00","Lahore","0","6","4","109","0.0","1.0","0.866025","-0.5","0.953681","-0.30082","1","0","1","1","24.2","55","10.3","1","24.8","1005.9","0","14.5","100","","0.0","0.0","","","0.0","3","47","pm25","69","21","5","51","3","5","0","Good","10.3835","21.9149","37.95","0","","","","51.0","51.0","51.0","51.0","51.0","0.0","51.0","51.0","51.0","0.0","0.0","0.0","47","0","69","69","0","0","0"
"2026-04-19T01:00:00+00:00","Lahore","1","6","4","109","0.258819","0.965926","0.866025","-0.5","0.953681","-0.30082","1","0","1","1","24.1","54","9.4","352","19.8","1006.4","0","14.1","100","","0.0","0.0","","","0.0","3","47","pm25","69","21","5","51","3","5","0","Good","11.3043","20.0","37.26","0","","","","47.0","51.0","51.0","51.0","49.67","1.89","50.33","50.83","51.0","-4.0","-0.6667","-0.1667","47","0","69","69","0","0","0"
"2026-04-19T02:00:00+00:00","Lahore","2","6","4","109","0.5","0.866025","0.866025","-0.5","0.953681","-0.30082","1","0","1","1","25.2","50","9.1","343","18.7","1007.0","0","13.9","100","","0.0","0.0","","","0.0","3","47","pm25","69","21","5","51","3","5","0","Good","11.3736","19.3617","34.5","0","","","","47.0","51.0","51.0","51.0","48.33","1.89","49.67","50.67","51.0","0.0","-0.6667","-0.1667","47","0","69","69","0","0","0"
"2026-04-19T03:00:00+00:00","Lahore","3","6","4","109","0.707107","0.707107","0.866025","-0.5","0.953681","-0.30082","1","0","1","1","26.7","44","8.0","350","20.5","1007.5","0","13.6","100","","0.0","0.0","","","0.0","3","47","pm25","69","21","5","51","3","5","0","Good","12.42","17.0213","30.36","0","","","","47.0","47.0","51.0","51.0","47.0","0.0","49.0","50.5","51.0","0.0","-0.6667","-0.1667","47","0","69","69","0","0","0"
"2026-04-19T04:00:00+00:00","Lahore","4","6","4","109","0.866025","0.5","0.866025","-0.5","0.953681","-0.30082","1","0","1","1","28.4","39","7.8","347","22.0","1008.0","0","13.1","100","","0.0","0.0","27.95","","-0.1","3","47","pm25","69","21","5","51","3","5","0","Good","12.2962","16.5957","26.91","0","","","","47.0","47.0","51.0","51.0","47.0","0.0","48.33","50.33","51.0","0.0","-0.6667","-0.1667","47","0","69","69","0","0","0"
"2026-04-19T05:00:00+00:00","Lahore","5","6","4","109","0.965926","0.258819","0.866025","-0.5","0.953681","-0.30082","1","0","1","1","30.8","33","6.8","358","22.0","1008.0","0","12.6","100","","0.0","0.0","29.81","","-0.2","3","47","pm25","69","21","5","51","3","5","0","Good","13.4956","14.4681","22.77","0","","","","47.0","47.0","51.0","51.0","47.0","0.0","47.67","50.17","51.0","0.0","-0.6667","-0.1667","47","0","69","69","0","0","0"
"2026-04-19T06:00:00+00:00","Lahore","6","6","4","109","1.0","0.0","0.866025","-0.5","0.953681","-0.30082","1","0","0","1","32.8","27","6.1","341","21.2","1007.9","0","11.3","100","","0.0","0.0","31.38","","-0.5","3","47","pm25","69","21","5","51","3","5","0","Good","14.3656","12.9787","18.63","0","","","","47.0","47.0","47.0","51.0","47.0","0.0","47.0","50.0","51.0","0.0","0.0","-0.1667","47","0","69","69","0","0","0"
"2026-04-19T07:00:00+00:00","Lahore","7","6","4","109","0.965926","-0.258819","0.866025","-0.5","0.953681","-0.30082","1","1","0","1","33.7","24","9.9","325","27.7","1008.0","0","10.5","100","","0.0","0.0","32.05","","-1.3","3","47","pm25","69","21","5","51","3","5","0","Good","8.6424","21.0638","16.56","0","","","","47.0","47.0","47.0","51.0","47.0","0.0","47.0","49.83","51.0","0.0","0.0","-0.1667","47","0","69","69","0","0","0"
"2026-04-19T08:00:00+00:00","Lahore","8","6","4","109","0.866025","-0.5","0.866025","-0.5","0.953681","-0.30082","1","1","0","1","34.5","22","8.6","319","28.1","1007.4","0","9.6","100","","0.0","0.0","32.72","","-1.4","3","47","pm25","69","21","5","51","3","5","0","Good","9.7884","18.2979","15.18","0","","","","47.0","47.0","47.0","51.0","47.0","0.0","47.0","49.67","51.0","0.0","0.0","-0.1667","47","0","69","69","0","0","0"
"2026-04-19T09:00:00+00:00","Lahore","9","6","4","109","0.707107","-0.707107","0.866025","-0.5","0.953681","-0.30082","1","1","0","1","35.5","20","6.3","285","26.6","1006.6","0","8.8","93","","0.0","0.0","33.61","","-0.7","3","47","pm25","69","21","5","51","3","5","0","Good","13.1429","13.4043","13.8","0","","","","47.0","47.0","47.0","51.0","47.0","0.0","47.0","49.5","51.0","0.0","0.0","-0.1667","47","0","69","69","0","0","0"
"2026-04-19T10:00:00+00:00","Lahore","10","6","4","109","0.5","-0.866025","0.866025","-0.5","0.953681","-0.30082","1","0","0","1","35.5","19","9.6","264","26.6","1006.2","0","8.2","82","","0.0","0.0","33.48","","-1.9","3","47","pm25","69","21","5","51","3","5","0","Good","8.5531","20.4255","13.11","0","","","","47.0","47.0","47.0","51.0","47.0","0.0","47.0","49.33","51.0","0.0","0.0","-0.1667","47","0","69","69","0","0","0"
"2026-04-19T11:00:00+00:00","Lahore","11","6","4","109","0.258819","-0.965926","0.866025","-0.5","0.953681","-0.30082","1","0","0","1","34.8","20","6.2","240","28.1","1005.9","0","8.9","69","","0.0","0.0","32.82","","-1.2","2","47","pm25","69","21","5","51","3","5","0","Good","13.3548","13.1915","13.8","0","","","","47.0","47.0","47.0","51.0","47.0","0.0","47.0","49.17","51.0","0.0","0.0","-0.1667","47","0","69","69","0","0","0"
"2026-04-19T12:00:00+00:00","Lahore","12","6","4","109","0.0","-1.0","0.866025","-0.5","0.953681","-0.30082","1","0","0","1","32.6","25","16.3","333","36.4","1005.9","0","10.3","83","","0.0","0.0","30.95","","-2.3","3","47","pm25","69","21","5","51","3","5","0","Good","5.2914","34.6809","17.25","0","","","","47.0","47.0","47.0","51.0","47.0","0.0","47.0","49.0","51.0","0.0","0.0","-0.1667","47","0","69","69","0","0","0"
"2026-04-19T13:00:00+00:00","Lahore","13","6","4","109","-0.258819","-0.965926","0.866025","-0.5","0.953681","-0.30082","1","0","0","1","31.2","27","5.0","2","36.0","1006.0","0","10.1","66","","0.0","0.0","29.68","","-0.7","2","47","pm25","69","21","5","51","3","5","0","Good","17.526","10.6383","18.63","0","","","","47.0","47.0","47.0","51.0","47.0","0.0","47.0","48.83","51.0","0.0","0.0","-0.1667","47","0","69","69","0","0","0"
"2026-04-19T14:00:00+00:00","Lahore","14","6","4","109","-0.5","-0.866025","0.866025","-0.5","0.953681","-0.30082","1","0","0","1","29.7","30","3.1","21","10.4","1006.8","0","10.5","23","","0.0","0.0","28.48","","-0.3","1","47","pm25","69","21","5","51","3","5","0","Good","28.9355","6.5957","20.7","0","","","","47.0","47.0","47.0","51.0","47.0","0.0","47.0","48.67","51.0","0.0","0.0","-0.1667","47","0","69","69","0","0","0"
"2026-04-19T15:00:00+00:00","Lahore","15","6","4","109","-0.707107","-0.707107","0.866025","-0.5","0.953681","-0.30082","1","0","0","1","28.4","35","2.9","22","6.5","1006.9","0","11.3","2","","0.0","0.0","27.68","","0.0","0","47","pm25","69","21","5","51","3","5","0","Good","32.1207","6.1702","24.15","0","","","","47.0","47.0","47.0","51.0","47.0","0.0","47.0","48.5","51.0","0.0","0.0","-0.1667","47","0","69","69","0","0","0"
"2026-04-19T16:00:00+00:00","Lahore","16","6","4","109","-0.866025","-0.5","0.866025","-0.5","0.953681","-0.30082","1","0","0","1","27.4","37","3.6","3","6.1","1007.1","0","11.2","0","","0.0","0.0","27.0","","-0.2","0","47","pm25","69","21","5","51","3","5","0","Good","26.2583","7.6596","25.53","0","","","","47.0","47.0","47.0","51.0","47.0","0.0","47.0","48.33","51.0","0.0","0.0","-0.1667","47","0","69","69","0","0","0"
"2026-04-19T17:00:00+00:00","Lahore","17","6","4","109","-0.965926","-0.258819","0.866025","-0.5","0.953681","-0.30082","1","1","0","1","27.0","37","5.1","352","9.4","1007.1","0","11.1","0","","0.0","0.0","","","-0.5","0","47","pm25","69","21","5","51","3","5","0","Good","18.5353","10.8511","25.53","0","","","","47.0","47.0","47.0","51.0","47.0","0.0","47.0","48.17","51.0","0.0","0.0","-0.1667","47","0","69","69","0","0","0"
"2026-04-19T18:00:00+00:00","Lahore","18","6","4","109","-1.0","-0.0","0.866025","-0.5","0.953681","-0.30082","1","1","0","1","26.6","42","4.9","350","10.8","1007.3","0","12.6","0","","0.0","0.0","","","0.1","0","47","pm25","69","21","5","51","3","5","0","Good","19.9959","10.4255","28.98","0","","","","47.0","47.0","47.0","51.0","47.0","0.0","47.0","48.0","51.0","0.0","0.0","-0.1667","47","0","69","69","0","0","0"
"2026-04-19T19:00:00+00:00","Lahore","19","6","4","109","-0.965926","0.258819","0.866025","-0.5","0.953681","-0.30082","1","1","0","1","26.6","40","5.4","352","10.1","1006.8","0","12.1","0","","0.0","0.0","","","-0.1","0","47","pm25","69","21","5","51","3","5","0","Good","17.8889","11.4894","27.6","0","","","","47.0","47.0","47.0","51.0","47.0","0.0","47.0","47.83","51.0","0.0","0.0","-0.1667","47","0","69","69","0","0","0"
"2026-04-19T20:00:00+00:00","Lahore","20","6","4","109","-0.866025","0.5","0.866025","-0.5","0.953681","-0.30082","1","0","0","1","25.1","45","4.5","23","10.1","1006.6","0","12.2","0","","0.0","0.0","","","0.1","0","47","pm25","69","21","5","51","3","5","0","Good","22.2333","9.5745","31.05","0","","","","47.0","47.0","47.0","51.0","47.0","0.0","47.0","47.67","51.0","0.0","0.0","-0.1667","47","0","69","69","0","0","0"
"2026-04-19T21:00:00+00:00","Lahore","21","6","4","109","-0.707107","0.707107","0.866025","-0.5","0.953681","-0.30082","1","0","0","1","24.5","46","5.5","351","9.7","1006.4","0","12.1","0","","0.0","0.0","","","-0.1","0","47","pm25","69","21","5","51","3","5","0","Good","18.3164","11.7021","31.74","0","","","","47.0","47.0","47.0","51.0","47.0","0.0","47.0","47.5","51.0","0.0","0.0","-0.1667","47","0","69","69","0","0","0"
"2026-04-19T22:00:00+00:00","Lahore","22","6","4","109","-0.5","0.866025","0.866025","-0.5","0.953681","-0.30082","1","0","1","1","24.5","44","9.5","324","17.6","1006.3","0","11.6","0","","0.0","0.0","","","-0.9","0","47","pm25","69","21","5","51","3","5","0","Good","10.4589","20.2128","30.36","0","","","","47.0","47.0","47.0","51.0","47.0","0.0","47.0","47.33","51.0","0.0","0.0","-0.1667","47","0","69","69","0","0","0"
"2026-04-19T23:00:00+00:00","Lahore","23","6","4","109","-0.258819","0.965926","0.866025","-0.5","0.953681","-0.30082","1","0","1","1","24.5","45","11.8","326","22.3","1006.2","0","11.6","0","","0.0","0.0","","","-1.3","0","47","pm25","69","21","5","51","3","5","0","Good","8.4788","25.1064","31.05","0","","","","47.0","47.0","47.0","51.0","47.0","0.0","47.0","47.17","51.0","0.0","0.0","-0.1667","47","0","69","69","0","0","0"
"2026-04-20T00:00:00+00:00","Lahore","0","0","4","110","0.0","1.0","0.866025","-0.5","0.948362","-0.317191","0","0","1","1","24.0","51","10.7","323","23.0","1005.9","0","13.1","1","","0.0","0.0","","","-0.6","0","51","pm25","73","20","11","47","7","0","1","Moderate","10.3019","20.9804","37.23","0","","","","47.0","47.0","47.0","47.0","47.0","0.0","47.0","47.0","47.0","0.0","0.0","0.0","51","1","73","73","1","1","0"
"2026-04-20T01:00:00+00:00","Lahore","1","0","4","110","0.258819","0.965926","0.866025","-0.5","0.948362","-0.317191","0","0","1","1","23.7","51","11.1","324","21.2","1006.3","0","12.9","0","","0.0","0.0","","","-0.7","0","51","pm25","73","20","11","47","7","0","1","Moderate","9.9306","21.7647","37.23","0","","","","51.0","47.0","47.0","47.0","48.33","1.89","47.67","47.17","51.0","4.0","0.6667","0.1667","51","1","73","73","1","1","0"
"2026-04-20T02:00:00+00:00","Lahore","2","0","4","110","0.5","0.866025","0.866025","-0.5","0.948362","-0.317191","0","0","1","1","25.0","46","11.1","331","22.0","1006.8","0","12.7","0","","0.0","0.0","","","-0.8","0","51","pm25","73","20","11","47","7","0","1","Moderate","9.6018","21.7647","33.58","0","","","","51.0","47.0","47.0","47.0","49.67","1.89","48.33","47.33","51.0","0.0","0.6667","0.1667","51","1","73","73","1","1","0"
"2026-04-20T03:00:00+00:00","Lahore","3","0","4","110","0.707107","0.707107","0.866025","-0.5","0.948362","-0.317191","0","0","1","1","27.3","40","6.4","342","19.8","1007.3","0","12.6","0","","0.0","0.0","27.09","","-0.1","0","51","pm25","73","20","11","47","7","0","1","Moderate","15.9687","12.549","29.2","0","","","","51.0","51.0","47.0","47.0","51.0","0.0","49.0","47.5","51.0","0.0","0.6667","0.1667","51","1","73","73","1","1","0"
"2026-04-20T04:00:00+00:00","Lahore","4","0","4","110","0.866025","0.5","0.866025","-0.5","0.948362","-0.317191","0","0","1","1","30.4","32","5.5","337","18.7","1007.7","0","11.9","0","","0.0","0.0","29.3","","-0.3","0","51","pm25","73","20","11","47","7","0","1","Moderate","17.52","10.7843","23.36","0","","","","51.0","51.0","47.0","47.0","51.0","0.0","49.67","47.67","51.0","0.0","0.6667","0.1667","51","1","73","73","1","1","0"
"2026-04-20T05:00:00+00:00","Lahore","5","0","4","110","0.965926","0.258819","0.866025","-0.5","0.948362","-0.317191","0","0","1","1","33.4","23","8.0","335","24.5","1007.8","0","9.5","0","","0.0","0.0","31.61","","-0.4","0","51","pm25","73","20","11","47","7","0","1","Moderate","11.2237","15.6863","16.79","0","","","","51.0","51.0","47.0","47.0","51.0","0.0","50.33","47.83","51.0","0.0","0.6667","0.1667","51","1","73","73","1","1","0"
"2026-04-20T06:00:00+00:00","Lahore","6","0","4","110","1.0","0.0","0.866025","-0.5","0.948362","-0.317191","0","0","0","1","35.3","15","11.0","335","29.9","1007.7","0","4.9","0","","0.0","0.0","32.87","","-1.2","0","51","pm25","73","20","11","47","7","0","1","Moderate","7.6318","21.5686","10.95","0","","","","51.0","51.0","51.0","47.0","51.0","0.0","51.0","48.0","51.0","0.0","0.0","0.1667","51","1","73","73","1","1","0"
"2026-04-20T07:00:00+00:00","Lahore","7","0","4","110","0.965926","-0.258819","0.866025","-0.5","0.948362","-0.317191","0","1","0","1","36.8","12","10.1","333","31.3","1007.2","0","2.7","38","","0.0","0.0","34.11","","-1.2","1","51","pm25","73","20","11","47","7","0","1","Moderate","8.095","19.8039","8.76","0","","","","51.0","51.0","51.0","47.0","51.0","0.0","51.0","48.17","51.0","0.0","0.0","0.1667","51","1","73","73","1","1","0"
"2026-04-20T08:00:00+00:00","Lahore","8","0","4","110","0.866025","-0.5","0.866025","-0.5","0.948362","-0.317191","0","1","0","1","37.5","10","9.7","331","30.2","1006.4","0","1.2","98","","0.0","0.0","34.6","","-1.3","3","51","pm25","73","20","11","47","7","0","1","Moderate","8.2784","19.0196","7.3","0","","","","51.0","51.0","51.0","47.0","51.0","0.0","51.0","48.33","51.0","0.0","0.0","0.1667","51","1","73","73","1","1","0"
"2026-04-20T09:00:00+00:00","Lahore","9","0","4","110","0.707107","-0.707107","0.866025","-0.5","0.948362","-0.317191","0","1","0","1","37.8","10","10.4","326","30.2","1005.5","0","0.8","100","","0.0","0.0","34.88","","-1.9","3","51","pm25","73","20","11","47","7","0","1","Moderate","7.7212","20.3922","7.3","0","","","","51.0","51.0","51.0","47.0","51.0","0.0","51.0","48.5","51.0","0.0","0.0","0.1667","51","1","73","73","1","1","0"
"2026-04-20T10:00:00+00:00","Lahore","10","0","4","110","0.5","-0.866025","0.866025","-0.5","0.948362","-0.317191","0","0","0","1","37.7","10","9.4","324","30.2","1004.6","0","1.1","99","","0.0","0.0","34.79","","-2.7","3","51","pm25","73","20","11","47","7","0","1","Moderate","8.5426","18.4314","7.3","0","","","","51.0","51.0","51.0","47.0","51.0","0.0","51.0","48.67","51.0","0.0","0.0","0.1667","51","1","73","73","1","1","0"
"2026-04-20T11:00:00+00:00","Lahore","11","0","4","110","0.258819","-0.965926","0.866025","-0.5","0.948362","-0.317191","0","0","0","1","37.3","11","9.5","316","27.4","1004.2","0","1.8","66","","0.0","0.0","34.5","","-3.2","2","51","pm25","73","20","11","47","7","0","1","Moderate","8.5295","18.6275","8.03","0","","","","51.0","51.0","51.0","47.0","51.0","0.0","51.0","48.83","51.0","0.0","0.0","0.1667","51","1","73","73","1","1","0"
"2026-04-20T12:00:00+00:00","Lahore","12","0","4","110","0.0","-1.0","0.866025","-0.5","0.948362","-0.317191","0","0","0","1","36.5","11","8.7","310","26.3","1004.2","0","2.0","75","","0.0","0.0","33.74","","-3.0","2","51","pm25","73","20","11","47","7","0","1","Moderate","9.3138","17.0588","8.03","0","","","","51.0","51.0","51.0","47.0","51.0","0.0","51.0","49.0","51.0","0.0","0.0","0.1667","51","1","73","73","1","1","0"
"2026-04-20T13:00:00+00:00","Lahore","13","0","4","110","-0.258819","-0.965926","0.866025","-0.5","0.948362","-0.317191","0","0","0","1","35.5","13","6.2","324","21.2","1004.2","0","3.0","8","","0.0","0.0","32.93","","-2.5","0","51","pm25","73","20","11","47","7","0","1","Moderate","13.3048","12.1569","9.49","0","","","","51.0","51.0","51.0","47.0","51.0","0.0","51.0","49.17","51.0","0.0","0.0","0.1667","51","1","73","73","1","1","0"
"2026-04-20T14:00:00+00:00","Lahore","14","0","4","110","-0.5","-0.866025","0.866025","-0.5","0.948362","-0.317191","0","0","0","1","33.2","17","5.5","314","13.3","1004.7","0","4.4","6","","0.0","0.0","30.95","","-2.1","0","51","pm25","73","20","11","47","7","0","1","Moderate","15.5291","10.7843","12.41","0","","","","51.0","51.0","51.0","47.0","51.0","0.0","51.0","49.33","51.0","0.0","0.0","0.1667","51","1","73","73","1","1","0"
"2026-04-20T15:00:00+00:00","Lahore","15","0","4","110","-0.707107","-0.707107","0.866025","-0.5","0.948362","-0.317191","0","0","0","1","32.2","20","7.3","301","15.5","1005.4","0","6.6","5","","0.0","0.0","30.17","","-2.0","0","51","pm25","73","20","11","47","7","0","1","Moderate","12.0","14.3137","14.6","0","","","","51.0","51.0","51.0","47.0","51.0","0.0","51.0","49.5","51.0","0.0","0.0","0.1667","51","1","73","73","1","1","0"
"2026-04-20T16:00:00+00:00","Lahore","16","0","4","110","-0.866025","-0.5","0.866025","-0.5","0.948362","-0.317191","0","0","0","1","30.6","25","7.1","333","15.1","1005.9","0","8.4","0","","0.0","0.0","28.97","","-1.4","0","51","pm25","73","20","11","47","7","0","1","Moderate","12.8521","13.9216","18.25","0","","","","51.0","51.0","51.0","47.0","51.0","0.0","51.0","49.67","51.0","0.0","0.0","0.1667","51","1","73","73","1","1","0"
"2026-04-20T17:00:00+00:00","Lahore","17","0","4","110","-0.965926","-0.258819","0.866025","-0.5","0.948362","-0.317191","0","1","0","1","29.5","29","7.3","330","14.4","1006.1","0","9.4","0","","0.0","0.0","28.24","","-1.2","0","51","pm25","73","20","11","47","7","0","1","Moderate","12.9","14.3137","21.17","0","","","","51.0","51.0","51.0","47.0","51.0","0.0","51.0","49.83","51.0","0.0","0.0","0.1667","51","1","73","73","1","1","0"
"2026-04-20T18:00:00+00:00","Lahore","18","0","4","110","-1.0","-0.0","0.866025","-0.5","0.948362","-0.317191","0","1","0","1","28.5","36","5.5","314","14.0","1006.5","0","12.0","0","","0.0","0.0","27.83","","-0.1","0","51","pm25","73","20","11","47","7","0","1","Moderate","18.0509","10.7843","26.28","0","","","","51.0","51.0","51.0","47.0","51.0","0.0","51.0","50.0","51.0","0.0","0.0","0.1667","51","1","73","73","1","1","0"
"2026-04-20T19:00:00+00:00","Lahore","19","0","4","110","-0.965926","0.258819","0.866025","-0.5","0.948362","-0.317191","0","1","0","1","28.3","38","5.6","301","10.8","1006.2","0","12.4","0","","0.0","0.0","27.79","","-0.1","0","51","pm25","73","20","11","47","7","0","1","Moderate","17.9893","10.9804","27.74","0","","","","51.0","51.0","51.0","47.0","51.0","0.0","51.0","50.17","51.0","0.0","0.0","0.1667","51","1","73","73","1","1","0"
"2026-04-20T20:00:00+00:00","Lahore","20","0","4","110","-0.866025","0.5","0.866025","-0.5","0.948362","-0.317191","0","0","0","1","27.7","39","6.9","303","13.0","1005.8","0","12.6","0","","0.0","0.0","27.35","","-0.2","0","51","pm25","73","20","11","47","7","0","1","Moderate","14.7058","13.5294","28.47","0","","","","51.0","51.0","51.0","47.0","51.0","0.0","51.0","50.33","51.0","0.0","0.0","0.1667","51","1","73","73","1","1","0"
"2026-04-20T21:00:00+00:00","Lahore","21","0","4","110","-0.707107","0.707107","0.866025","-0.5","0.948362","-0.317191","0","0","0","1","26.7","42","8.0","324","16.6","1005.3","0","12.8","0","","0.0","0.0","","","-0.3","0","51","pm25","73","20","11","47","7","0","1","Moderate","12.9575","15.6863","30.66","0","","","","51.0","51.0","51.0","47.0","51.0","0.0","51.0","50.5","51.0","0.0","0.0","0.1667","51","1","73","73","1","1","0"
"2026-04-20T22:00:00+00:00","Lahore","22","0","4","110","-0.5","0.866025","0.866025","-0.5","0.948362","-0.317191","0","0","1","1","25.9","42","6.6","325","15.8","1005.0","0","11.9","0","","0.0","0.0","","","-0.4","0","51","pm25","73","20","11","47","7","0","1","Moderate","15.7061","12.9412","30.66","0","","","","51.0","51.0","51.0","47.0","51.0","0.0","51.0","50.67","51.0","0.0","0.0","0.1667","51","1","73","73","1","1","0"
"2026-04-20T23:00:00+00:00","Lahore","23","0","4","110","-0.258819","0.965926","0.866025","-0.5","0.948362","-0.317191","0","0","1","1","25.0","42","6.0","307","13.0","1004.6","0","11.3","0","","0.0","0.0","","","-0.4","0","51","pm25","73","20","11","47","7","0","1","Moderate","17.2767","11.7647","30.66","0","","","","51.0","51.0","51.0","47.0","51.0","0.0","51.0","50.83","51.0","0.0","0.0","0.1667","51","1","73","73","1","1","0"
"2026-04-21T00:00:00+00:00","Lahore","0","1","4","111","0.0","1.0","0.866025","-0.5","0.942761","-0.333469","0","0","1","1","25.0","49","6.9","300","11.5","1004.5","0","13.6","0","","0.0","0.0","","","0.2","0","41","pm25","50","10","15","53","4","1","0","Good","10.7971","16.8293","24.5","0","","","","51.0","51.0","51.0","51.0","51.0","0.0","51.0","51.0","51.0","0.0","0.0","0.0","41","0","50","50","0","0","0"
"2026-04-21T01:00:00+00:00","Lahore","1","1","4","111","0.258819","0.965926","0.866025","-0.5","0.942761","-0.333469","0","0","1","1","25.1","47","6.9","298","13.3","1004.8","0","13.1","0","","0.0","0.0","","","0.0","0","41","pm25","50","10","15","53","4","1","0","Good","10.6522","16.8293","23.5","0","","","","41.0","51.0","51.0","51.0","47.67","4.71","49.33","50.58","51.0","-10.0","-1.6667","-0.4167","41","0","50","50","0","0","-1"
"2026-04-21T02:00:00+00:00","Lahore","2","1","4","111","0.5","0.866025","0.866025","-0.5","0.942761","-0.333469","0","0","1","1","26.6","43","7.4","299","15.5","1005.4","0","12.9","0","","0.0","0.0","","","-0.1","0","41","pm25","50","10","15","53","4","1","0","Good","9.6622","18.0488","21.5","0","","","","41.0","51.0","51.0","51.0","44.33","4.71","47.67","50.17","51.0","0.0","-1.6667","-0.4167","41","0","50","50","0","0","0"
"2026-04-21T03:00:00+00:00","Lahore","3","1","4","111","0.707107","0.707107","0.866025","-0.5","0.942761","-0.333469","0","0","1","1","29.4","36","3.1","3","14.8","1005.8","0","12.8","8","","0.0","0.0","28.66","","0.4","0","41","pm25","50","10","15","53","4","1","0","Good","21.9355","7.561","18.0","0","","","","41.0","41.0","51.0","51.0","41.0","0.0","46.0","49.75","51.0","0.0","-1.6667","-0.4167","41","0","50","50","0","0","0"
"2026-04-21T04:00:00+00:00","Lahore","4","1","4","111","0.866025","0.5","0.866025","-0.5","0.942761","-0.333469","0","0","1","1","31.9","30","3.8","357","16.6","1006.1","0","12.2","10","","0.0","0.0","30.7","","0.1","0","41","pm25","50","10","15","53","4","1","0","Good","17.1053","9.2683","15.0","0","","","","41.0","41.0","51.0","51.0","41.0","0.0","44.33","49.33","51.0","0.0","-1.6667","-0.4167","41","0","50","50","0","0","0"
"2026-04-21T05:00:00+00:00","Lahore","5","1","4","111","0.965926","0.258819","0.866025","-0.5","0.942761","-0.333469","0","0","1","1","34.4","25","4.5","310","18.7","1006.1","0","11.2","9","","0.0","0.0","33.0","","0.6","0","41","pm25","50","10","15","53","4","1","0","Good","13.8889","10.9756","12.5","0","","","","41.0","41.0","51.0","51.0","41.0","0.0","42.67","48.92","51.0","0.0","-1.6667","-0.4167","41","0","50","50","0","0","0"
"2026-04-21T06:00:00+00:00","Lahore","6","1","4","111","1.0","0.0","0.866025","-0.5","0.942761","-0.333469","0","0","0","1","36.1","18","8.5","294","25.6","1005.7","0","7.7","0","","0.0","0.0","34.03","","-0.3","0","41","pm25","50","10","15","53","4","1","0","Good","6.9412","20.7317","9.0","0","","","","41.0","41.0","41.0","51.0","41.0","0.0","41.0","48.5","51.0","0.0","0.0","-0.4167","41","0","50","50","0","0","0"
"2026-04-21T07:00:00+00:00","Lahore","7","1","4","111","0.965926","-0.258819","0.866025","-0.5","0.942761","-0.333469","0","1","0","1","37.4","15","10.2","293","30.2","1005.3","0","6.7","0","","0.0","0.0","35.06","","-0.4","0","41","pm25","50","10","15","53","4","1","0","Good","5.6373","24.878","7.5","0","","","","41.0","41.0","41.0","51.0","41.0","0.0","41.0","48.08","51.0","0.0","0.0","-0.4167","41","0","50","50","0","0","0"
"2026-04-21T08:00:00+00:00","Lahore","8","1","4","111","0.866025","-0.5","0.866025","-0.5","0.942761","-0.333469","0","1","0","1","38.0","14","11.8","295","33.1","1004.7","0","6.0","12","","0.0","0.0","35.56","","-0.8","0","41","pm25","50","10","15","53","4","1","0","Good","4.8305","28.7805","7.0","0","","","","41.0","41.0","41.0","51.0","41.0","0.0","41.0","47.67","51.0","0.0","0.0","-0.4167","41","0","50","50","0","0","0"
"2026-04-21T09:00:00+00:00","Lahore","9","1","4","111","0.707107","-0.707107","0.866025","-0.5","0.942761","-0.333469","0","1","0","1","38.4","14","12.9","300","34.9","1003.9","0","5.8","6","","0.0","0.0","36.0","","-1.4","0","41","pm25","50","10","15","53","4","1","0","Good","4.4186","31.4634","7.0","0","","","","41.0","41.0","41.0","51.0","41.0","0.0","41.0","47.25","51.0","0.0","0.0","-0.4167","41","0","50","50","0","0","0"
"2026-04-21T10:00:00+00:00","Lahore","10","1","4","111","0.5","-0.866025","0.866025","-0.5","0.942761","-0.333469","0","0","0","1","38.2","14","14.1","307","36.4","1003.2","0","5.9","9","","0.0","0.0","35.78","","-2.3","0","41","pm25","50","10","15","53","4","1","0","Good","4.0426","34.3902","7.0","0","","","","41.0","41.0","41.0","51.0","41.0","0.0","41.0","46.83","51.0","0.0","0.0","-0.4167","41","0","50","50","0","0","0"
"2026-04-21T11:00:00+00:00","Lahore","11","1","4","111","0.258819","-0.965926","0.866025","-0.5","0.942761","-0.333469","0","0","0","1","37.5","15","15.2","312","37.4","1003.2","0","6.4","93","","0.0","0.0","35.17","","-3.1","3","41","pm25","50","10","15","53","4","1","0","Good","3.7829","37.0732","7.5","0","","","","41.0","41.0","41.0","51.0","41.0","0.0","41.0","46.42","51.0","0.0","0.0","-0.4167","41","0","50","50","0","0","0"
"2026-04-21T12:00:00+00:00","Lahore","12","1","4","111","0.0","-1.0","0.866025","-0.5","0.942761","-0.333469","0","0","0","1","36.3","16","12.6","307","36.7","1003.1","0","6.2","49","","0.0","0.0","34.0","","-2.8","1","41","pm25","50","10","15","53","4","1","0","Good","4.6032","30.7317","8.0","0","","","","41.0","41.0","41.0","51.0","41.0","0.0","41.0","46.0","51.0","0.0","0.0","-0.4167","41","0","50","50","0","0","0"
"2026-04-21T13:00:00+00:00","Lahore","13","1","4","111","-0.258819","-0.965926","0.866025","-0.5","0.942761","-0.333469","0","0","0","1","35.2","17","10.2","318","29.5","1003.4","0","6.6","88","","0.0","0.0","32.94","","-2.3","3","41","pm25","50","10","15","53","4","1","0","Good","5.7353","24.878","8.5","0","","","","41.0","41.0","41.0","51.0","41.0","0.0","41.0","45.58","51.0","0.0","0.0","-0.4167","41","0","50","50","0","0","0"
"2026-04-21T14:00:00+00:00","Lahore","14","1","4","111","-0.5","-0.866025","0.866025","-0.5","0.942761","-0.333469","0","0","0","1","33.9","19","6.5","326","22.0","1003.8","0","7.2","100","","0.0","0.0","31.77","","-1.7","3","41","pm25","50","10","15","53","4","1","0","Good","9.1538","15.8537","9.5","0","","","","41.0","41.0","41.0","51.0","41.0","0.0","41.0","45.17","51.0","0.0","0.0","-0.4167","41","0","50","50","0","0","0"
"2026-04-21T15:00:00+00:00","Lahore","15","1","4","111","-0.707107","-0.707107","0.866025","-0.5","0.942761","-0.333469","0","0","0","1","32.6","22","5.0","308","13.7","1004.0","0","8.1","97","","0.0","0.0","30.69","","-1.2","3","41","pm25","50","10","15","53","4","1","0","Good","12.2","12.1951","11.0","0","","","","41.0","41.0","41.0","51.0","41.0","0.0","41.0","44.75","51.0","0.0","0.0","-0.4167","41","0","50","50","0","0","0"
"2026-04-21T16:00:00+00:00","Lahore","16","1","4","111","-0.866025","-0.5","0.866025","-0.5","0.942761","-0.333469","0","0","0","1","32.0","23","5.4","284","10.1","1004.1","0","8.4","100","","0.0","0.0","30.16","","-1.2","3","41","pm25","50","10","15","53","4","1","0","Good","11.3889","13.1707","11.5","0","","","","41.0","41.0","41.0","51.0","41.0","0.0","41.0","44.33","51.0","0.0","0.0","-0.4167","41","0","50","50","0","0","0"
"2026-04-21T17:00:00+00:00","Lahore","17","1","4","111","-0.965926","-0.258819","0.866025","-0.5","0.942761","-0.333469","0","1","0","1","31.1","25","5.2","266","10.1","1004.4","0","8.6","100","","0.0","0.0","29.43","","-1.1","3","41","pm25","50","10","15","53","4","1","0","Good","12.0192","12.6829","12.5","0","","","","41.0","41.0","41.0","51.0","41.0","0.0","41.0","43.92","51.0","0.0","0.0","-0.4167","41","0","50","50","0","0","0"
"2026-04-21T18:00:00+00:00","Lahore","18","1","4","111","-1.0","-0.0","0.866025","-0.5","0.942761","-0.333469","0","1","0","1","29.8","30","4.9","280","10.1","1004.7","0","10.2","99","","0.0","0.0","28.57","","-0.7","3","41","pm25","50","10","15","53","4","1","0","Good","13.2653","11.9512","15.0","0","","","","41.0","41.0","41.0","51.0","41.0","0.0","41.0","43.5","51.0","0.0","0.0","-0.4167","41","0","50","50","0","0","0"
"2026-04-21T19:00:00+00:00","Lahore","19","1","4","111","-0.965926","0.258819","0.866025","-0.5","0.942761","-0.333469","0","1","0","1","29.3","31","4.9","287","9.4","1004.7","0","10.3","100","","0.0","0.0","28.19","","-0.6","3","41","pm25","50","10","15","53","4","1","0","Good","13.3673","11.9512","15.5","0","","","","41.0","41.0","41.0","51.0","41.0","0.0","41.0","43.08","51.0","0.0","0.0","-0.4167","41","0","50","50","0","0","0"
"2026-04-21T20:00:00+00:00","Lahore","20","1","4","111","-0.866025","0.5","0.866025","-0.5","0.942761","-0.333469","0","0","0","1","28.6","32","5.0","308","9.0","1004.6","0","10.4","91","","0.0","0.0","27.66","","-0.6","3","41","pm25","50","10","15","53","4","1","0","Good","13.2","12.1951","16.0","0","","","","41.0","41.0","41.0","51.0","41.0","0.0","41.0","42.67","51.0","0.0","0.0","-0.4167","41","0","50","50","0","0","0"
"2026-04-21T21:00:00+00:00","Lahore","21","1","4","111","-0.707107","0.707107","0.866025","-0.5","0.942761","-0.333469","0","0","0","1","27.7","34","6.1","328","11.5","1004.4","0","10.6","56","","0.0","0.0","27.07","","-0.7","2","41","pm25","50","10","15","53","4","1","0","Good","10.9836","14.878","17.0","0","","","","41.0","41.0","41.0","51.0","41.0","0.0","41.0","42.25","51.0","0.0","0.0","-0.4167","41","0","50","50","0","0","0"
"2026-04-21T22:00:00+00:00","Lahore","22","1","4","111","-0.5","0.866025","0.866025","-0.5","0.942761","-0.333469","0","0","1","1","26.4","39","5.8","340","12.6","1004.4","0","11.1","16","","0.0","0.0","","","-0.6","0","41","pm25","50","10","15","53","4","1","0","Good","11.9828","14.1463","19.5","0","","","","41.0","41.0","41.0","51.0","41.0","0.0","41.0","41.83","51.0","0.0","0.0","-0.4167","41","0","50","50","0","0","0"
"2026-04-21T23:00:00+00:00","Lahore","23","1","4","111","-0.258819","0.965926","0.866025","-0.5","0.942761","-0.333469","0","0","1","1","25.8","41","5.9","337","10.8","1004.0","0","11.5","11","","0.0","0.0","","","-0.4","0","41","pm25","50","10","15","53","4","1","0","Good","11.9492","14.3902","20.5","0","","","","41.0","41.0","41.0","51.0","41.0","0.0","41.0","41.42","51.0","0.0","0.0","-0.4167","41","0","50","50","0","0","0"
"2026-04-22T00:00:00+00:00","Lahore","0","2","4","112","0.0","1.0","0.866025","-0.5","0.936881","-0.349647","0","0","1","1","26.0","42","6.1","326","10.8","1003.6","0","12.0","96","","0.0","0.0","","","-0.3","3","24","pm25","64","41","11","46","6","0","0","Good","14.8984","25.4167","26.88","0","","","","41.0","41.0","41.0","41.0","41.0","0.0","41.0","41.0","41.0","0.0","0.0","0.0","24","0","64","64","0","0","0"
"2026-04-22T01:00:00+00:00","Lahore","1","2","4","112","0.258819","0.965926","0.866025","-0.5","0.936881","-0.349647","0","0","1","1","25.8","42","5.4","323","10.4","1004.0","0","12.0","88","","0.0","0.0","","","-0.2","3","24","pm25","64","41","11","46","6","0","0","Good","16.8296","22.5","26.88","0","","","","24.0","41.0","41.0","41.0","35.33","8.01","38.17","40.29","41.0","-17.0","-2.8333","-0.7083","24","0","64","64","0","0","-1"
"2026-04-22T02:00:00+00:00","Lahore","2","2","4","112","0.5","0.866025","0.866025","-0.5","0.936881","-0.349647","0","0","1","1","27.0","40","6.2","352","12.6","1004.6","0","12.4","46","","0.0","0.0","","","-0.2","1","24","pm25","64","41","11","46","6","0","0","Good","14.4516","25.8333","25.6","0","","","","24.0","41.0","41.0","41.0","29.67","8.01","35.33","39.58","41.0","0.0","-2.8333","-0.7083","24","0","64","64","0","0","0"
"2026-04-22T03:00:00+00:00","Lahore","3","2","4","112","0.707107","0.707107","0.866025","-0.5","0.936881","-0.349647","0","0","1","1","29.2","37","3.7","23","13.7","1005.1","0","12.9","41","","0.0","0.0","28.54","","0.4","1","24","pm25","64","41","11","46","6","0","0","Good","23.6973","15.4167","23.68","0","","","","24.0","24.0","41.0","41.0","24.0","0.0","32.5","38.88","41.0","0.0","-2.8333","-0.7083","24","0","64","64","0","0","0"
"2026-04-22T04:00:00+00:00","Lahore","4","2","4","112","0.866025","0.5","0.866025","-0.5","0.936881","-0.349647","0","0","1","1","32.4","29","1.6","6","13.7","1005.4","0","12.1","61","","0.0","0.0","31.16","","0.4","2","24","pm25","64","41","11","46","6","0","0","Good","51.6","6.6667","18.56","0","","","","24.0","24.0","41.0","41.0","24.0","0.0","29.67","38.17","41.0","0.0","-2.8333","-0.7083","24","0","64","64","0","0","0"
"2026-04-22T05:00:00+00:00","Lahore","5","2","4","112","0.965926","0.258819","0.866025","-0.5","0.936881","-0.349647","0","0","1","1","35.4","23","1.8","307","14.8","1005.2","0","10.9","38","","0.0","0.0","33.92","","0.9","1","24","pm25","64","41","11","46","6","0","0","Good","43.7333","7.5","14.72","0","","","","24.0","24.0","41.0","41.0","24.0","0.0","26.83","37.46","41.0","0.0","-2.8333","-0.7083","24","0","64","64","0","0","0"
"2026-04-22T06:00:00+00:00","Lahore","6","2","4","112","1.0","0.0","0.866025","-0.5","0.936881","-0.349647","0","0","0","1","37.2","18","5.2","295","18.4","1005.0","0","8.8","57","","0.0","0.0","35.29","","0.7","2","24","pm25","64","41","11","46","6","0","0","Good","14.5231","21.6667","11.52","0","","","","24.0","24.0","24.0","41.0","24.0","0.0","24.0","36.75","41.0","0.0","0.0","-0.7083","24","0","64","64","0","0","0"
"2026-04-22T07:00:00+00:00","Lahore","7","2","4","112","0.965926","-0.258819","0.866025","-0.5","0.936881","-0.349647","0","1","0","1","39.0","15","6.4","299","23.4","1004.4","0","8.1","38","","0.0","0.0","36.84","","0.7","1","24","pm25","64","41","11","46","6","0","0","Good","11.5","26.6667","9.6","0","","","","24.0","24.0","24.0","41.0","24.0","0.0","24.0","36.04","41.0","0.0","0.0","-0.7083","24","0","64","64","0","0","0"
"2026-04-22T08:00:00+00:00","Lahore","8","2","4","112","0.866025","-0.5","0.866025","-0.5","0.936881","-0.349647","0","1","0","1","39.9","14","8.6","301","27.4","1003.8","0","7.8","97","","0.0","0.0","37.67","","0.1","3","24","pm25","64","41","11","46","6","0","0","Good","8.4837","35.8333","8.96","0","","","","24.0","24.0","24.0","41.0","24.0","0.0","24.0","35.33","41.0","0.0","0.0","-0.7083","24","0","64","64","0","0","0"
"2026-04-22T09:00:00+00:00","Lahore","9","2","4","112","0.707107","-0.707107","0.866025","-0.5","0.936881","-0.349647","0","1","0","1","40.2","14","9.9","292","29.5","1002.9","0","7.6","78","","0.0","0.0","38.01","","-0.7","2","24","pm25","64","41","11","46","6","0","0","Good","7.3697","41.25","8.96","0","","","","24.0","24.0","24.0","41.0","24.0","0.0","24.0","34.62","41.0","0.0","0.0","-0.7083","24","0","64","64","0","0","0"
"2026-04-22T10:00:00+00:00","Lahore","10","2","4","112","0.5","-0.866025","0.866025","-0.5","0.936881","-0.349647","0","0","0","1","40.2","14","10.6","279","29.9","1002.3","0","7.3","97","","0.0","0.0","38.01","","-1.6","3","24","pm25","64","41","11","46","6","0","0","Good","6.883","44.1667","8.96","0","","","","24.0","24.0","24.0","41.0","24.0","0.0","24.0","33.92","41.0","0.0","0.0","-0.7083","24","0","64","64","0","0","0"
"2026-04-22T11:00:00+00:00","Lahore","11","2","4","112","0.258819","-0.965926","0.866025","-0.5","0.936881","-0.349647","0","0","0","1","39.6","14","11.9","270","30.2","1001.9","0","7.4","73","","0.0","0.0","37.33","","-2.4","2","24","pm25","64","41","11","46","6","0","0","Good","6.1311","49.5833","8.96","0","","","","24.0","24.0","24.0","41.0","24.0","0.0","24.0","33.21","41.0","0.0","0.0","-0.7083","24","0","64","64","0","0","0"
"2026-04-22T12:00:00+00:00","Lahore","12","2","4","112","0.0","-1.0","0.866025","-0.5","0.936881","-0.349647","0","0","0","1","38.5","14","12.4","251","30.6","1002.0","0","6.3","5","","0.0","0.0","36.1","","-2.7","0","24","pm25","64","41","11","46","6","0","0","Good","5.8839","51.6667","8.96","0","","","","24.0","24.0","24.0","41.0","24.0","0.0","24.0","32.5","41.0","0.0","0.0","-0.7083","24","0","64","64","0","0","0"
"2026-04-22T13:00:00+00:00","Lahore","13","2","4","112","-0.258819","-0.965926","0.866025","-0.5","0.936881","-0.349647","0","0","0","1","37.8","14","9.2","250","27.7","1002.0","0","6.1","0","","0.0","0.0","35.35","","-2.4","0","24","pm25","64","41","11","46","6","0","0","Good","7.9304","38.3333","8.96","0","","","","24.0","24.0","24.0","41.0","24.0","0.0","24.0","31.79","41.0","0.0","0.0","-0.7083","24","0","64","64","0","0","0"
"2026-04-22T14:00:00+00:00","Lahore","14","2","4","112","-0.5","-0.866025","0.866025","-0.5","0.936881","-0.349647","0","0","0","1","36.2","16","6.2","287","19.1","1002.3","0","6.7","0","","0.0","0.0","33.9","","-1.7","0","24","pm25","64","41","11","46","6","0","0","Good","11.9742","25.8333","10.24","0","","","","24.0","24.0","24.0","41.0","24.0","0.0","24.0","31.08","41.0","0.0","0.0","-0.7083","24","0","64","64","0","0","0"
"2026-04-22T15:00:00+00:00","Lahore","15","2","4","112","-0.707107","-0.707107","0.866025","-0.5","0.936881","-0.349647","0","0","0","1","35.0","18","5.6","338","12.2","1003.0","0","7.2","0","","0.0","0.0","32.83","","-1.5","0","24","pm25","64","41","11","46","6","0","0","Good","13.4857","23.3333","11.52","0","","","","24.0","24.0","24.0","41.0","24.0","0.0","24.0","30.38","41.0","0.0","0.0","-0.7083","24","0","64","64","0","0","0"
"2026-04-22T16:00:00+00:00","Lahore","16","2","4","112","-0.866025","-0.5","0.866025","-0.5","0.936881","-0.349647","0","0","0","1","33.2","22","4.2","5","10.8","1003.5","0","8.8","0","","0.0","0.0","31.3","","-1.0","0","24","pm25","64","41","11","46","6","0","0","Good","18.5905","17.5","14.08","0","","","","24.0","24.0","24.0","41.0","24.0","0.0","24.0","29.67","41.0","0.0","0.0","-0.7083","24","0","64","64","0","0","0"
"2026-04-22T17:00:00+00:00","Lahore","17","2","4","112","-0.965926","-0.258819","0.866025","-0.5","0.936881","-0.349647","0","1","0","1","31.6","26","1.5","45","7.6","1003.9","0","9.9","0","","0.0","0.0","30.0","","-0.2","0","24","pm25","64","41","11","46","6","0","0","Good","53.76","6.25","16.64","0","","","","24.0","24.0","24.0","41.0","24.0","0.0","24.0","28.96","41.0","0.0","0.0","-0.7083","24","0","64","64","0","0","0"
"2026-04-22T18:00:00+00:00","Lahore","18","2","4","112","-1.0","-0.0","0.866025","-0.5","0.936881","-0.349647","0","1","0","1","31.3","28","1.1","342","4.0","1004.2","0","10.6","1","","0.0","0.0","29.86","","0.0","0","24","pm25","64","41","11","46","6","0","0","Good","74.4727","4.5833","17.92","0","","","","24.0","24.0","24.0","41.0","24.0","0.0","24.0","28.25","41.0","0.0","0.0","-0.7083","24","0","64","64","0","0","0"
"2026-04-22T19:00:00+00:00","Lahore","19","2","4","112","-0.965926","0.258819","0.866025","-0.5","0.936881","-0.349647","0","1","0","1","30.4","29","1.1","108","2.9","1004.1","0","10.1","6","","0.0","0.0","29.06","","-0.2","0","24","pm25","64","41","11","46","6","0","0","Good","75.0545","4.5833","18.56","0","","","","24.0","24.0","24.0","41.0","24.0","0.0","24.0","27.54","41.0","0.0","0.0","-0.7083","24","0","64","64","0","0","0"
"2026-04-22T20:00:00+00:00","Lahore","20","2","4","112","-0.866025","0.5","0.866025","-0.5","0.936881","-0.349647","0","0","0","1","28.2","33","5.3","80","9.4","1003.8","0","10.6","4","","0.0","0.0","27.4","","-0.5","0","24","pm25","64","41","11","46","6","0","0","Good","16.0604","22.0833","21.12","0","","","","24.0","24.0","24.0","41.0","24.0","0.0","24.0","26.83","41.0","0.0","0.0","-0.7083","24","0","64","64","0","0","0"
"2026-04-22T21:00:00+00:00","Lahore","21","2","4","112","-0.707107","0.707107","0.866025","-0.5","0.936881","-0.349647","0","0","0","1","27.1","38","5.0","55","9.4","1003.5","0","11.8","3","","0.0","0.0","26.84","","-0.2","0","24","pm25","64","41","11","46","6","0","0","Good","17.664","20.8333","24.32","0","","","","24.0","24.0","24.0","41.0","24.0","0.0","24.0","26.12","41.0","0.0","0.0","-0.7083","24","0","64","64","0","0","0"
"2026-04-22T22:00:00+00:00","Lahore","22","2","4","112","-0.5","0.866025","0.866025","-0.5","0.936881","-0.349647","0","0","1","1","26.2","42","4.5","40","8.6","1003.5","0","12.1","1","","0.0","0.0","","","0.1","0","24","pm25","64","41","11","46","6","0","0","Good","20.1956","18.75","26.88","0","","","","24.0","24.0","24.0","41.0","24.0","0.0","24.0","25.42","41.0","0.0","0.0","-0.7083","24","0","64","64","0","0","0"
"2026-04-22T23:00:00+00:00","Lahore","23","2","4","112","-0.258819","0.965926","0.866025","-0.5","0.936881","-0.349647","0","0","1","1","25.9","42","6.2","57","12.6","1003.5","0","12.1","47","","0.0","0.0","","","-0.3","1","24","pm25","64","41","11","46","6","0","0","Good","14.6581","25.8333","26.88","0","","","","24.0","24.0","24.0","41.0","24.0","0.0","24.0","24.71","41.0","0.0","0.0","-0.7083","24","0","64","64","0","0","0"
"2026-04-23T00:00:00+00:00","Lahore","0","3","4","113","0.0","1.0","0.866025","-0.5","0.930724","-0.365723","0","0","1","1","25.0","54","1.0","135","10.8","1003.9","0","15.1","33","","0.0","0.0","","","1.6","1","42","pm25","71","21","13","50","6","2","0","Good","109.34","2.381","38.34","0","","","","24.0","24.0","24.0","24.0","24.0","0.0","24.0","24.0","24.0","0.0","0.0","0.0","42","0","71","71","0","0","0"
"2026-04-23T01:00:00+00:00","Lahore","1","3","4","113","0.258819","0.965926","0.866025","-0.5","0.930724","-0.365723","0","0","1","1","25.4","53","1.7","212","5.0","1004.5","0","15.2","100","","0.0","0.0","","","1.4","3","42","pm25","71","21","13","50","6","2","0","Good","63.9","4.0476","37.63","0","","","","42.0","24.0","24.0","24.0","30.0","8.49","27.0","24.75","42.0","18.0","3.0","0.75","42","0","71","71","0","0","1"
"2026-04-23T02:00:00+00:00","Lahore","2","3","4","113","0.5","0.866025","0.866025","-0.5","0.930724","-0.365723","0","0","1","1","27.2","47","3.6","131","8.6","1005.0","0","14.9","69","","0.0","0.0","27.42","","1.1","2","42","pm25","71","21","13","50","6","2","0","Good","28.9917","8.5714","33.37","0","","","","42.0","24.0","24.0","24.0","36.0","8.49","30.0","25.5","42.0","0.0","3.0","0.75","42","0","71","71","0","0","0"
"2026-04-23T03:00:00+00:00","Lahore","3","3","4","113","0.707107","0.707107","0.866025","-0.5","0.930724","-0.365723","0","0","1","1","31.2","37","2.6","115","10.8","1005.7","0","14.8","5","","0.0","0.0","30.75","","1.2","0","42","pm25","71","21","13","50","6","2","0","Good","37.4115","6.1905","26.27","0","","","","42.0","42.0","24.0","24.0","42.0","0.0","33.0","26.25","42.0","0.0","3.0","0.75","42","0","71","71","0","0","0"
"2026-04-23T04:00:00+00:00","Lahore","4","3","4","113","0.866025","0.5","0.866025","-0.5","0.930724","-0.365723","0","0","1","1","34.9","28","4.1","135","15.1","1006.1","0","13.6","0","","0.0","0.0","34.14","","0.5","0","42","pm25","71","21","13","50","6","2","0","Good","22.1659","9.7619","19.88","0","","","","42.0","42.0","24.0","24.0","42.0","0.0","36.0","27.0","42.0","0.0","3.0","0.75","42","0","71","71","0","0","0"
"2026-04-23T05:00:00+00:00","Lahore","5","3","4","113","0.965926","0.258819","0.866025","-0.5","0.930724","-0.365723","0","0","1","1","37.5","21","5.8","166","19.8","1006.1","0","11.7","0","","0.0","0.0","36.23","","0.5","0","42","pm25","71","21","13","50","6","2","0","Good","14.8121","13.8095","14.91","0","","","","42.0","42.0","24.0","24.0","42.0","0.0","39.0","27.75","42.0","0.0","3.0","0.75","42","0","71","71","0","0","0"
"2026-04-23T06:00:00+00:00","Lahore","6","3","4","113","1.0","0.0","0.866025","-0.5","0.930724","-0.365723","0","0","0","1","38.9","16","6.8","209","22.3","1006.0","0","8.2","1","","0.0","0.0","36.93","","0.1","0","42","pm25","71","21","13","50","6","2","0","Good","12.1118","16.1905","11.36","0","","","","42.0","42.0","42.0","24.0","42.0","0.0","42.0","28.5","42.0","0.0","0.0","0.75","42","0","71","71","0","0","0"
"2026-04-23T07:00:00+00:00","Lahore","7","3","4","113","0.965926","-0.258819","0.866025","-0.5","0.930724","-0.365723","0","1","0","1","40.5","12","5.6","213","23.4","1005.4","0","6.1","4","","0.0","0.0","37.89","","0.2","0","42","pm25","71","21","13","50","6","2","0","Good","14.2","13.3333","8.52","0","","","","42.0","42.0","42.0","24.0","42.0","0.0","42.0","29.25","42.0","0.0","0.0","0.75","42","0","71","71","0","0","0"
"2026-04-23T08:00:00+00:00","Lahore","8","3","4","113","0.866025","-0.5","0.866025","-0.5","0.930724","-0.365723","0","1","0","1","41.1","12","2.9","223","22.0","1004.4","0","5.5","3","","0.0","0.0","38.54","","0.6","0","42","pm25","71","21","13","50","6","2","0","Good","27.4207","6.9048","8.52","0","","","","42.0","42.0","42.0","24.0","42.0","0.0","42.0","30.0","42.0","0.0","0.0","0.75","42","0","71","71","0","0","0"
"2026-04-23T09:00:00+00:00","Lahore","9","3","4","113","0.707107","-0.707107","0.866025","-0.5","0.930724","-0.365723","0","1","0","1","41.4","11","2.7","302","18.0","1003.3","0","5.6","16","","0.0","0.0","38.62","","0.2","0","42","pm25","71","21","13","50","6","2","0","Good","29.1889","6.4286","7.81","0","","","","42.0","42.0","42.0","24.0","42.0","0.0","42.0","30.75","42.0","0.0","0.0","0.75","42","0","71","71","0","0","0"
"2026-04-23T10:00:00+00:00","Lahore","10","3","4","113","0.5","-0.866025","0.866025","-0.5","0.930724","-0.365723","0","0","0","1","41.5","12","7.5","345","24.5","1002.4","0","6.3","54","","0.0","0.0","38.98","","-1.3","2","42","pm25","71","21","13","50","6","2","0","Good","10.6027","17.8571","8.52","0","","","","42.0","42.0","42.0","24.0","42.0","0.0","42.0","31.5","42.0","0.0","0.0","0.75","42","0","71","71","0","0","0"
"2026-04-23T11:00:00+00:00","Lahore","11","3","4","113","0.258819","-0.965926","0.866025","-0.5","0.930724","-0.365723","0","0","0","1","40.2","13","13.9","349","34.9","1002.4","0","6.8","91","","0.0","0.0","37.78","","-2.9","3","42","pm25","71","21","13","50","6","2","0","Good","5.7719","33.0952","9.23","0","","","","42.0","42.0","42.0","24.0","42.0","0.0","42.0","32.25","42.0","0.0","0.0","0.75","42","0","71","71","0","0","0"
"2026-04-23T12:00:00+00:00","Lahore","12","3","4","113","0.0","-1.0","0.866025","-0.5","0.930724","-0.365723","0","0","0","1","38.5","15","9.6","352","40.7","1002.5","0","7.3","100","","0.0","0.0","36.28","","-2.1","3","42","pm25","71","21","13","50","6","2","0","Good","8.5052","22.8571","10.65","0","","","","42.0","42.0","42.0","24.0","42.0","0.0","42.0","33.0","42.0","0.0","0.0","0.75","42","0","71","71","0","0","0"
"2026-04-23T13:00:00+00:00","Lahore","13","3","4","113","-0.258819","-0.965926","0.866025","-0.5","0.930724","-0.365723","0","0","0","1","34.3","28","18.9","336","42.8","1003.0","0","12.9","98","","0.0","0.0","33.34","","-1.8","3","42","pm25","71","21","13","50","6","2","0","Good","4.8085","45.0","19.88","0","","","","42.0","42.0","42.0","24.0","42.0","0.0","42.0","33.75","42.0","0.0","0.0","0.75","42","0","71","71","0","0","0"
"2026-04-23T14:00:00+00:00","Lahore","14","3","4","113","-0.5","-0.866025","0.866025","-0.5","0.930724","-0.365723","0","0","0","1","33.0","29","11.8","320","40.0","1003.8","0","12.8","95","","0.0","0.0","31.86","","-0.9","3","42","pm25","71","21","13","50","6","2","0","Good","7.7619","28.0952","20.59","0","","","","42.0","42.0","42.0","24.0","42.0","0.0","42.0","34.5","42.0","0.0","0.0","0.75","42","0","71","71","0","0","0"
"2026-04-23T15:00:00+00:00","Lahore","15","3","4","113","-0.707107","-0.707107","0.866025","-0.5","0.930724","-0.365723","0","0","0","1","32.6","28","8.1","336","24.5","1004.4","0","11.9","5","","0.0","0.0","31.27","","-0.6","0","42","pm25","71","21","13","50","6","2","0","Good","11.2198","19.2857","19.88","0","","","","42.0","42.0","42.0","24.0","42.0","0.0","42.0","35.25","42.0","0.0","0.0","0.75","42","0","71","71","0","0","0"
"2026-04-23T16:00:00+00:00","Lahore","16","3","4","113","-0.866025","-0.5","0.866025","-0.5","0.930724","-0.365723","0","0","0","1","32.2","29","5.7","342","16.2","1004.7","0","11.8","5","","0.0","0.0","30.93","","-0.3","0","42","pm25","71","21","13","50","6","2","0","Good","16.0684","13.5714","20.59","0","","","","42.0","42.0","42.0","24.0","42.0","0.0","42.0","36.0","42.0","0.0","0.0","0.75","42","0","71","71","0","0","0"
"2026-04-23T17:00:00+00:00","Lahore","17","3","4","113","-0.965926","-0.258819","0.866025","-0.5","0.930724","-0.365723","0","1","0","1","31.0","31","4.9","360","11.9","1004.6","0","11.7","89","","0.0","0.0","29.83","","-0.2","3","42","pm25","71","21","13","50","6","2","0","Good","18.9816","11.6667","22.01","0","","","","42.0","42.0","42.0","24.0","42.0","0.0","42.0","36.75","42.0","0.0","0.0","0.75","42","0","71","71","0","0","0"
"2026-04-23T18:00:00+00:00","Lahore","18","3","4","113","-1.0","-0.0","0.866025","-0.5","0.930724","-0.365723","0","1","0","1","30.7","35","5.0","358","10.4","1004.3","0","13.7","0","","0.0","0.0","29.92","","0.4","0","42","pm25","71","21","13","50","6","2","0","Good","19.17","11.9048","24.85","0","","","","42.0","42.0","42.0","24.0","42.0","0.0","42.0","37.5","42.0","0.0","0.0","0.75","42","0","71","71","0","0","0"
"2026-04-23T19:00:00+00:00","Lahore","19","3","4","113","-0.965926","0.258819","0.866025","-0.5","0.930724","-0.365723","0","1","0","1","30.8","35","4.3","355","9.7","1004.2","0","13.7","5","","0.0","0.0","30.03","","0.5","0","42","pm25","71","21","13","50","6","2","0","Good","22.2907","10.2381","24.85","0","","","","42.0","42.0","42.0","24.0","42.0","0.0","42.0","38.25","42.0","0.0","0.0","0.75","42","0","71","71","0","0","0"
"2026-04-23T20:00:00+00:00","Lahore","20","3","4","113","-0.866025","0.5","0.866025","-0.5","0.930724","-0.365723","0","0","0","1","30.3","36","6.3","342","11.2","1004.3","0","13.4","1","","0.0","0.0","29.58","","0.2","0","42","pm25","71","21","13","50","6","2","0","Good","15.327","15.0","25.56","0","","","","42.0","42.0","42.0","24.0","42.0","0.0","42.0","39.0","42.0","0.0","0.0","0.75","42","0","71","71","0","0","0"
"2026-04-23T21:00:00+00:00","Lahore","21","3","4","113","-0.707107","0.707107","0.866025","-0.5","0.930724","-0.365723","0","0","0","1","29.0","40","8.1","357","15.8","1004.2","0","13.9","4","","0.0","0.0","28.61","","0.1","0","42","pm25","71","21","13","50","6","2","0","Good","12.2716","19.2857","28.4","0","","","","42.0","42.0","42.0","24.0","42.0","0.0","42.0","39.75","42.0","0.0","0.0","0.75","42","0","71","71","0","0","0"
"2026-04-23T22:00:00+00:00","Lahore","22","3","4","113","-0.5","0.866025","0.866025","-0.5","0.930724","-0.365723","0","0","1","1","27.9","44","5.3","350","15.8","1004.4","0","14.6","84","","0.0","0.0","27.86","","0.7","3","42","pm25","71","21","13","50","6","2","0","Good","19.2906","12.619","31.24","0","","","","42.0","42.0","42.0","24.0","42.0","0.0","42.0","40.5","42.0","0.0","0.0","0.75","42","0","71","71","0","0","0"
"2026-04-23T23:00:00+00:00","Lahore","23","3","4","113","-0.258819","0.965926","0.866025","-0.5","0.930724","-0.365723","0","0","1","1","27.0","49","2.7","337","10.1","1004.3","0","15.4","7","","0.0","0.0","","","1.5","0","42","pm25","71","21","13","50","6","2","0","Good","39.1815","6.4286","34.79","0","","","","42.0","42.0","42.0","24.0","42.0","0.0","42.0","41.25","42.0","0.0","0.0","0.75","42","0","71","71","0","0","0"
"2026-04-24T00:00:00+00:00","Lahore","0","4","4","114","0.0","1.0","0.866025","-0.5","0.924291","-0.381689","0","0","1","1","27.8","52","7.3","314","5.8","1004.6","0","17.0","0","","0.0","0.0","28.4","","1.4","0","50","pm25","86","14","4","55","5","6","0","Good","17.9068","14.6","44.72","0","","","","42.0","42.0","42.0","42.0","42.0","0.0","42.0","42.0","42.0","0.0","0.0","0.0","50","0","86","86","0","0","0"
"2026-04-24T01:00:00+00:00","Lahore","1","4","4","114","0.258819","0.965926","0.866025","-0.5","0.924291","-0.381689","0","0","1","1","27.8","52","6.5","328","14.0","1005.1","0","16.9","8","","0.0","0.0","28.4","","1.4","0","50","pm25","86","14","4","55","5","6","0","Good","20.1108","13.0","44.72","0","","","","50.0","42.0","42.0","42.0","44.67","3.77","43.33","42.33","50.0","8.0","1.3333","0.3333","50","0","86","86","0","0","1"
"2026-04-24T02:00:00+00:00","Lahore","2","4","4","114","0.5","0.866025","0.866025","-0.5","0.924291","-0.381689","0","0","1","1","28.8","49","4.9","332","13.7","1006.0","0","17.0","38","","0.0","0.0","29.29","","1.7","1","50","pm25","86","14","4","55","5","6","0","Good","26.151","9.8","42.14","0","","","","50.0","42.0","42.0","42.0","47.33","3.77","44.67","42.67","50.0","0.0","1.3333","0.3333","50","0","86","86","0","0","0"
"2026-04-24T03:00:00+00:00","Lahore","3","4","4","114","0.707107","0.707107","0.866025","-0.5","0.924291","-0.381689","0","0","1","1","31.1","43","1.9","338","11.9","1006.3","0","17.1","18","","0.0","0.0","31.51","","2.2","0","50","pm25","86","14","4","55","5","6","0","Good","64.7263","3.8","36.98","0","","","","50.0","50.0","42.0","42.0","50.0","0.0","46.0","43.0","50.0","0.0","1.3333","0.3333","50","0","86","86","0","0","0"
"2026-04-24T04:00:00+00:00","Lahore","4","4","4","114","0.866025","0.5","0.866025","-0.5","0.924291","-0.381689","0","0","1","1","34.0","36","2.8","325","14.8","1006.4","0","16.8","56","","0.0","0.0","34.47","","2.0","2","50","pm25","86","14","4","55","5","6","0","Good","41.7714","5.6","30.96","0","","","","50.0","50.0","42.0","42.0","50.0","0.0","47.33","43.33","50.0","0.0","1.3333","0.3333","50","0","86","86","0","0","0"
"2026-04-24T05:00:00+00:00","Lahore","5","4","4","114","0.965926","0.258819","0.866025","-0.5","0.924291","-0.381689","0","0","1","1","36.8","26","5.3","315","20.2","1006.2","0","14.4","85","","0.0","0.0","36.39","","1.4","3","50","pm25","86","14","4","55","5","6","0","Good","20.4453","10.6","22.36","0","","","","50.0","50.0","42.0","42.0","50.0","0.0","48.67","43.67","50.0","0.0","1.3333","0.3333","50","0","86","86","0","0","0"
"2026-04-24T06:00:00+00:00","Lahore","6","4","4","114","1.0","0.0","0.866025","-0.5","0.924291","-0.381689","0","0","0","1","38.3","19","8.8","316","25.2","1006.0","0","11.1","70","","0.0","0.0","36.83","","0.6","2","50","pm25","86","14","4","55","5","6","0","Good","11.6295","17.6","16.34","0","","","","50.0","50.0","50.0","42.0","50.0","0.0","50.0","44.0","50.0","0.0","0.0","0.3333","50","0","86","86","0","0","0"
"2026-04-24T07:00:00+00:00","Lahore","7","4","4","114","0.965926","-0.258819","0.866025","-0.5","0.924291","-0.381689","0","1","0","1","39.9","17","8.7","320","28.4","1005.4","0","10.3","64","","0.0","0.0","38.39","","0.7","2","50","pm25","86","14","4","55","5","6","0","Good","11.5655","17.4","14.62","0","","","","50.0","50.0","50.0","42.0","50.0","0.0","50.0","44.33","50.0","0.0","0.0","0.3333","50","0","86","86","0","0","0"
"2026-04-24T08:00:00+00:00","Lahore","8","4","4","114","0.866025","-0.5","0.866025","-0.5","0.924291","-0.381689","0","1","0","1","40.7","15","9.4","320","29.2","1004.3","0","9.2","70","","0.0","0.0","38.85","","0.3","2","50","pm25","86","14","4","55","5","6","0","Good","10.5213","18.8","12.9","0","","","","50.0","50.0","50.0","42.0","50.0","0.0","50.0","44.67","50.0","0.0","0.0","0.3333","50","0","86","86","0","0","0"
"2026-04-24T09:00:00+00:00","Lahore","9","4","4","114","0.707107","-0.707107","0.866025","-0.5","0.924291","-0.381689","0","1","0","1","41.0","14","12.2","331","33.1","1003.3","0","8.5","88","","0.0","0.0","38.94","","-0.9","3","50","pm25","86","14","4","55","5","6","0","Good","8.0361","24.4","12.04","0","","","","50.0","50.0","50.0","42.0","50.0","0.0","50.0","45.0","50.0","0.0","0.0","0.3333","50","0","86","86","0","0","0"
"2026-04-24T10:00:00+00:00","Lahore","10","4","4","114","0.5","-0.866025","0.866025","-0.5","0.924291","-0.381689","0","0","0","1","40.3","13","13.3","344","33.5","1002.8","0","6.8","100","","0.0","0.0","37.89","","-2.8","3","50","pm25","86","14","4","55","5","6","0","Good","7.3068","26.6","11.18","0","","","","50.0","50.0","50.0","42.0","50.0","0.0","50.0","45.33","50.0","0.0","0.0","0.3333","50","0","86","86","0","0","0"
"2026-04-24T11:00:00+00:00","Lahore","11","4","4","114","0.258819","-0.965926","0.866025","-0.5","0.924291","-0.381689","0","0","0","1","39.7","14","18.0","334","40.0","1003.0","0","7.2","91","","0.0","0.0","37.44","","-3.4","3","50","pm25","86","14","4","55","5","6","0","Good","5.4467","36.0","12.04","0","","","","50.0","50.0","50.0","42.0","50.0","0.0","50.0","45.67","50.0","0.0","0.0","0.3333","50","0","86","86","0","0","0"
"2026-04-24T12:00:00+00:00","Lahore","12","4","4","114","0.0","-1.0","0.866025","-0.5","0.924291","-0.381689","0","0","0","1","40.2","12","13.4","321","50.4","1002.0","0","5.3","100","","0.0","0.0","37.57","","-3.2","3","50","pm25","86","14","4","55","5","6","0","Good","7.1881","26.8","10.32","0","","","","50.0","50.0","50.0","42.0","50.0","0.0","50.0","46.0","50.0","0.0","0.0","0.3333","50","0","86","86","0","0","0"
"2026-04-24T13:00:00+00:00","Lahore","13","4","4","114","-0.258819","-0.965926","0.866025","-0.5","0.924291","-0.381689","0","0","0","1","37.7","16","14.2","310","33.1","1002.7","0","7.2","100","","0.0","0.0","35.54","","-2.9","3","50","pm25","86","14","4","55","5","6","0","Good","7.0254","28.4","13.76","0","","","","50.0","50.0","50.0","42.0","50.0","0.0","50.0","46.33","50.0","0.0","0.0","0.3333","50","0","86","86","0","0","0"
"2026-04-24T14:00:00+00:00","Lahore","14","4","4","114","-0.5","-0.866025","0.866025","-0.5","0.924291","-0.381689","0","0","0","1","36.2","17","12.0","311","30.6","1003.8","0","7.3","98","","0.0","0.0","34.01","","-2.5","3","50","pm25","86","14","4","55","5","6","0","Good","8.385","24.0","14.62","0","","","","50.0","50.0","50.0","42.0","50.0","0.0","50.0","46.67","50.0","0.0","0.0","0.3333","50","0","86","86","0","0","0"
"2026-04-24T15:00:00+00:00","Lahore","15","4","4","114","-0.707107","-0.707107","0.866025","-0.5","0.924291","-0.381689","0","0","0","1","35.1","18","6.6","319","23.8","1004.5","0","7.4","98","","0.0","0.0","32.94","","-1.6","3","50","pm25","86","14","4","55","5","6","0","Good","15.3758","13.2","15.48","0","","","","50.0","50.0","50.0","42.0","50.0","0.0","50.0","47.0","50.0","0.0","0.0","0.3333","50","0","86","86","0","0","0"
"2026-04-24T16:00:00+00:00","Lahore","16","4","4","114","-0.866025","-0.5","0.866025","-0.5","0.924291","-0.381689","0","0","0","1","34.1","20","6.4","328","13.0","1005.3","0","7.7","99","","0.0","0.0","32.07","","-1.6","3","50","pm25","86","14","4","55","5","6","0","Good","16.125","12.8","17.2","0","","","","50.0","50.0","50.0","42.0","50.0","0.0","50.0","47.33","50.0","0.0","0.0","0.3333","50","0","86","86","0","0","0"
"2026-04-24T17:00:00+00:00","Lahore","17","4","4","114","-0.965926","-0.258819","0.866025","-0.5","0.924291","-0.381689","0","1","0","1","32.8","22","9.7","332","18.7","1005.8","0","8.4","80","","0.0","0.0","30.89","","-1.8","3","50","pm25","86","14","4","55","5","6","0","Good","10.8165","19.4","18.92","0","","","","50.0","50.0","50.0","42.0","50.0","0.0","50.0","47.67","50.0","0.0","0.0","0.3333","50","0","86","86","0","0","0"
"2026-04-24T18:00:00+00:00","Lahore","18","4","4","114","-1.0","-0.0","0.866025","-0.5","0.924291","-0.381689","0","1","0","1","32.2","26","7.1","336","24.5","1006.1","0","10.4","89","","0.0","0.0","30.62","","-0.9","3","50","pm25","86","14","4","55","5","6","0","Good","15.262","14.2","22.36","0","","","","50.0","50.0","50.0","42.0","50.0","0.0","50.0","48.0","50.0","0.0","0.0","0.3333","50","0","86","86","0","0","0"
"2026-04-24T19:00:00+00:00","Lahore","19","4","4","114","-0.965926","0.258819","0.866025","-0.5","0.924291","-0.381689","0","1","0","1","31.4","32","7.6","345","15.5","1006.4","0","12.8","63","","0.0","0.0","30.37","","-0.2","2","50","pm25","86","14","4","55","5","6","0","Good","14.9368","15.2","27.52","0","","","","50.0","50.0","50.0","42.0","50.0","0.0","50.0","48.33","50.0","0.0","0.0","0.3333","50","0","86","86","0","0","0"
"2026-04-24T20:00:00+00:00","Lahore","20","4","4","114","-0.866025","0.5","0.866025","-0.5","0.924291","-0.381689","0","0","0","1","30.4","35","4.7","298","14.4","1006.4","0","13.1","53","","0.0","0.0","29.59","","0.3","2","50","pm25","86","14","4","55","5","6","0","Good","24.7021","9.4","30.1","0","","","","50.0","50.0","50.0","42.0","50.0","0.0","50.0","48.67","50.0","0.0","0.0","0.3333","50","0","86","86","0","0","0"
"2026-04-24T21:00:00+00:00","Lahore","21","4","4","114","-0.707107","0.707107","0.866025","-0.5","0.924291","-0.381689","0","0","0","1","29.3","38","7.6","315","15.1","1006.0","0","13.5","28","","0.0","0.0","28.73","","0.0","1","50","pm25","86","14","4","55","5","6","0","Good","15.6158","15.2","32.68","0","","","","50.0","50.0","50.0","42.0","50.0","0.0","50.0","49.0","50.0","0.0","0.0","0.3333","50","0","86","86","0","0","0"
"2026-04-24T22:00:00+00:00","Lahore","22","4","4","114","-0.5","0.866025","0.866025","-0.5","0.924291","-0.381689","0","0","1","1","28.5","41","5.6","327","15.5","1006.2","0","13.9","2","","0.0","0.0","28.2","","0.4","0","50","pm25","86","14","4","55","5","6","0","Good","21.6536","11.2","35.26","0","","","","50.0","50.0","50.0","42.0","50.0","0.0","50.0","49.33","50.0","0.0","0.0","0.3333","50","0","86","86","0","0","0"
"2026-04-24T23:00:00+00:00","Lahore","23","4","4","114","-0.258819","0.965926","0.866025","-0.5","0.924291","-0.381689","0","0","1","1","27.6","44","4.2","355","11.5","1006.1","0","14.3","8","","0.0","0.0","27.58","","0.8","0","50","pm25","86","14","4","55","5","6","0","Good","29.4857","8.4","37.84","0","","","","50.0","50.0","50.0","42.0","50.0","0.0","50.0","49.67","50.0","0.0","0.0","0.3333","50","0","86","86","0","0","0"
"2026-04-25T00:00:00+00:00","Lahore","0","5","4","115","0.0","1.0","0.866025","-0.5","0.917584","-0.397543","1","0","1","1","27.2","51","8.2","338","9.4","1006.1","0","16.2","0","","0.0","0.0","27.68","","0.9","0","41","pm25","84","23","10","57","4","2","0","Good","15.4683","20.0","42.84","0","","","","50.0","50.0","50.0","50.0","50.0","0.0","50.0","50.0","50.0","0.0","0.0","0.0","41","0","84","84","0","0","0"
"2026-04-25T01:00:00+00:00","Lahore","1","5","4","115","0.258819","0.965926","0.866025","-0.5","0.917584","-0.397543","1","0","1","1","26.8","53","9.1","350","18.4","1006.9","0","16.5","0","","0.0","0.0","","","0.9","0","41","pm25","84","23","10","57","4","2","0","Good","14.1231","22.1951","44.52","0","","","","41.0","50.0","50.0","50.0","47.0","4.24","48.5","49.62","50.0","-9.0","-1.5","-0.375","41","0","84","84","0","0","-1"
"2026-04-25T02:00:00+00:00","Lahore","2","5","4","115","0.5","0.866025","0.866025","-0.5","0.917584","-0.397543","1","0","1","1","28.0","49","7.8","356","18.0","1007.9","0","16.5","20","","0.0","0.0","28.36","","1.2","1","41","pm25","84","23","10","57","4","2","0","Good","16.0462","19.0244","41.16","0","","","","41.0","50.0","50.0","50.0","44.0","4.24","47.0","49.25","50.0","0.0","-1.5","-0.375","41","0","84","84","0","0","0"
"2026-04-25T03:00:00+00:00","Lahore","3","5","4","115","0.707107","0.707107","0.866025","-0.5","0.917584","-0.397543","1","0","1","1","30.3","43","6.5","3","19.4","1008.4","0","16.3","35","","0.0","0.0","30.43","","1.2","1","41","pm25","84","23","10","57","4","2","0","Good","18.48","15.8537","36.12","0","","","","41.0","41.0","50.0","50.0","41.0","0.0","45.5","48.88","50.0","0.0","-1.5","-0.375","41","0","84","84","0","0","0"
"2026-04-25T04:00:00+00:00","Lahore","4","5","4","115","0.866025","0.5","0.866025","-0.5","0.917584","-0.397543","1","0","1","1","33.5","34","6.5","355","21.2","1008.7","0","15.4","66","","0.0","0.0","33.32","","0.9","2","41","pm25","84","23","10","57","4","2","0","Good","17.3169","15.8537","28.56","0","","","","41.0","41.0","50.0","50.0","41.0","0.0","44.0","48.5","50.0","0.0","-1.5","-0.375","41","0","84","84","0","0","0"
"2026-04-25T05:00:00+00:00","Lahore","5","5","4","115","0.965926","0.258819","0.866025","-0.5","0.917584","-0.397543","1","0","1","1","35.8","28","4.5","7","21.2","1008.7","0","14.2","31","","0.0","0.0","35.4","","1.0","1","41","pm25","84","23","10","57","4","2","0","Good","23.8933","10.9756","23.52","0","","","","41.0","41.0","50.0","50.0","41.0","0.0","42.5","48.12","50.0","0.0","-1.5","-0.375","41","0","84","84","0","0","0"
"2026-04-25T06:00:00+00:00","Lahore","6","5","4","115","1.0","0.0","0.866025","-0.5","0.917584","-0.397543","1","0","0","1","38.2","20","6.7","14","21.2","1007.6","0","10.9","33","","0.0","0.0","36.92","","0.3","1","41","pm25","84","23","10","57","4","2","0","Good","15.0448","16.3415","16.8","0","","","","41.0","41.0","41.0","50.0","41.0","0.0","41.0","47.75","50.0","0.0","0.0","-0.375","41","0","84","84","0","0","0"
"2026-04-25T07:00:00+00:00","Lahore","7","5","4","115","0.965926","-0.258819","0.866025","-0.5","0.917584","-0.397543","1","1","0","1","38.7","18","4.4","351","26.3","1007.6","0","9.8","18","","0.0","0.0","37.11","","0.9","0","41","pm25","84","23","10","57","4","2","0","Good","22.5273","10.7317","15.12","0","","","","41.0","41.0","41.0","50.0","41.0","0.0","41.0","47.38","50.0","0.0","0.0","-0.375","41","0","84","84","0","0","0"
"2026-04-25T08:00:00+00:00","Lahore","8","5","4","115","0.866025","-0.5","0.866025","-0.5","0.917584","-0.397543","1","1","0","1","39.2","16","12.6","318","33.1","1007.4","0","8.8","93","","0.0","0.0","37.29","","-1.1","3","41","pm25","84","23","10","57","4","2","0","Good","7.7333","30.7317","13.44","0","","","","41.0","41.0","41.0","50.0","41.0","0.0","41.0","47.0","50.0","0.0","0.0","-0.375","41","0","84","84","0","0","0"
"2026-04-25T09:00:00+00:00","Lahore","9","5","4","115","0.707107","-0.707107","0.866025","-0.5","0.917584","-0.397543","1","1","0","1","39.7","16","6.3","321","33.8","1006.4","0","8.9","13","","0.0","0.0","37.89","","-0.8","0","41","pm25","84","23","10","57","4","2","0","Good","15.4667","15.3659","13.44","0","","","","41.0","41.0","41.0","50.0","41.0","0.0","41.0","46.62","50.0","0.0","0.0","-0.375","41","0","84","84","0","0","0"
"2026-04-25T10:00:00+00:00","Lahore","10","5","4","115","0.5","-0.866025","0.866025","-0.5","0.917584","-0.397543","1","0","0","1","38.9","16","8.8","266","26.6","1006.2","0","9.0","99","","0.0","0.0","36.93","","-1.6","3","41","pm25","84","23","10","57","4","2","0","Good","11.0727","21.4634","13.44","0","","","","41.0","41.0","41.0","50.0","41.0","0.0","41.0","46.25","50.0","0.0","0.0","-0.375","41","0","84","84","0","0","0"
"2026-04-25T11:00:00+00:00","Lahore","11","5","4","115","0.258819","-0.965926","0.866025","-0.5","0.917584","-0.397543","1","0","0","1","35.4","27","15.5","350","37.4","1006.9","0","13.3","55","","0.0","0.0","34.63","","-1.2","2","41","pm25","84","23","10","57","4","2","0","Good","6.8826","37.8049","22.68","0","","","","41.0","41.0","41.0","50.0","41.0","0.0","41.0","45.88","50.0","0.0","0.0","-0.375","41","0","84","84","0","0","0"
"2026-04-25T12:00:00+00:00","Lahore","12","5","4","115","0.0","-1.0","0.866025","-0.5","0.917584","-0.397543","1","0","0","1","38.2","16","15.3","338","38.2","1004.7","0","8.4","53","","0.0","0.0","36.11","","-2.7","2","41","pm25","84","23","10","57","4","2","0","Good","6.3686","37.3171","13.44","0","","","","41.0","41.0","41.0","50.0","41.0","0.0","41.0","45.5","50.0","0.0","0.0","-0.375","41","0","84","84","0","0","0"
"2026-04-25T13:00:00+00:00","Lahore","13","5","4","115","-0.258819","-0.965926","0.866025","-0.5","0.917584","-0.397543","1","0","0","1","37.0","18","11.0","354","35.6","1004.6","0","9.1","20","","0.0","0.0","35.06","","-1.8","1","41","pm25","84","23","10","57","4","2","0","Good","9.0109","26.8293","15.12","0","","","","41.0","41.0","41.0","50.0","41.0","0.0","41.0","45.12","50.0","0.0","0.0","-0.375","41","0","84","84","0","0","0"
"2026-04-25T14:00:00+00:00","Lahore","14","5","4","115","-0.5","-0.866025","0.866025","-0.5","0.917584","-0.397543","1","0","0","1","35.1","22","4.8","345","22.3","1005.2","0","9.9","37","","0.0","0.0","33.41","","-0.7","1","41","pm25","84","23","10","57","4","2","0","Good","21.35","11.7073","18.48","0","","","","41.0","41.0","41.0","50.0","41.0","0.0","41.0","44.75","50.0","0.0","0.0","-0.375","41","0","84","84","0","0","0"
"2026-04-25T15:00:00+00:00","Lahore","15","5","4","115","-0.707107","-0.707107","0.866025","-0.5","0.917584","-0.397543","1","0","0","1","34.2","24","7.1","315","13.7","1005.7","0","10.6","0","","0.0","0.0","32.63","","-0.9","0","41","pm25","84","23","10","57","4","2","0","Good","14.6704","17.3171","20.16","0","","","","41.0","41.0","41.0","50.0","41.0","0.0","41.0","44.38","50.0","0.0","0.0","-0.375","41","0","84","84","0","0","0"
"2026-04-25T16:00:00+00:00","Lahore","16","5","4","115","-0.866025","-0.5","0.866025","-0.5","0.917584","-0.397543","1","0","0","1","33.8","25","8.4","305","16.9","1006.4","0","10.9","0","","0.0","0.0","32.29","","-1.0","0","41","pm25","84","23","10","57","4","2","0","Good","12.5","20.4878","21.0","0","","","","41.0","41.0","41.0","50.0","41.0","0.0","41.0","44.0","50.0","0.0","0.0","-0.375","41","0","84","84","0","0","0"
"2026-04-25T17:00:00+00:00","Lahore","17","5","4","115","-0.965926","-0.258819","0.866025","-0.5","0.917584","-0.397543","1","1","0","1","32.9","26","7.7","307","17.3","1006.5","0","10.9","0","","0.0","0.0","31.38","","-0.9","0","41","pm25","84","23","10","57","4","2","0","Good","13.7455","18.7805","21.84","0","","","","41.0","41.0","41.0","50.0","41.0","0.0","41.0","43.62","50.0","0.0","0.0","-0.375","41","0","84","84","0","0","0"
"2026-04-25T18:00:00+00:00","Lahore","18","5","4","115","-1.0","-0.0","0.866025","-0.5","0.917584","-0.397543","1","1","0","1","32.2","29","10.9","320","15.8","1006.7","0","12.2","0","","0.0","0.0","30.93","","-0.9","0","41","pm25","84","23","10","57","4","2","0","Good","9.9413","26.5854","24.36","0","","","","41.0","41.0","41.0","50.0","41.0","0.0","41.0","43.25","50.0","0.0","0.0","-0.375","41","0","84","84","0","0","0"
"2026-04-25T19:00:00+00:00","Lahore","19","5","4","115","-0.965926","0.258819","0.866025","-0.5","0.917584","-0.397543","1","1","0","1","31.4","31","10.0","332","21.6","1006.4","0","12.4","0","","0.0","0.0","30.26","","-0.7","0","41","pm25","84","23","10","57","4","2","0","Good","11.004","24.3902","26.04","0","","","","41.0","41.0","41.0","50.0","41.0","0.0","41.0","42.88","50.0","0.0","0.0","-0.375","41","0","84","84","0","0","0"
"2026-04-25T20:00:00+00:00","Lahore","20","5","4","115","-0.866025","0.5","0.866025","-0.5","0.917584","-0.397543","1","0","0","1","30.5","33","8.8","349","19.4","1006.0","0","12.2","0","","0.0","0.0","29.5","","-0.5","0","41","pm25","84","23","10","57","4","2","0","Good","12.6955","21.4634","27.72","0","","","","41.0","41.0","41.0","50.0","41.0","0.0","41.0","42.5","50.0","0.0","0.0","-0.375","41","0","84","84","0","0","0"
"2026-04-25T21:00:00+00:00","Lahore","21","5","4","115","-0.707107","0.707107","0.866025","-0.5","0.917584","-0.397543","1","0","0","1","29.8","34","8.8","345","16.9","1005.3","0","12.1","0","","0.0","0.0","28.88","","-0.6","0","41","pm25","84","23","10","57","4","2","0","Good","12.7909","21.4634","28.56","0","","","","41.0","41.0","41.0","50.0","41.0","0.0","41.0","42.12","50.0","0.0","0.0","-0.375","41","0","84","84","0","0","0"
"2026-04-25T22:00:00+00:00","Lahore","22","5","4","115","-0.5","0.866025","0.866025","-0.5","0.917584","-0.397543","1","0","1","1","29.0","35","9.3","344","18.0","1005.1","0","12.1","0","","0.0","0.0","28.2","","-0.7","0","41","pm25","84","23","10","57","4","2","0","Good","12.1935","22.6829","29.4","0","","","","41.0","41.0","41.0","50.0","41.0","0.0","41.0","41.75","50.0","0.0","0.0","-0.375","41","0","84","84","0","0","0"
"2026-04-25T23:00:00+00:00","Lahore","23","5","4","115","-0.258819","0.965926","0.866025","-0.5","0.917584","-0.397543","1","0","1","1","28.5","36","7.8","345","18.0","1004.9","0","11.9","0","","0.0","0.0","27.83","","-0.6","0","41","pm25","84","23","10","57","4","2","0","Good","14.6462","19.0244","30.24","0","","","","41.0","41.0","41.0","50.0","41.0","0.0","41.0","41.38","50.0","0.0","0.0","-0.375","41","0","84","84","0","0","0"
"2026-04-26T00:00:00+00:00","Lahore","0","6","4","116","0.0","1.0","0.866025","-0.5","0.910605","-0.413279","1","0","1","1","27.3","45","10.7","355","16.9","1005.4","0","14.2","0","","0.0","0.0","27.38","","-0.2","0","41","pm25","74","9","12","46","7","0","0","Good","10.028","26.0976","33.3","0","","","","41.0","41.0","41.0","41.0","41.0","0.0","41.0","41.0","41.0","0.0","0.0","0.0","41","0","74","74","0","0","0"
"2026-04-26T01:00:00+00:00","Lahore","1","6","4","116","0.258819","0.965926","0.866025","-0.5","0.910605","-0.413279","1","0","1","1","27.0","45","7.8","345","20.2","1005.6","0","14.1","0","","0.0","0.0","","","0.2","0","41","pm25","74","9","12","46","7","0","0","Good","13.7564","19.0244","33.3","0","","","","41.0","41.0","41.0","41.0","41.0","0.0","41.0","41.0","41.0","0.0","0.0","0.0","41","0","74","74","0","0","0"
"2026-04-26T02:00:00+00:00","Lahore","2","6","4","116","0.5","0.866025","0.866025","-0.5","0.910605","-0.413279","1","0","1","1","28.0","43","5.1","312","14.8","1006.3","0","14.2","0","","0.0","0.0","27.88","","0.7","0","41","pm25","74","9","12","46","7","0","0","Good","20.749","12.439","31.82","0","","","","41.0","41.0","41.0","41.0","41.0","0.0","41.0","41.0","41.0","0.0","0.0","0.0","41","0","74","74","0","0","0"
"2026-04-26T03:00:00+00:00","Lahore","3","6","4","116","0.707107","0.707107","0.866025","-0.5","0.910605","-0.413279","1","0","1","1","30.7","37","3.4","295","13.7","1006.5","0","14.1","0","","0.0","0.0","30.15","","0.9","0","41","pm25","74","9","12","46","7","0","0","Good","29.8176","8.2927","27.38","0","","","","41.0","41.0","41.0","41.0","41.0","0.0","41.0","41.0","41.0","0.0","0.0","0.0","41","0","74","74","0","0","0"
"2026-04-26T04:00:00+00:00","Lahore","4","6","4","116","0.866025","0.5","0.866025","-0.5","0.910605","-0.413279","1","0","1","1","33.8","29","4.1","319","16.6","1006.6","0","13.1","0","","0.0","0.0","32.86","","0.4","0","41","pm25","74","9","12","46","7","0","0","Good","23.2829","10.0","21.46","0","","","","41.0","41.0","41.0","41.0","41.0","0.0","41.0","41.0","41.0","0.0","0.0","0.0","41","0","74","74","0","0","0"
"2026-04-26T05:00:00+00:00","Lahore","5","6","4","116","0.965926","0.258819","0.866025","-0.5","0.910605","-0.413279","1","0","1","1","36.5","20","7.0","331","23.0","1006.1","0","9.9","0","","0.0","0.0","34.78","","-0.2","0","41","pm25","74","9","12","46","7","0","0","Good","12.6857","17.0732","14.8","0","","","","41.0","41.0","41.0","41.0","41.0","0.0","41.0","41.0","41.0","0.0","0.0","0.0","41","0","74","74","0","0","0"
"2026-04-26T06:00:00+00:00","Lahore","6","6","4","116","1.0","0.0","0.866025","-0.5","0.910605","-0.413279","1","0","0","1","37.4","18","11.9","325","28.8","1005.9","0","8.8","0","","0.0","0.0","35.53","","-0.6","0","41","pm25","74","9","12","46","7","0","0","Good","7.3378","29.0244","13.32","0","","","","41.0","41.0","41.0","41.0","41.0","0.0","41.0","41.0","41.0","0.0","0.0","0.0","41","0","74","74","0","0","0"
"2026-04-26T07:00:00+00:00","Lahore","7","6","4","116","0.965926","-0.258819","0.866025","-0.5","0.910605","-0.413279","1","1","0","1","38.7","16","12.3","322","34.2","1005.2","0","8.1","0","","0.0","0.0","36.69","","-0.5","0","41","pm25","74","9","12","46","7","0","0","Good","6.9789","30.0","11.84","0","","","","41.0","41.0","41.0","41.0","41.0","0.0","41.0","41.0","41.0","0.0","0.0","0.0","41","0","74","74","0","0","0"
"2026-04-26T08:00:00+00:00","Lahore","8","6","4","116","0.866025","-0.5","0.866025","-0.5","0.910605","-0.413279","1","1","0","1","39.5","14","13.1","314","35.6","1004.5","0","6.7","0","","0.0","0.0","37.21","","-1.0","0","41","pm25","74","9","12","46","7","0","0","Good","6.4397","31.9512","10.36","0","","","","41.0","41.0","41.0","41.0","41.0","0.0","41.0","41.0","41.0","0.0","0.0","0.0","41","0","74","74","0","0","0"
"2026-04-26T09:00:00+00:00","Lahore","9","6","4","116","0.707107","-0.707107","0.866025","-0.5","0.910605","-0.413279","1","1","0","1","39.8","13","14.1","312","37.1","1003.4","0","5.9","0","","0.0","0.0","37.34","","-1.6","0","41","pm25","74","9","12","46","7","0","0","Good","5.9305","34.3902","9.62","0","","","","41.0","41.0","41.0","41.0","41.0","0.0","41.0","41.0","41.0","0.0","0.0","0.0","41","0","74","74","0","0","0"
"2026-04-26T10:00:00+00:00","Lahore","10","6","4","116","0.5","-0.866025","0.866025","-0.5","0.910605","-0.413279","1","0","0","1","39.8","13","14.6","308","37.4","1002.4","0","6.0","95","","0.0","0.0","37.34","","-2.3","3","41","pm25","74","9","12","46","7","0","0","Good","5.7274","35.6098","9.62","0","","","","41.0","41.0","41.0","41.0","41.0","0.0","41.0","41.0","41.0","0.0","0.0","0.0","41","0","74","74","0","0","0"
"2026-04-26T11:00:00+00:00","Lahore","11","6","4","116","0.258819","-0.965926","0.866025","-0.5","0.910605","-0.413279","1","0","0","1","39.2","14","13.7","308","37.1","1001.6","0","6.6","78","","0.0","0.0","36.88","","-2.9","2","41","pm25","74","9","12","46","7","0","0","Good","6.1577","33.4146","10.36","0","","","","41.0","41.0","41.0","41.0","41.0","0.0","41.0","41.0","41.0","0.0","0.0","0.0","41","0","74","74","0","0","0"
"2026-04-26T12:00:00+00:00","Lahore","12","6","4","116","0.0","-1.0","0.866025","-0.5","0.910605","-0.413279","1","0","0","1","38.6","14","12.2","315","34.2","1001.2","0","5.8","54","","0.0","0.0","36.21","","-2.8","2","41","pm25","74","9","12","46","7","0","0","Good","6.9148","29.7561","10.36","0","","","","41.0","41.0","41.0","41.0","41.0","0.0","41.0","41.0","41.0","0.0","0.0","0.0","41","0","74","74","0","0","0"
"2026-04-26T13:00:00+00:00","Lahore","13","6","4","116","-0.258819","-0.965926","0.866025","-0.5","0.910605","-0.413279","1","0","0","1","37.5","15","10.7","318","28.8","1001.4","0","6.1","70","","0.0","0.0","35.17","","-2.5","2","41","pm25","74","9","12","46","7","0","0","Good","7.9533","26.0976","11.1","0","","","","41.0","41.0","41.0","41.0","41.0","0.0","41.0","41.0","41.0","0.0","0.0","0.0","41","0","74","74","0","0","0"
"2026-04-26T14:00:00+00:00","Lahore","14","6","4","116","-0.5","-0.866025","0.866025","-0.5","0.910605","-0.413279","1","0","0","1","36.3","16","9.2","310","22.7","1001.8","0","6.6","100","","0.0","0.0","34.0","","-2.2","3","41","pm25","74","9","12","46","7","0","0","Good","9.3304","22.439","11.84","0","","","","41.0","41.0","41.0","41.0","41.0","0.0","41.0","41.0","41.0","0.0","0.0","0.0","41","0","74","74","0","0","0"
"2026-04-26T15:00:00+00:00","Lahore","15","6","4","116","-0.707107","-0.707107","0.866025","-0.5","0.910605","-0.413279","1","0","0","1","35.5","18","9.0","300","19.4","1002.1","0","7.3","100","","0.0","0.0","33.37","","-2.0","3","41","pm25","74","9","12","46","7","0","0","Good","9.7022","21.9512","13.32","0","","","","41.0","41.0","41.0","41.0","41.0","0.0","41.0","41.0","41.0","0.0","0.0","0.0","41","0","74","74","0","0","0"
"2026-04-26T16:00:00+00:00","Lahore","16","6","4","116","-0.866025","-0.5","0.866025","-0.5","0.910605","-0.413279","1","0","0","1","34.7","20","7.1","286","18.0","1002.4","0","8.4","97","","0.0","0.0","32.71","","-1.5","3","41","pm25","74","9","12","46","7","0","0","Good","12.507","17.3171","14.8","0","","","","41.0","41.0","41.0","41.0","41.0","0.0","41.0","41.0","41.0","0.0","0.0","0.0","41","0","74","74","0","0","0"
"2026-04-26T17:00:00+00:00","Lahore","17","6","4","116","-0.965926","-0.258819","0.866025","-0.5","0.910605","-0.413279","1","1","0","1","33.2","23","5.5","279","14.0","1002.3","0","9.2","94","","0.0","0.0","31.39","","-1.0","3","41","pm25","74","9","12","46","7","0","0","Good","16.5491","13.4146","17.02","0","","","","41.0","41.0","41.0","41.0","41.0","0.0","41.0","41.0","41.0","0.0","0.0","0.0","41","0","74","74","0","0","0"
"2026-04-26T18:00:00+00:00","Lahore","18","6","4","116","-1.0","-0.0","0.866025","-0.5","0.910605","-0.413279","1","1","0","1","32.0","26","6.9","330","10.1","1002.3","0","10.1","9","","0.0","0.0","30.41","","-1.0","0","41","pm25","74","9","12","46","7","0","0","Good","13.513","16.8293","19.24","0","","","","41.0","41.0","41.0","41.0","41.0","0.0","41.0","41.0","41.0","0.0","0.0","0.0","41","0","74","74","0","0","0"
"2026-04-26T19:00:00+00:00","Lahore","19","6","4","116","-0.965926","0.258819","0.866025","-0.5","0.910605","-0.413279","1","1","0","1","30.8","29","5.5","322","13.3","1002.0","0","10.9","0","","0.0","0.0","29.44","","-0.6","0","41","pm25","74","9","12","46","7","0","0","Good","17.3564","13.4146","21.46","0","","","","41.0","41.0","41.0","41.0","41.0","0.0","41.0","41.0","41.0","0.0","0.0","0.0","41","0","74","74","0","0","0"
"2026-04-26T20:00:00+00:00","Lahore","20","6","4","116","-0.866025","0.5","0.866025","-0.5","0.910605","-0.413279","1","0","0","1","29.8","32","5.6","327","10.8","1001.9","0","11.2","1","","0.0","0.0","28.71","","-0.4","0","41","pm25","74","9","12","46","7","0","0","Good","17.4429","13.6585","23.68","0","","","","41.0","41.0","41.0","41.0","41.0","0.0","41.0","41.0","41.0","0.0","0.0","0.0","41","0","74","74","0","0","0"
"2026-04-26T21:00:00+00:00","Lahore","21","6","4","116","-0.707107","0.707107","0.866025","-0.5","0.910605","-0.413279","1","0","0","1","28.9","34","6.1","336","12.2","1001.5","0","11.6","2","","0.0","0.0","28.04","","-0.5","0","41","pm25","74","9","12","46","7","0","0","Good","16.2557","14.878","25.16","0","","","","41.0","41.0","41.0","41.0","41.0","0.0","41.0","41.0","41.0","0.0","0.0","0.0","41","0","74","74","0","0","0"
"2026-04-26T22:00:00+00:00","Lahore","22","6","4","116","-0.5","0.866025","0.866025","-0.5","0.910605","-0.413279","1","0","1","1","27.5","37","4.7","337","11.9","1001.4","0","11.7","0","","0.0","0.0","27.08","","-0.1","0","41","pm25","74","9","12","46","7","0","0","Good","21.5702","11.4634","27.38","0","","","","41.0","41.0","41.0","41.0","41.0","0.0","41.0","41.0","41.0","0.0","0.0","0.0","41","0","74","74","0","0","0"
"2026-04-26T23:00:00+00:00","Lahore","23","6","4","116","-0.258819","0.965926","0.866025","-0.5","0.910605","-0.413279","1","0","1","1","27.0","38","4.7","337","8.3","1001.1","0","11.4","0","","0.0","0.0","","","-0.3","0","41","pm25","74","9","12","46","7","0","0","Good","21.7277","11.4634","28.12","0","","","","41.0","41.0","41.0","41.0","41.0","0.0","41.0","41.0","41.0","0.0","0.0","0.0","41","0","74","74","0","0","0"
"2026-04-27T00:00:00+00:00","Lahore","0","0","4","117","0.0","1.0","0.866025","-0.5","0.903356","-0.428892","0","0","1","1","27.5","37","2.0","360","7.9","1000.9","0","11.6","12","","0.0","0.0","27.08","","0.1","0","38","pm25","53","15","10","48","4","3","0","Good","36.305","5.2632","19.61","0","","","","41.0","41.0","41.0","41.0","41.0","0.0","41.0","41.0","41.0","0.0","0.0","0.0","38","0","53","53","0","0","0"
"2026-04-27T01:00:00+00:00","Lahore","1","0","4","117","0.258819","0.965926","0.866025","-0.5","0.903356","-0.428892","0","0","1","1","27.4","40","0.9","79","3.2","1001.2","0","12.5","0","","0.0","0.0","27.17","","0.6","0","38","pm25","53","15","10","48","4","3","0","Good","82.4444","2.3684","21.2","0","","","","38.0","41.0","41.0","41.0","40.0","1.41","40.5","40.88","41.0","-3.0","-0.5","-0.125","38","0","53","53","0","0","0"
"2026-04-27T02:00:00+00:00","Lahore","2","0","4","117","0.5","0.866025","0.866025","-0.5","0.903356","-0.428892","0","0","1","1","28.5","34","5.2","63","11.9","1002.2","0","11.3","7","","0.0","0.0","27.7","","-0.3","0","38","pm25","53","15","10","48","4","3","0","Good","13.6577","13.6842","18.02","0","","","","38.0","41.0","41.0","41.0","39.0","1.41","40.0","40.75","41.0","0.0","-0.5","-0.125","38","0","53","53","0","0","0"
"2026-04-27T03:00:00+00:00","Lahore","3","0","4","117","0.707107","0.707107","0.866025","-0.5","0.903356","-0.428892","0","0","1","1","30.9","30","3.4","84","13.0","1002.6","0","11.4","4","","0.0","0.0","29.63","","-0.1","0","38","pm25","53","15","10","48","4","3","0","Good","20.2647","8.9474","15.9","0","","","","38.0","38.0","41.0","41.0","38.0","0.0","39.5","40.62","41.0","0.0","-0.5","-0.125","38","0","53","53","0","0","0"
"2026-04-27T04:00:00+00:00","Lahore","4","0","4","117","0.866025","0.5","0.866025","-0.5","0.903356","-0.428892","0","0","1","1","33.9","24","2.5","90","14.0","1003.0","0","10.7","0","","0.0","0.0","32.28","","-0.2","0","38","pm25","53","15","10","48","4","3","0","Good","26.288","6.5789","12.72","0","","","","38.0","38.0","41.0","41.0","38.0","0.0","39.0","40.5","41.0","0.0","-0.5","-0.125","38","0","53","53","0","0","0"
"2026-04-27T05:00:00+00:00","Lahore","5","0","4","117","0.965926","0.258819","0.866025","-0.5","0.903356","-0.428892","0","0","1","1","36.5","19","1.3","90","14.0","1002.9","0","9.5","9","","0.0","0.0","34.63","","0.6","0","38","pm25","53","15","10","48","4","3","0","Good","48.5154","3.4211","10.07","0","","","","38.0","38.0","41.0","41.0","38.0","0.0","38.5","40.38","41.0","0.0","-0.5","-0.125","38","0","53","53","0","0","0"
"2026-04-27T06:00:00+00:00","Lahore","6","0","4","117","1.0","0.0","0.866025","-0.5","0.903356","-0.428892","0","0","0","1","37.5","18","2.2","336","14.8","1002.6","0","9.4","42","","0.0","0.0","35.64","","1.3","1","38","pm25","53","15","10","48","4","3","0","Good","28.4273","5.7895","9.54","0","","","","38.0","38.0","38.0","41.0","38.0","0.0","38.0","40.25","41.0","0.0","0.0","-0.125","38","0","53","53","0","0","0"
"2026-04-27T07:00:00+00:00","Lahore","7","0","4","117","0.965926","-0.258819","0.866025","-0.5","0.903356","-0.428892","0","1","0","1","39.7","16","3.5","332","20.5","1002.0","0","8.9","68","","0.0","0.0","37.89","","1.3","2","38","pm25","53","15","10","48","4","3","0","Good","17.5657","9.2105","8.48","0","","","","38.0","38.0","38.0","41.0","38.0","0.0","38.0","40.12","41.0","0.0","0.0","-0.125","38","0","53","53","0","0","0"
"2026-04-27T08:00:00+00:00","Lahore","8","0","4","117","0.866025","-0.5","0.866025","-0.5","0.903356","-0.428892","0","1","0","1","40.5","15","5.1","342","22.7","1000.9","0","8.8","79","","0.0","0.0","38.61","","0.8","2","38","pm25","53","15","10","48","4","3","0","Good","11.951","13.4211","7.95","0","","","","38.0","38.0","38.0","41.0","38.0","0.0","38.0","40.0","41.0","0.0","0.0","-0.125","38","0","53","53","0","0","0"
"2026-04-27T09:00:00+00:00","Lahore","9","0","4","117","0.707107","-0.707107","0.866025","-0.5","0.903356","-0.428892","0","1","0","1","40.4","14","9.6","287","28.4","1000.1","0","8.2","91","","0.0","0.0","38.24","","-1.0","3","38","pm25","53","15","10","48","4","3","0","Good","6.2938","25.2632","7.42","0","","","","38.0","38.0","38.0","41.0","38.0","0.0","38.0","39.88","41.0","0.0","0.0","-0.125","38","0","53","53","0","0","0"
"2026-04-27T10:00:00+00:00","Lahore","10","0","4","117","0.5","-0.866025","0.866025","-0.5","0.903356","-0.428892","0","0","0","1","39.9","16","11.6","289","29.5","999.5","0","8.9","88","","0.0","0.0","38.13","","-2.0","3","38","pm25","53","15","10","48","4","3","0","Good","5.3","30.5263","8.48","0","","","","38.0","38.0","38.0","41.0","38.0","0.0","38.0","39.75","41.0","0.0","0.0","-0.125","38","0","53","53","0","0","0"
"2026-04-27T11:00:00+00:00","Lahore","11","0","4","117","0.258819","-0.965926","0.866025","-0.5","0.903356","-0.428892","0","0","0","1","36.8","22","19.2","304","48.6","1000.2","0","11.8","94","","0.0","0.0","35.52","","-2.3","3","38","pm25","53","15","10","48","4","3","0","Good","3.3677","50.5263","11.66","0","","","","38.0","38.0","38.0","41.0","38.0","0.0","38.0","39.62","41.0","0.0","0.0","-0.125","38","0","53","53","0","0","0"
"2026-04-27T12:00:00+00:00","Lahore","12","0","4","117","0.0","-1.0","0.866025","-0.5","0.903356","-0.428892","0","0","0","1","36.2","23","15.4","45","43.2","998.6","0","11.9","100","","0.0","0.0","34.93","","-1.6","3","38","pm25","53","15","10","48","4","3","0","Good","4.2331","40.5263","12.19","0","","","","38.0","38.0","38.0","41.0","38.0","0.0","38.0","39.5","41.0","0.0","0.0","-0.125","38","0","53","53","0","0","0"
"2026-04-27T13:00:00+00:00","Lahore","13","0","4","117","-0.258819","-0.965926","0.866025","-0.5","0.903356","-0.428892","0","0","0","1","37.2","20","6.0","127","29.5","998.2","0","10.1","5","","0.0","0.0","35.64","","-0.9","0","38","pm25","53","15","10","48","4","3","0","Good","10.6","15.7895","10.6","0","","","","38.0","38.0","38.0","41.0","38.0","0.0","38.0","39.38","41.0","0.0","0.0","-0.125","38","0","53","53","0","0","0"
"2026-04-27T14:00:00+00:00","Lahore","14","0","4","117","-0.5","-0.866025","0.866025","-0.5","0.903356","-0.428892","0","0","0","1","35.3","23","3.5","231","10.8","998.8","0","10.8","9","","0.0","0.0","33.8","","-0.2","0","38","pm25","53","15","10","48","4","3","0","Good","18.6257","9.2105","12.19","0","","","","38.0","38.0","38.0","41.0","38.0","0.0","38.0","39.25","41.0","0.0","0.0","-0.125","38","0","53","53","0","0","0"
"2026-04-27T15:00:00+00:00","Lahore","15","0","4","117","-0.707107","-0.707107","0.866025","-0.5","0.903356","-0.428892","0","0","0","1","34.5","24","8.1","348","15.5","999.5","0","10.9","97","","0.0","0.0","32.98","","-1.0","3","38","pm25","53","15","10","48","4","3","0","Good","8.1136","21.3158","12.72","0","","","","38.0","38.0","38.0","41.0","38.0","0.0","38.0","39.12","41.0","0.0","0.0","-0.125","38","0","53","53","0","0","0"
"2026-04-27T16:00:00+00:00","Lahore","16","0","4","117","-0.866025","-0.5","0.866025","-0.5","0.903356","-0.428892","0","0","0","1","33.2","27","5.4","354","17.6","1000.1","0","11.9","65","","0.0","0.0","31.84","","-0.2","2","38","pm25","53","15","10","48","4","3","0","Good","12.4648","14.2105","14.31","0","","","","38.0","38.0","38.0","41.0","38.0","0.0","38.0","39.0","41.0","0.0","0.0","-0.125","38","0","53","53","0","0","0"
"2026-04-27T17:00:00+00:00","Lahore","17","0","4","117","-0.965926","-0.258819","0.866025","-0.5","0.903356","-0.428892","0","1","0","1","32.2","30","4.0","5","10.8","1000.4","0","12.2","98","","0.0","0.0","31.04","","0.1","3","38","pm25","53","15","10","48","4","3","0","Good","17.225","10.5263","15.9","0","","","","38.0","38.0","38.0","41.0","38.0","0.0","38.0","38.88","41.0","0.0","0.0","-0.125","38","0","53","53","0","0","0"
"2026-04-27T18:00:00+00:00","Lahore","18","0","4","117","-1.0","-0.0","0.866025","-0.5","0.903356","-0.428892","0","1","0","1","33.1","31","7.2","267","7.2","1000.5","0","13.6","100","","0.0","0.0","32.27","","0.1","3","38","pm25","53","15","10","48","4","3","0","Good","9.6431","18.9474","16.43","0","","","","38.0","38.0","38.0","41.0","38.0","0.0","38.0","38.75","41.0","0.0","0.0","-0.125","38","0","53","53","0","0","0"
"2026-04-27T19:00:00+00:00","Lahore","19","0","4","117","-0.965926","0.258819","0.866025","-0.5","0.903356","-0.428892","0","1","0","1","32.8","30","10.5","262","20.5","1000.3","0","13.1","100","","0.0","0.0","31.75","","-0.6","3","38","pm25","53","15","10","48","4","3","0","Good","6.5619","27.6316","15.9","0","","","","38.0","38.0","38.0","41.0","38.0","0.0","38.0","38.62","41.0","0.0","0.0","-0.125","38","0","53","53","0","0","0"
"2026-04-27T20:00:00+00:00","Lahore","20","0","4","117","-0.866025","0.5","0.866025","-0.5","0.903356","-0.428892","0","0","0","1","32.5","28","8.6","259","20.9","1000.5","0","11.4","100","","0.0","0.0","31.15","","-0.8","3","38","pm25","53","15","10","48","4","3","0","Good","7.8884","22.6316","14.84","0","","","","38.0","38.0","38.0","41.0","38.0","0.0","38.0","38.5","41.0","0.0","0.0","-0.125","38","0","53","53","0","0","0"
"2026-04-27T21:00:00+00:00","Lahore","21","0","4","117","-0.707107","0.707107","0.866025","-0.5","0.903356","-0.428892","0","0","0","1","32.2","26","6.0","249","16.9","1000.4","0","10.6","99","","0.0","0.0","30.62","","-0.7","3","38","pm25","53","15","10","48","4","3","0","Good","11.13","15.7895","13.78","0","","","","38.0","38.0","38.0","41.0","38.0","0.0","38.0","38.38","41.0","0.0","0.0","-0.125","38","0","53","53","0","0","0"
"2026-04-27T22:00:00+00:00","Lahore","22","0","4","117","-0.5","0.866025","0.866025","-0.5","0.903356","-0.428892","0","0","1","1","31.0","29","7.3","218","13.0","1000.7","0","10.9","100","","0.0","0.0","29.64","","-0.8","3","38","pm25","53","15","10","48","4","3","0","Good","9.3658","19.2105","15.37","0","","","","38.0","38.0","38.0","41.0","38.0","0.0","38.0","38.25","41.0","0.0","0.0","-0.125","38","0","53","53","0","0","0"
"2026-04-27T23:00:00+00:00","Lahore","23","0","4","117","-0.258819","0.965926","0.866025","-0.5","0.903356","-0.428892","0","0","1","1","30.0","34","6.3","198","18.7","1001.1","0","12.3","100","","0.0","0.0","29.08","","-0.2","3","38","pm25","53","15","10","48","4","3","0","Good","11.273","16.5789","18.02","0","","","","38.0","38.0","38.0","41.0","38.0","0.0","38.0","38.12","41.0","0.0","0.0","-0.125","38","0","53","53","0","0","0"
"2026-04-28T00:00:00+00:00","Lahore","0","1","4","118","0.0","1.0","0.866025","-0.5","0.895839","-0.444378","0","0","1","1","28.6","41","9.4","349","11.9","1001.5","0","14.1","100","","0.0","0.0","28.29","","0.0","3","45","pm25","60","28","12","51","6","4","0","Good","9.0","20.8889","24.6","0","","","","38.0","38.0","38.0","38.0","38.0","0.0","38.0","38.0","38.0","0.0","0.0","0.0","45","0","60","60","0","0","0"
"2026-04-28T01:00:00+00:00","Lahore","1","1","4","118","0.258819","0.965926","0.866025","-0.5","0.895839","-0.444378","0","0","1","1","28.4","43","4.1","56","18.4","1001.4","0","14.6","100","","0.0","0.0","28.26","","0.8","3","45","pm25","60","28","12","51","6","4","0","Good","20.9268","9.1111","25.8","0","","","","45.0","38.0","38.0","38.0","40.33","3.3","39.17","38.29","45.0","7.0","1.1667","0.2917","45","0","60","60","0","0","1"
"2026-04-28T02:00:00+00:00","Lahore","2","1","4","118","0.5","0.866025","0.866025","-0.5","0.895839","-0.444378","0","0","1","1","28.8","42","5.5","189","13.7","1002.6","0","14.4","100","","0.0","0.0","28.58","","0.7","3","45","pm25","60","28","12","51","6","4","0","Good","15.4909","12.2222","25.2","0","","","","45.0","38.0","38.0","38.0","42.67","3.3","40.33","38.58","45.0","0.0","1.1667","0.2917","45","0","60","60","0","0","0"
"2026-04-28T03:00:00+00:00","Lahore","3","1","4","118","0.707107","0.707107","0.866025","-0.5","0.895839","-0.444378","0","0","1","1","30.2","39","5.1","42","14.8","1003.0","0","14.6","100","","0.0","0.0","29.8","","0.7","3","45","pm25","60","28","12","51","6","4","0","Good","16.3529","11.3333","23.4","0","","","","45.0","45.0","38.0","38.0","45.0","0.0","41.5","38.88","45.0","0.0","1.1667","0.2917","45","0","60","60","0","0","0"
"2026-04-28T04:00:00+00:00","Lahore","4","1","4","118","0.866025","0.5","0.866025","-0.5","0.895839","-0.444378","0","0","1","1","31.1","37","9.8","55","24.8","1003.1","0","14.8","91","","0.0","0.0","30.63","","0.2","3","45","pm25","60","28","12","51","6","4","0","Good","8.3878","21.7778","22.2","0","","","","45.0","45.0","38.0","38.0","45.0","0.0","42.67","39.17","45.0","0.0","1.1667","0.2917","45","0","60","60","0","0","0"
"2026-04-28T05:00:00+00:00","Lahore","5","1","4","118","0.965926","0.258819","0.866025","-0.5","0.895839","-0.444378","0","0","1","1","32.3","35","13.1","67","32.4","1004.0","0","14.9","70","","0.0","0.0","31.86","","-0.2","2","45","pm25","60","28","12","51","6","4","0","Good","6.1832","29.1111","21.0","0","","","","45.0","45.0","38.0","38.0","45.0","0.0","43.83","39.46","45.0","0.0","1.1667","0.2917","45","0","60","60","0","0","0"
"2026-04-28T06:00:00+00:00","Lahore","6","1","4","118","1.0","0.0","0.866025","-0.5","0.895839","-0.444378","0","0","0","1","31.9","36","5.7","101","34.9","1004.3","0","15.1","100","","0.0","0.0","31.49","","0.9","3","45","pm25","60","28","12","51","6","4","0","Good","14.3158","12.6667","21.6","0","","","","45.0","45.0","45.0","38.0","45.0","0.0","45.0","39.75","45.0","0.0","0.0","0.2917","45","0","60","60","0","0","0"
"2026-04-28T07:00:00+00:00","Lahore","7","1","4","118","0.965926","-0.258819","0.866025","-0.5","0.895839","-0.444378","0","1","0","1","32.3","36","15.6","105","36.7","1003.4","0","15.4","34","","0.2","0.2","32.01","","-0.5","51","45","pm25","60","28","12","51","6","4","0","Good","5.2308","34.6667","21.6","0","","","","45.0","45.0","45.0","38.0","45.0","0.0","45.0","40.04","45.0","0.0","0.0","0.2917","45","0","60","60","0","0","0"
"2026-04-28T08:00:00+00:00","Lahore","8","1","4","118","0.866025","-0.5","0.866025","-0.5","0.895839","-0.444378","0","1","0","1","33.8","28","20.9","119","49.7","1002.9","0","12.9","81","","0.0","0.0","32.7","","-1.0","3","45","pm25","60","28","12","51","6","4","0","Good","3.6746","46.4444","16.8","0","","","","45.0","45.0","45.0","38.0","45.0","0.0","45.0","40.33","45.0","0.0","0.0","0.2917","45","0","60","60","0","0","0"
"2026-04-28T09:00:00+00:00","Lahore","9","1","4","118","0.707107","-0.707107","0.866025","-0.5","0.895839","-0.444378","0","1","0","1","34.3","26","12.7","117","48.2","1002.2","0","12.0","88","","0.0","0.0","33.02","","-1.1","3","45","pm25","60","28","12","51","6","4","0","Good","5.9528","28.2222","15.6","0","","","","45.0","45.0","45.0","38.0","45.0","0.0","45.0","40.62","45.0","0.0","0.0","0.2917","45","0","60","60","0","0","0"
"2026-04-28T10:00:00+00:00","Lahore","10","1","4","118","0.5","-0.866025","0.866025","-0.5","0.895839","-0.444378","0","0","0","1","34.9","25","9.4","122","31.0","1001.5","0","11.8","46","","0.0","0.0","33.62","","-0.8","1","45","pm25","60","28","12","51","6","4","0","Good","7.9787","20.8889","15.0","0","","","","45.0","45.0","45.0","38.0","45.0","0.0","45.0","40.92","45.0","0.0","0.0","0.2917","45","0","60","60","0","0","0"
"2026-04-28T11:00:00+00:00","Lahore","11","1","4","118","0.258819","-0.965926","0.866025","-0.5","0.895839","-0.444378","0","0","0","1","35.0","24","11.0","116","27.7","1000.5","0","11.4","91","","0.0","0.0","33.59","","-1.2","3","45","pm25","60","28","12","51","6","4","0","Good","6.7636","24.4444","14.4","0","","","","45.0","45.0","45.0","38.0","45.0","0.0","45.0","41.21","45.0","0.0","0.0","0.2917","45","0","60","60","0","0","0"
"2026-04-28T12:00:00+00:00","Lahore","12","1","4","118","0.0","-1.0","0.866025","-0.5","0.895839","-0.444378","0","0","0","1","33.2","27","13.0","49","27.7","1000.7","0","11.5","79","","0.0","0.0","31.84","","-1.4","2","45","pm25","60","28","12","51","6","4","0","Good","5.8615","28.8889","16.2","0","","","","45.0","45.0","45.0","38.0","45.0","0.0","45.0","41.5","45.0","0.0","0.0","0.2917","45","0","60","60","0","0","0"
"2026-04-28T13:00:00+00:00","Lahore","13","1","4","118","-0.258819","-0.965926","0.866025","-0.5","0.895839","-0.444378","0","0","0","1","33.2","27","12.0","64","31.0","1000.4","0","11.4","45","","0.0","0.0","31.84","","-1.4","1","45","pm25","60","28","12","51","6","4","0","Good","6.35","26.6667","16.2","0","","","","45.0","45.0","45.0","38.0","45.0","0.0","45.0","41.79","45.0","0.0","0.0","0.2917","45","0","60","60","0","0","0"
"2026-04-28T14:00:00+00:00","Lahore","14","1","4","118","-0.5","-0.866025","0.866025","-0.5","0.895839","-0.444378","0","0","0","1","32.1","30","11.4","67","25.9","1000.9","0","12.5","8","","0.0","0.0","30.93","","-0.9","0","45","pm25","60","28","12","51","6","4","0","Good","6.8421","25.3333","18.0","0","","","","45.0","45.0","45.0","38.0","45.0","0.0","45.0","42.08","45.0","0.0","0.0","0.2917","45","0","60","60","0","0","0"
"2026-04-28T15:00:00+00:00","Lahore","15","1","4","118","-0.707107","-0.707107","0.866025","-0.5","0.895839","-0.444378","0","0","0","1","30.8","36","13.0","66","26.3","1001.8","0","14.0","8","","0.0","0.0","30.15","","-0.7","0","45","pm25","60","28","12","51","6","4","0","Good","6.2769","28.8889","21.6","0","","","","45.0","45.0","45.0","38.0","45.0","0.0","45.0","42.38","45.0","0.0","0.0","0.2917","45","0","60","60","0","0","0"
"2026-04-28T16:00:00+00:00","Lahore","16","1","4","118","-0.866025","-0.5","0.866025","-0.5","0.895839","-0.444378","0","0","0","1","29.9","39","11.7","79","25.6","1002.1","0","14.6","29","","0.0","0.0","29.46","","-0.2","1","45","pm25","60","28","12","51","6","4","0","Good","7.1282","26.0","23.4","0","","","","45.0","45.0","45.0","38.0","45.0","0.0","45.0","42.67","45.0","0.0","0.0","0.2917","45","0","60","60","0","0","0"
"2026-04-28T17:00:00+00:00","Lahore","17","1","4","118","-0.965926","-0.258819","0.866025","-0.5","0.895839","-0.444378","0","1","0","1","29.1","42","9.8","77","22.7","1002.3","0","14.9","4","","0.0","0.0","28.9","","0.2","0","45","pm25","60","28","12","51","6","4","0","Good","8.6939","21.7778","25.2","0","","","","45.0","45.0","45.0","38.0","45.0","0.0","45.0","42.96","45.0","0.0","0.0","0.2917","45","0","60","60","0","0","0"
"2026-04-28T18:00:00+00:00","Lahore","18","1","4","118","-1.0","-0.0","0.866025","-0.5","0.895839","-0.444378","0","1","0","1","26.9","52","18.2","333","18.4","1004.2","0","16.1","100","","0.0","0.0","","","-0.6","3","45","pm25","60","28","12","51","6","4","0","Good","5.011","40.4444","31.2","0","","","","45.0","45.0","45.0","38.0","45.0","0.0","45.0","43.25","45.0","0.0","0.0","0.2917","45","0","60","60","0","0","0"
"2026-04-28T19:00:00+00:00","Lahore","19","1","4","118","-0.965926","0.258819","0.866025","-0.5","0.895839","-0.444378","0","1","0","1","25.8","56","16.2","352","38.9","1003.7","0","16.4","100","","0.0","0.0","","","-0.2","3","45","pm25","60","28","12","51","6","4","0","Good","5.7778","36.0","33.6","0","","","","45.0","45.0","45.0","38.0","45.0","0.0","45.0","43.54","45.0","0.0","0.0","0.2917","45","0","60","60","0","0","0"
"2026-04-28T20:00:00+00:00","Lahore","20","1","4","118","-0.866025","0.5","0.866025","-0.5","0.895839","-0.444378","0","0","0","1","25.2","55","11.9","3","32.4","1002.8","0","15.4","100","","0.0","0.0","","","0.1","3","45","pm25","60","28","12","51","6","4","0","Good","7.8151","26.4444","33.0","0","","","","45.0","45.0","45.0","38.0","45.0","0.0","45.0","43.83","45.0","0.0","0.0","0.2917","45","0","60","60","0","0","0"
"2026-04-28T21:00:00+00:00","Lahore","21","1","4","118","-0.707107","0.707107","0.866025","-0.5","0.895839","-0.444378","0","0","0","1","24.8","56","7.4","43","23.0","1002.4","0","15.4","100","","0.0","0.0","","","0.7","3","45","pm25","60","28","12","51","6","4","0","Good","12.6486","16.4444","33.6","0","","","","45.0","45.0","45.0","38.0","45.0","0.0","45.0","44.12","45.0","0.0","0.0","0.2917","45","0","60","60","0","0","0"
"2026-04-28T22:00:00+00:00","Lahore","22","1","4","118","-0.5","0.866025","0.866025","-0.5","0.895839","-0.444378","0","0","1","1","24.6","57","8.1","72","16.2","1002.3","0","15.4","97","","0.0","0.0","","","0.6","3","45","pm25","60","28","12","51","6","4","0","Good","11.6296","18.0","34.2","0","","","","45.0","45.0","45.0","38.0","45.0","0.0","45.0","44.42","45.0","0.0","0.0","0.2917","45","0","60","60","0","0","0"
"2026-04-28T23:00:00+00:00","Lahore","23","1","4","118","-0.258819","0.965926","0.866025","-0.5","0.895839","-0.444378","0","0","1","1","24.2","58","6.7","56","14.8","1002.4","0","15.5","38","","0.0","0.0","","","0.9","1","45","pm25","60","28","12","51","6","4","0","Good","14.1493","14.8889","34.8","0","","","","45.0","45.0","45.0","38.0","45.0","0.0","45.0","44.71","45.0","0.0","0.0","0.2917","45","0","60","60","0","0","0"
"2026-04-29T00:00:00+00:00","Lahore","0","2","4","119","0.0","1.0","0.866025","-0.5","0.888057","-0.459733","0","0","1","1","22.9","76","5.6","112","13.7","1001.9","0","18.5","9","","0.0","0.0","","","2.3","0","57","pm25","69","20","5","44","3","2","1","Moderate","21.6857","9.8246","52.44","0","","","","45.0","45.0","45.0","45.0","45.0","0.0","45.0","45.0","45.0","0.0","0.0","0.0","57","1","69","69","1","1","0"
"2026-04-29T01:00:00+00:00","Lahore","1","2","4","119","0.258819","0.965926","0.866025","-0.5","0.888057","-0.459733","0","0","1","1","22.8","78","3.0","237","10.8","1002.9","0","18.7","10","","0.0","0.0","","","2.7","0","57","pm25","69","20","5","44","3","2","1","Moderate","40.94","5.2632","53.82","0","","","","57.0","45.0","45.0","45.0","49.0","5.66","47.0","45.5","57.0","12.0","2.0","0.5","57","1","69","69","1","1","1"
"2026-04-29T02:00:00+00:00","Lahore","2","2","4","119","0.5","0.866025","0.866025","-0.5","0.888057","-0.459733","0","0","1","1","24.0","73","4.3","222","14.4","1003.5","0","18.8","22","","0.0","0.0","","","2.6","1","57","pm25","69","20","5","44","3","2","1","Moderate","27.7605","7.5439","50.37","0","","","","57.0","45.0","45.0","45.0","53.0","5.66","49.0","46.0","57.0","0.0","2.0","0.5","57","1","69","69","1","1","0"
"2026-04-29T03:00:00+00:00","Lahore","3","2","4","119","0.707107","0.707107","0.866025","-0.5","0.888057","-0.459733","0","0","1","1","25.7","65","1.6","297","16.6","1004.1","0","18.8","4","","0.0","0.0","","","3.0","0","57","pm25","69","20","5","44","3","2","1","Moderate","71.1562","2.807","44.85","0","","","","57.0","57.0","45.0","45.0","57.0","0.0","51.0","46.5","57.0","0.0","2.0","0.5","57","1","69","69","1","1","0"
"2026-04-29T04:00:00+00:00","Lahore","4","2","4","119","0.866025","0.5","0.866025","-0.5","0.888057","-0.459733","0","0","1","1","28.0","57","1.5","97","11.5","1004.5","0","18.6","0","","0.0","0.0","29.13","","3.0","0","57","pm25","69","20","5","44","3","2","1","Moderate","72.22","2.6316","39.33","0","","","","57.0","57.0","45.0","45.0","57.0","0.0","53.0","47.0","57.0","0.0","2.0","0.5","57","1","69","69","1","1","0"
"2026-04-29T05:00:00+00:00","Lahore","5","2","4","119","0.965926","0.258819","0.866025","-0.5","0.888057","-0.459733","0","0","1","1","30.0","48","2.7","90","14.8","1004.6","0","17.9","0","","0.0","0.0","30.74","","3.2","0","57","pm25","69","20","5","44","3","2","1","Moderate","37.8222","4.7368","33.12","0","","","","57.0","57.0","45.0","45.0","57.0","0.0","55.0","47.5","57.0","0.0","2.0","0.5","57","1","69","69","1","1","0"
"2026-04-29T06:00:00+00:00","Lahore","6","2","4","119","1.0","0.0","0.866025","-0.5","0.888057","-0.459733","0","0","0","1","29.5","48","1.0","158","19.1","1004.9","0","17.2","27","","0.0","0.0","30.06","","4.0","1","57","pm25","69","20","5","44","3","2","1","Moderate","102.12","1.7544","33.12","0","","","","57.0","57.0","57.0","45.0","57.0","0.0","57.0","48.0","57.0","0.0","0.0","0.5","57","1","69","69","1","1","0"
"2026-04-29T07:00:00+00:00","Lahore","7","2","4","119","0.965926","-0.258819","0.866025","-0.5","0.888057","-0.459733","0","1","0","1","30.9","43","2.6","219","18.4","1004.3","0","17.0","43","","0.0","0.0","31.23","","3.6","1","57","pm25","69","20","5","44","3","2","1","Moderate","37.95","4.5614","29.67","0","","","","57.0","57.0","57.0","45.0","57.0","0.0","57.0","48.5","57.0","0.0","0.0","0.5","57","1","69","69","1","1","0"
"2026-04-29T08:00:00+00:00","Lahore","8","2","4","119","0.866025","-0.5","0.866025","-0.5","0.888057","-0.459733","0","1","0","1","31.9","40","3.9","236","19.4","1003.3","0","16.5","40","","0.0","0.0","32.13","","3.0","1","57","pm25","69","20","5","44","3","2","1","Moderate","24.7692","6.8421","27.6","0","","","","57.0","57.0","57.0","45.0","57.0","0.0","57.0","49.0","57.0","0.0","0.0","0.5","57","1","69","69","1","1","0"
"2026-04-29T09:00:00+00:00","Lahore","9","2","4","119","0.707107","-0.707107","0.866025","-0.5","0.888057","-0.459733","0","1","0","1","32.8","37","3.5","285","19.1","1002.4","0","16.1","63","","0.0","0.0","32.88","","2.8","2","57","pm25","69","20","5","44","3","2","1","Moderate","27.0086","6.1404","25.53","0","","","","57.0","57.0","57.0","45.0","57.0","0.0","57.0","49.5","57.0","0.0","0.0","0.5","57","1","69","69","1","1","0"
"2026-04-29T10:00:00+00:00","Lahore","10","2","4","119","0.5","-0.866025","0.866025","-0.5","0.888057","-0.459733","0","0","0","1","32.7","35","7.6","317","23.0","1001.8","0","15.3","90","","0.0","0.0","32.39","","0.7","3","57","pm25","69","20","5","44","3","2","1","Moderate","12.2566","13.3333","24.15","0","","","","57.0","57.0","57.0","45.0","57.0","0.0","57.0","50.0","57.0","0.0","0.0","0.5","57","1","69","69","1","1","0"
"2026-04-29T11:00:00+00:00","Lahore","11","2","4","119","0.258819","-0.965926","0.866025","-0.5","0.888057","-0.459733","0","0","0","1","30.5","39","5.2","115","24.1","1002.0","0","14.8","56","","0.0","0.0","30.16","","0.8","2","57","pm25","69","20","5","44","3","2","1","Moderate","18.4442","9.1228","26.91","0","","","","57.0","57.0","57.0","45.0","57.0","0.0","57.0","50.5","57.0","0.0","0.0","0.5","57","1","69","69","1","1","0"
"2026-04-29T12:00:00+00:00","Lahore","12","2","4","119","0.0","-1.0","0.866025","-0.5","0.888057","-0.459733","0","0","0","1","32.7","27","8.1","356","29.5","1000.9","0","11.5","30","","0.0","0.0","31.26","","-0.7","1","57","pm25","69","20","5","44","3","2","1","Moderate","10.8185","14.2105","18.63","0","","","","57.0","57.0","57.0","45.0","57.0","0.0","57.0","51.0","57.0","0.0","0.0","0.5","57","1","69","69","1","1","0"
"2026-04-29T13:00:00+00:00","Lahore","13","2","4","119","-0.258819","-0.965926","0.866025","-0.5","0.888057","-0.459733","0","0","0","1","30.9","35","9.6","23","19.4","1001.1","0","13.6","8","","0.0","0.0","30.14","","-0.3","0","57","pm25","69","20","5","44","3","2","1","Moderate","9.7031","16.8421","24.15","0","","","","57.0","57.0","57.0","45.0","57.0","0.0","57.0","51.5","57.0","0.0","0.0","0.5","57","1","69","69","1","1","0"
"2026-04-29T14:00:00+00:00","Lahore","14","2","4","119","-0.5","-0.866025","0.866025","-0.5","0.888057","-0.459733","0","0","0","1","28.6","47","12.3","5","24.1","1002.0","0","16.1","4","","0.0","0.0","28.84","","0.4","0","57","pm25","69","20","5","44","3","2","1","Moderate","8.2463","21.5789","32.43","0","","","","57.0","57.0","57.0","45.0","57.0","0.0","57.0","52.0","57.0","0.0","0.0","0.5","57","1","69","69","1","1","0"
"2026-04-29T15:00:00+00:00","Lahore","15","2","4","119","-0.707107","-0.707107","0.866025","-0.5","0.888057","-0.459733","0","0","0","1","26.6","57","10.9","24","25.9","1002.8","0","17.4","0","","0.0","0.0","","","1.1","0","57","pm25","69","20","5","44","3","2","1","Moderate","9.9385","19.1228","39.33","0","","","","57.0","57.0","57.0","45.0","57.0","0.0","57.0","52.5","57.0","0.0","0.0","0.5","57","1","69","69","1","1","0"
"2026-04-29T16:00:00+00:00","Lahore","16","2","4","119","-0.866025","-0.5","0.866025","-0.5","0.888057","-0.459733","0","0","0","1","25.5","62","9.3","36","21.6","1003.0","0","17.6","1","","0.0","0.0","","","1.4","0","57","pm25","69","20","5","44","3","2","1","Moderate","12.0194","16.3158","42.78","0","","","","57.0","57.0","57.0","45.0","57.0","0.0","57.0","53.0","57.0","0.0","0.0","0.5","57","1","69","69","1","1","0"
"2026-04-29T17:00:00+00:00","Lahore","17","2","4","119","-0.965926","-0.258819","0.866025","-0.5","0.888057","-0.459733","0","1","0","1","24.9","64","8.1","37","18.0","1002.9","0","17.6","1","","0.0","0.0","","","1.5","0","57","pm25","69","20","5","44","3","2","1","Moderate","13.9704","14.2105","44.16","0","","","","57.0","57.0","57.0","45.0","57.0","0.0","57.0","53.5","57.0","0.0","0.0","0.5","57","1","69","69","1","1","0"
"2026-04-29T18:00:00+00:00","Lahore","18","2","4","119","-1.0","-0.0","0.866025","-0.5","0.888057","-0.459733","0","1","0","1","25.5","65","8.1","29","15.1","1002.5","0","18.4","0","","0.0","0.0","","","1.9","0","57","pm25","69","20","5","44","3","2","1","Moderate","14.0556","14.2105","44.85","0","","","","57.0","57.0","57.0","45.0","57.0","0.0","57.0","54.0","57.0","0.0","0.0","0.5","57","1","69","69","1","1","0"
"2026-04-29T19:00:00+00:00","Lahore","19","2","4","119","-0.965926","0.258819","0.866025","-0.5","0.888057","-0.459733","0","1","0","1","25.2","65","6.2","17","15.1","1002.3","0","18.1","0","","0.0","0.0","","","2.1","0","57","pm25","69","20","5","44","3","2","1","Moderate","18.3629","10.8772","44.85","0","","","","57.0","57.0","57.0","45.0","57.0","0.0","57.0","54.5","57.0","0.0","0.0","0.5","57","1","69","69","1","1","0"
"2026-04-29T20:00:00+00:00","Lahore","20","2","4","119","-0.866025","0.5","0.866025","-0.5","0.888057","-0.459733","0","0","0","1","24.7","67","4.8","349","11.9","1002.2","0","18.0","0","","0.0","0.0","","","2.2","0","57","pm25","69","20","5","44","3","2","1","Moderate","24.0062","8.4211","46.23","0","","","","57.0","57.0","57.0","45.0","57.0","0.0","57.0","55.0","57.0","0.0","0.0","0.5","57","1","69","69","1","1","0"
"2026-04-29T21:00:00+00:00","Lahore","21","2","4","119","-0.707107","0.707107","0.866025","-0.5","0.888057","-0.459733","0","0","0","1","24.1","69","4.1","347","9.4","1001.9","0","18.0","0","","0.0","0.0","","","2.4","0","57","pm25","69","20","5","44","3","2","1","Moderate","28.4415","7.193","47.61","0","","","","57.0","57.0","57.0","45.0","57.0","0.0","57.0","55.5","57.0","0.0","0.0","0.5","57","1","69","69","1","1","0"
"2026-04-29T22:00:00+00:00","Lahore","22","2","4","119","-0.5","0.866025","0.866025","-0.5","0.888057","-0.459733","0","0","1","1","23.5","72","3.2","344","7.9","1002.0","0","18.3","0","","0.0","0.0","","","2.6","0","57","pm25","69","20","5","44","3","2","1","Moderate","37.0875","5.614","49.68","0","","","","57.0","57.0","57.0","45.0","57.0","0.0","57.0","56.0","57.0","0.0","0.0","0.5","57","1","69","69","1","1","0"
"2026-04-29T23:00:00+00:00","Lahore","23","2","4","119","-0.258819","0.965926","0.866025","-0.5","0.888057","-0.459733","0","0","1","1","23.0","76","3.1","347","6.1","1002.2","0","18.4","1","","0.0","0.0","","","2.6","0","57","pm25","69","20","5","44","3","2","1","Moderate","39.1742","5.4386","52.44","0","","","","57.0","57.0","57.0","45.0","57.0","0.0","57.0","56.5","57.0","0.0","0.0","0.5","57","1","69","69","1","1","0"
"2026-04-30T00:00:00+00:00","Lahore","0","3","4","120","0.0","1.0","0.866025","-0.5","0.880012","-0.474951","0","0","1","1","22.8","70","5.2","360","10.4","1002.0","0","17.1","0","","0.0","0.0","","","1.8","0","43","pm25","73","22","5","53","6","3","0","Good","23.8654","12.093","51.1","0","","","","57.0","57.0","57.0","57.0","57.0","0.0","57.0","57.0","57.0","0.0","0.0","0.0","43","0","73","73","0","0","0"
"2026-04-30T01:00:00+00:00","Lahore","1","3","4","120","0.258819","0.965926","0.866025","-0.5","0.880012","-0.474951","0","0","1","1","23.0","70","3.8","25","11.2","1002.6","0","17.3","0","","0.0","0.0","","","2.1","0","43","pm25","73","22","5","53","6","3","0","Good","32.6579","8.8372","51.1","0","","","","43.0","57.0","57.0","57.0","52.33","6.6","54.67","56.42","57.0","-14.0","-2.3333","-0.5833","43","0","73","73","0","0","-1"
"2026-04-30T02:00:00+00:00","Lahore","2","3","4","120","0.5","0.866025","0.866025","-0.5","0.880012","-0.474951","0","0","1","1","24.3","65","2.9","43","9.0","1003.5","0","17.4","0","","0.0","0.0","","","2.2","0","43","pm25","73","22","5","53","6","3","0","Good","41.5345","6.7442","47.45","0","","","","43.0","57.0","57.0","57.0","47.67","6.6","52.33","55.83","57.0","0.0","-2.3333","-0.5833","43","0","73","73","0","0","0"
"2026-04-30T03:00:00+00:00","Lahore","3","3","4","120","0.707107","0.707107","0.866025","-0.5","0.880012","-0.474951","0","0","1","1","27.0","54","5.7","41","17.3","1003.5","0","16.9","0","","0.0","0.0","","","1.6","0","43","pm25","73","22","5","53","6","3","0","Good","19.7228","13.2558","39.42","0","","","","43.0","43.0","57.0","57.0","43.0","0.0","50.0","55.25","57.0","0.0","-2.3333","-0.5833","43","0","73","73","0","0","0"
"2026-04-30T04:00:00+00:00","Lahore","4","3","4","120","0.866025","0.5","0.866025","-0.5","0.880012","-0.474951","0","0","1","1","30.2","41","6.6","55","19.8","1003.9","0","15.4","0","","0.0","0.0","30.05","","0.9","0","43","pm25","73","22","5","53","6","3","0","Good","15.5955","15.3488","29.93","0","","","","43.0","43.0","57.0","57.0","43.0","0.0","47.67","54.67","57.0","0.0","-2.3333","-0.5833","43","0","73","73","0","0","0"
"2026-04-30T05:00:00+00:00","Lahore","5","3","4","120","0.965926","0.258819","0.866025","-0.5","0.880012","-0.474951","0","0","1","1","32.2","34","5.5","71","20.9","1004.0","0","14.4","0","","0.0","0.0","31.58","","1.4","0","43","pm25","73","22","5","53","6","3","0","Good","17.7855","12.7907","24.82","0","","","","43.0","43.0","57.0","57.0","43.0","0.0","45.33","54.08","57.0","0.0","-2.3333","-0.5833","43","0","73","73","0","0","0"
"2026-04-30T06:00:00+00:00","Lahore","6","3","4","120","1.0","0.0","0.866025","-0.5","0.880012","-0.474951","0","0","0","1","32.8","31","1.8","246","19.8","1003.8","0","13.4","0","","0.0","0.0","31.89","","2.6","0","43","pm25","73","22","5","53","6","3","0","Good","53.1278","4.186","22.63","0","","","","43.0","43.0","43.0","57.0","43.0","0.0","43.0","53.5","57.0","0.0","0.0","-0.5833","43","0","73","73","0","0","0"
"2026-04-30T07:00:00+00:00","Lahore","7","3","4","120","0.965926","-0.258819","0.866025","-0.5","0.880012","-0.474951","0","1","0","1","34.2","28","3.1","294","16.6","1003.1","0","12.9","12","","0.0","0.0","33.21","","2.5","0","43","pm25","73","22","5","53","6","3","0","Good","30.1419","7.2093","20.44","0","","","","43.0","43.0","43.0","57.0","43.0","0.0","43.0","52.92","57.0","0.0","0.0","-0.5833","43","0","73","73","0","0","0"
"2026-04-30T08:00:00+00:00","Lahore","8","3","4","120","0.866025","-0.5","0.866025","-0.5","0.880012","-0.474951","0","1","0","1","34.7","25","3.0","25","19.1","1002.5","0","12.1","29","","0.0","0.0","33.37","","1.7","1","43","pm25","73","22","5","53","6","3","0","Good","30.4167","6.9767","18.25","0","","","","43.0","43.0","43.0","57.0","43.0","0.0","43.0","52.33","57.0","0.0","0.0","-0.5833","43","0","73","73","0","0","0"
"2026-04-30T09:00:00+00:00","Lahore","9","3","4","120","0.707107","-0.707107","0.866025","-0.5","0.880012","-0.474951","0","1","0","1","29.7","40","17.5","105","46.8","1003.4","0","14.8","80","","0.4","0.4","29.35","","-0.4","51","43","pm25","73","22","5","53","6","3","0","Good","5.84","40.6977","29.2","0","","","","43.0","43.0","43.0","57.0","43.0","0.0","43.0","51.75","57.0","0.0","0.0","-0.5833","43","0","73","73","0","0","0"
"2026-04-30T10:00:00+00:00","Lahore","10","3","4","120","0.5","-0.866025","0.866025","-0.5","0.880012","-0.474951","0","0","0","1","26.1","54","1.6","186","43.6","1005.0","0","15.9","96","","0.0","0.0","","","1.8","3","43","pm25","73","22","5","53","6","3","0","Good","70.2625","3.7209","39.42","0","","","","43.0","43.0","43.0","57.0","43.0","0.0","43.0","51.17","57.0","0.0","0.0","-0.5833","43","0","73","73","0","0","0"
"2026-04-30T11:00:00+00:00","Lahore","11","3","4","120","0.258819","-0.965926","0.866025","-0.5","0.880012","-0.474951","0","0","0","1","28.0","47","2.0","315","15.5","1003.2","0","15.7","75","","0.0","0.0","28.19","","1.6","2","43","pm25","73","22","5","53","6","3","0","Good","53.655","4.6512","34.31","0","","","","43.0","43.0","43.0","57.0","43.0","0.0","43.0","50.58","57.0","0.0","0.0","-0.5833","43","0","73","73","0","0","0"
"2026-04-30T12:00:00+00:00","Lahore","12","3","4","120","0.0","-1.0","0.866025","-0.5","0.880012","-0.474951","0","0","0","1","33.7","25","10.5","5","17.3","1000.5","0","10.6","26","","0.0","0.0","32.17","","-1.3","1","43","pm25","73","22","5","53","6","3","0","Good","8.6905","24.4186","18.25","0","","","","43.0","43.0","43.0","57.0","43.0","0.0","43.0","50.0","57.0","0.0","0.0","-0.5833","43","0","73","73","0","0","0"
"2026-04-30T13:00:00+00:00","Lahore","13","3","4","120","-0.258819","-0.965926","0.866025","-0.5","0.880012","-0.474951","0","0","0","1","31.9","29","9.5","54","25.2","1000.9","0","11.9","23","","0.0","0.0","30.59","","-0.8","1","43","pm25","73","22","5","53","6","3","0","Good","9.9126","22.093","21.17","0","","","","43.0","43.0","43.0","57.0","43.0","0.0","43.0","49.42","57.0","0.0","0.0","-0.5833","43","0","73","73","0","0","0"
"2026-04-30T14:00:00+00:00","Lahore","14","3","4","120","-0.5","-0.866025","0.866025","-0.5","0.880012","-0.474951","0","0","0","1","30.0","37","8.1","61","18.7","1001.4","0","13.6","3","","0.0","0.0","29.36","","0.0","0","43","pm25","73","22","5","53","6","3","0","Good","12.3469","18.8372","27.01","0","","","","43.0","43.0","43.0","57.0","43.0","0.0","43.0","48.83","57.0","0.0","0.0","-0.5833","43","0","73","73","0","0","0"
"2026-04-30T15:00:00+00:00","Lahore","15","3","4","120","-0.707107","-0.707107","0.866025","-0.5","0.880012","-0.474951","0","0","0","1","28.5","41","4.7","67","15.1","1001.8","0","14.1","0","","0.0","0.0","28.2","","0.7","0","43","pm25","73","22","5","53","6","3","0","Good","21.9","10.9302","29.93","0","","","","43.0","43.0","43.0","57.0","43.0","0.0","43.0","48.25","57.0","0.0","0.0","-0.5833","43","0","73","73","0","0","0"
"2026-04-30T16:00:00+00:00","Lahore","16","3","4","120","-0.866025","-0.5","0.866025","-0.5","0.880012","-0.474951","0","0","0","1","27.5","43","6.2","49","11.9","1002.3","0","13.9","0","","0.0","0.0","27.43","","0.4","0","43","pm25","73","22","5","53","6","3","0","Good","16.8371","14.4186","31.39","0","","","","43.0","43.0","43.0","57.0","43.0","0.0","43.0","47.67","57.0","0.0","0.0","-0.5833","43","0","73","73","0","0","0"
"2026-04-30T17:00:00+00:00","Lahore","17","3","4","120","-0.965926","-0.258819","0.866025","-0.5","0.880012","-0.474951","0","1","0","1","26.5","46","4.1","49","11.2","1002.7","0","14.1","0","","0.0","0.0","","","0.7","0","43","pm25","73","22","5","53","6","3","0","Good","25.9951","9.5349","33.58","0","","","","43.0","43.0","43.0","57.0","43.0","0.0","43.0","47.08","57.0","0.0","0.0","-0.5833","43","0","73","73","0","0","0"
"2026-04-30T18:00:00+00:00","Lahore","18","3","4","120","-1.0","-0.0","0.866025","-0.5","0.880012","-0.474951","0","1","0","1","28.0","43","8.7","355","7.2","1002.6","0","14.3","0","","0.0","0.0","27.88","","0.1","0","43","pm25","73","22","5","53","6","3","0","Good","11.9989","20.2326","31.39","0","","","","43.0","43.0","43.0","57.0","43.0","0.0","43.0","46.5","57.0","0.0","0.0","-0.5833","43","0","73","73","0","0","0"
"2026-04-30T19:00:00+00:00","Lahore","19","3","4","120","-0.965926","0.258819","0.866025","-0.5","0.880012","-0.474951","0","1","0","1","27.5","43","8.8","356","17.6","1003.1","0","13.9","0","","0.0","0.0","27.43","","0.0","0","43","pm25","73","22","5","53","6","3","0","Good","11.8625","20.4651","31.39","0","","","","43.0","43.0","43.0","57.0","43.0","0.0","43.0","45.92","57.0","0.0","0.0","-0.5833","43","0","73","73","0","0","0"
"2026-04-30T20:00:00+00:00","Lahore","20","3","4","120","-0.866025","0.5","0.866025","-0.5","0.880012","-0.474951","0","0","0","1","26.5","46","7.5","340","16.9","1002.8","0","13.9","0","","0.0","0.0","","","0.2","0","43","pm25","73","22","5","53","6","3","0","Good","14.2107","17.4419","33.58","0","","","","43.0","43.0","43.0","57.0","43.0","0.0","43.0","45.33","57.0","0.0","0.0","-0.5833","43","0","73","73","0","0","0"
"2026-04-30T21:00:00+00:00","Lahore","21","3","4","120","-0.707107","0.707107","0.866025","-0.5","0.880012","-0.474951","0","0","0","1","25.3","49","5.7","49","14.4","1002.6","0","13.9","0","","0.0","0.0","","","0.4","0","43","pm25","73","22","5","53","6","3","0","Good","19.0825","13.2558","35.77","0","","","","43.0","43.0","43.0","57.0","43.0","0.0","43.0","44.75","57.0","0.0","0.0","-0.5833","43","0","73","73","0","0","0"
"2026-04-30T22:00:00+00:00","Lahore","22","3","4","120","-0.5","0.866025","0.866025","-0.5","0.880012","-0.474951","0","0","1","1","24.0","55","7.2","78","14.8","1002.8","0","14.4","0","","0.0","0.0","","","0.4","0","43","pm25","73","22","5","53","6","3","0","Good","15.7153","16.7442","40.15","0","","","","43.0","43.0","43.0","57.0","43.0","0.0","43.0","44.17","57.0","0.0","0.0","-0.5833","43","0","73","73","0","0","0"
"2026-04-30T23:00:00+00:00","Lahore","23","3","4","120","-0.258819","0.965926","0.866025","-0.5","0.880012","-0.474951","0","0","1","1","23.5","58","2.7","53","12.6","1002.8","0","14.7","0","","0.0","0.0","","","1.2","0","43","pm25","73","22","5","53","6","3","0","Good","42.7185","6.2791","42.34","0","","","","43.0","43.0","43.0","57.0","43.0","0.0","43.0","43.58","57.0","0.0","0.0","-0.5833","43","0","73","73","0","0","0"
"2026-05-01T00:00:00+00:00","Lahore","0","4","5","121","0.0","1.0","0.5","-0.866025","0.871706","-0.490029","0","0","1","1","23.0","62","8.3","114","7.6","1002.9","0","15.4","0","","0.0","0.0","","","0.6","0","44","pm25","83","26","2","48","6","2","0","Good","16.2","18.8636","51.46","0","","","","43.0","43.0","43.0","43.0","43.0","0.0","43.0","43.0","43.0","0.0","0.0","0.0","44","0","83","83","0","0","0"
"2026-05-01T01:00:00+00:00","Lahore","1","4","5","121","0.258819","0.965926","0.5","-0.866025","0.871706","-0.490029","0","0","1","1","23.7","58","7.7","118","15.5","1003.7","0","14.9","0","","0.0","0.0","","","0.5","0","44","pm25","83","26","2","48","6","2","0","Good","17.0312","17.5","48.14","0","","","","44.0","43.0","43.0","43.0","43.33","0.47","43.17","43.04","44.0","1.0","0.1667","0.0417","44","0","83","83","0","0","0"
"2026-05-01T02:00:00+00:00","Lahore","2","4","5","121","0.5","0.866025","0.5","-0.866025","0.871706","-0.490029","0","0","1","1","25.2","55","8.7","128","19.1","1004.7","0","15.6","0","","0.0","0.0","","","0.7","0","44","pm25","83","26","2","48","6","2","0","Good","14.7874","19.7727","45.65","0","","","","44.0","43.0","43.0","43.0","43.67","0.47","43.33","43.08","44.0","0.0","0.1667","0.0417","44","0","83","83","0","0","0"
"2026-05-01T03:00:00+00:00","Lahore","3","4","5","121","0.707107","0.707107","0.5","-0.866025","0.871706","-0.490029","0","0","1","1","27.4","52","8.9","138","22.3","1004.9","0","16.6","0","","0.0","0.0","27.96","","1.0","0","44","pm25","83","26","2","48","6","2","0","Good","14.1753","20.2273","43.16","0","","","","44.0","44.0","43.0","43.0","44.0","0.0","43.5","43.12","44.0","0.0","0.1667","0.0417","44","0","83","83","0","0","0"
"2026-05-01T04:00:00+00:00","Lahore","4","4","5","121","0.866025","0.5","0.5","-0.866025","0.871706","-0.490029","0","0","1","1","29.8","45","7.7","141","23.4","1005.0","0","16.5","0","","0.0","0.0","30.06","","1.1","0","44","pm25","83","26","2","48","6","2","0","Good","15.6299","17.5","37.35","0","","","","44.0","44.0","43.0","43.0","44.0","0.0","43.67","43.17","44.0","0.0","0.1667","0.0417","44","0","83","83","0","0","0"
"2026-05-01T05:00:00+00:00","Lahore","5","4","5","121","0.965926","0.258819","0.5","-0.866025","0.871706","-0.490029","0","0","1","1","32.0","39","6.4","126","22.7","1004.9","0","16.3","0","","0.0","0.0","32.1","","2.0","0","44","pm25","83","26","2","48","6","2","0","Good","18.0266","14.5455","32.37","0","","","","44.0","44.0","43.0","43.0","44.0","0.0","43.83","43.21","44.0","0.0","0.1667","0.0417","44","0","83","83","0","0","0"
"2026-05-01T06:00:00+00:00","Lahore","6","4","5","121","1.0","0.0","0.5","-0.866025","0.871706","-0.490029","0","0","0","1","32.8","34","3.3","135","21.6","1004.8","0","14.9","0","","0.0","0.0","32.36","","2.7","0","44","pm25","83","26","2","48","6","2","0","Good","33.703","7.5","28.22","0","","","","44.0","44.0","44.0","43.0","44.0","0.0","44.0","43.25","44.0","0.0","0.0","0.0417","44","0","83","83","0","0","0"
"2026-05-01T07:00:00+00:00","Lahore","7","4","5","121","0.965926","-0.258819","0.5","-0.866025","0.871706","-0.490029","0","1","0","1","35.0","28","0.6","72","16.6","1004.2","0","13.6","16","","0.0","0.0","34.27","","3.3","0","44","pm25","83","26","2","48","6","2","0","Good","177.0667","1.3636","23.24","0","","","","44.0","44.0","44.0","43.0","44.0","0.0","44.0","43.29","44.0","0.0","0.0","0.0417","44","0","83","83","0","0","0"
"2026-05-01T08:00:00+00:00","Lahore","8","4","5","121","0.866025","-0.5","0.5","-0.866025","0.871706","-0.490029","0","1","0","1","35.8","25","2.4","27","17.6","1003.2","0","12.8","21","","0.0","0.0","34.78","","2.3","1","44","pm25","83","26","2","48","6","2","0","Good","43.2292","5.4545","20.75","0","","","","44.0","44.0","44.0","43.0","44.0","0.0","44.0","43.33","44.0","0.0","0.0","0.0417","44","0","83","83","0","0","0"
"2026-05-01T09:00:00+00:00","Lahore","9","4","5","121","0.707107","-0.707107","0.5","-0.866025","0.871706","-0.490029","0","1","0","1","36.3","23","4.7","28","20.5","1002.0","0","12.1","22","","0.0","0.0","35.06","","1.3","1","44","pm25","83","26","2","48","6","2","0","Good","21.7213","10.6818","19.09","0","","","","44.0","44.0","44.0","43.0","44.0","0.0","44.0","43.38","44.0","0.0","0.0","0.0417","44","0","83","83","0","0","0"
"2026-05-01T10:00:00+00:00","Lahore","10","4","5","121","0.5","-0.866025","0.5","-0.866025","0.871706","-0.490029","0","0","0","1","36.5","23","5.7","18","21.6","1001.0","0","11.8","48","","0.0","0.0","35.32","","0.1","1","44","pm25","83","26","2","48","6","2","0","Good","17.9105","12.9545","19.09","0","","","","44.0","44.0","44.0","43.0","44.0","0.0","44.0","43.42","44.0","0.0","0.0","0.0417","44","0","83","83","0","0","0"
"2026-05-01T11:00:00+00:00","Lahore","11","4","5","121","0.258819","-0.965926","0.5","-0.866025","0.871706","-0.490029","0","0","0","1","36.3","21","6.6","22","22.7","1000.2","0","10.9","70","","0.0","0.0","34.71","","-0.7","2","44","pm25","83","26","2","48","6","2","0","Good","15.2167","15.0","17.43","0","","","","44.0","44.0","44.0","43.0","44.0","0.0","44.0","43.46","44.0","0.0","0.0","0.0417","44","0","83","83","0","0","0"
"2026-05-01T12:00:00+00:00","Lahore","12","4","5","121","0.0","-1.0","0.5","-0.866025","0.871706","-0.490029","0","0","0","1","36.2","19","6.2","83","23.8","1000.0","0","9.0","45","","0.0","0.0","34.28","","-1.2","1","44","pm25","83","26","2","48","6","2","0","Good","15.9306","14.0909","15.77","0","","","","44.0","44.0","44.0","43.0","44.0","0.0","44.0","43.5","44.0","0.0","0.0","0.0417","44","0","83","83","0","0","0"
"2026-05-01T13:00:00+00:00","Lahore","13","4","5","121","-0.258819","-0.965926","0.5","-0.866025","0.871706","-0.490029","0","0","0","1","34.7","23","10.7","44","23.4","1000.1","0","10.6","1","","0.0","0.0","33.08","","-1.4","0","44","pm25","83","26","2","48","6","2","0","Good","9.5411","24.3182","19.09","0","","","","44.0","44.0","44.0","43.0","44.0","0.0","44.0","43.54","44.0","0.0","0.0","0.0417","44","0","83","83","0","0","0"
"2026-05-01T14:00:00+00:00","Lahore","14","4","5","121","-0.5","-0.866025","0.5","-0.866025","0.871706","-0.490029","0","0","0","1","32.8","26","7.6","19","22.7","1000.8","0","10.6","3","","0.0","0.0","31.27","","-1.0","0","44","pm25","83","26","2","48","6","2","0","Good","13.7605","17.2727","21.58","0","","","","44.0","44.0","44.0","43.0","44.0","0.0","44.0","43.58","44.0","0.0","0.0","0.0417","44","0","83","83","0","0","0"
"2026-05-01T15:00:00+00:00","Lahore","15","4","5","121","-0.707107","-0.707107","0.5","-0.866025","0.871706","-0.490029","0","0","0","1","31.9","25","4.2","340","14.8","1001.1","0","9.6","7","","0.0","0.0","30.22","","-0.7","0","44","pm25","83","26","2","48","6","2","0","Good","24.7024","9.5455","20.75","0","","","","44.0","44.0","44.0","43.0","44.0","0.0","44.0","43.62","44.0","0.0","0.0","0.0417","44","0","83","83","0","0","0"
"2026-05-01T16:00:00+00:00","Lahore","16","4","5","121","-0.866025","-0.5","0.5","-0.866025","0.871706","-0.490029","0","0","0","1","31.0","27","3.6","333","7.9","1001.5","0","9.9","0","","0.0","0.0","29.48","","-0.5","0","44","pm25","83","26","2","48","6","2","0","Good","29.2806","8.1818","22.41","0","","","","44.0","44.0","44.0","43.0","44.0","0.0","44.0","43.67","44.0","0.0","0.0","0.0417","44","0","83","83","0","0","0"
"2026-05-01T17:00:00+00:00","Lahore","17","4","5","121","-0.965926","-0.258819","0.5","-0.866025","0.871706","-0.490029","0","1","0","1","29.7","29","4.2","7","7.6","1001.8","0","9.9","0","","0.0","0.0","28.41","","-0.6","0","44","pm25","83","26","2","48","6","2","0","Good","25.4929","9.5455","24.07","0","","","","44.0","44.0","44.0","43.0","44.0","0.0","44.0","43.71","44.0","0.0","0.0","0.0417","44","0","83","83","0","0","0"
"2026-05-01T18:00:00+00:00","Lahore","18","4","5","121","-1.0","-0.0","0.5","-0.866025","0.871706","-0.490029","0","1","0","1","28.5","37","5.6","21","13.7","1001.9","0","12.4","0","","0.0","0.0","27.9","","0.0","0","44","pm25","83","26","2","48","6","2","0","Good","20.3054","12.7273","30.71","0","","","","44.0","44.0","44.0","43.0","44.0","0.0","44.0","43.75","44.0","0.0","0.0","0.0417","44","0","83","83","0","0","0"
"2026-05-01T19:00:00+00:00","Lahore","19","4","5","121","-0.965926","0.258819","0.5","-0.866025","0.871706","-0.490029","0","1","0","1","28.1","42","7.1","47","13.0","1001.8","0","14.2","0","","0.0","0.0","27.9","","0.4","0","44","pm25","83","26","2","48","6","2","0","Good","16.6","16.1364","34.86","0","","","","44.0","44.0","44.0","43.0","44.0","0.0","44.0","43.79","44.0","0.0","0.0","0.0417","44","0","83","83","0","0","0"
"2026-05-01T20:00:00+00:00","Lahore","20","4","5","121","-0.866025","0.5","0.5","-0.866025","0.871706","-0.490029","0","0","0","1","27.5","45","6.5","60","13.0","1001.4","0","14.6","0","","0.0","0.0","27.56","","0.6","0","44","pm25","83","26","2","48","6","2","0","Good","18.5154","14.7727","37.35","0","","","","44.0","44.0","44.0","43.0","44.0","0.0","44.0","43.83","44.0","0.0","0.0","0.0417","44","0","83","83","0","0","0"
"2026-05-01T21:00:00+00:00","Lahore","21","4","5","121","-0.707107","0.707107","0.5","-0.866025","0.871706","-0.490029","0","0","0","1","26.4","49","4.4","52","11.5","1001.2","0","14.9","0","","0.0","0.0","","","1.0","0","44","pm25","83","26","2","48","6","2","0","Good","28.1068","10.0","40.67","0","","","","44.0","44.0","44.0","43.0","44.0","0.0","44.0","43.88","44.0","0.0","0.0","0.0417","44","0","83","83","0","0","0"
"2026-05-01T22:00:00+00:00","Lahore","22","4","5","121","-0.5","0.866025","0.5","-0.866025","0.871706","-0.490029","0","0","1","1","25.4","53","3.8","121","7.6","1001.1","0","15.2","0","","0.0","0.0","","","1.1","0","44","pm25","83","26","2","48","6","2","0","Good","33.4184","8.6364","43.99","0","","","","44.0","44.0","44.0","43.0","44.0","0.0","44.0","43.92","44.0","0.0","0.0","0.0417","44","0","83","83","0","0","0"
"2026-05-01T23:00:00+00:00","Lahore","23","4","5","121","-0.258819","0.965926","0.5","-0.866025","0.871706","-0.490029","0","0","1","1","24.6","56","4.2","140","6.5","1000.9","0","15.2","0","","0.0","0.0","","","1.2","0","44","pm25","83","26","2","48","6","2","0","Good","30.8286","9.5455","46.48","0","","","","44.0","44.0","44.0","43.0","44.0","0.0","44.0","43.96","44.0","0.0","0.0","0.0417","44","0","83","83","0","0","0"
"2026-05-02T00:00:00+00:00","Lahore","0","5","5","122","0.0","1.0","0.5","-0.866025","0.863142","-0.504961","1","0","1","1","25.0","49","2.7","58","6.5","1001.0","0","13.7","2","","0.0","0.0","","","0.8","0","50","pm25","63","35","16","47","6","0","0","Good","34.7667","5.4","30.87","0","","","","44.0","44.0","44.0","44.0","44.0","0.0","44.0","44.0","44.0","0.0","0.0","0.0","50","0","63","63","0","0","0"
"2026-05-02T01:00:00+00:00","Lahore","1","5","5","122","0.258819","0.965926","0.5","-0.866025","0.863142","-0.504961","1","0","1","1","25.4","49","6.6","74","10.8","1001.4","0","13.9","1","","0.0","0.0","","","0.3","0","50","pm25","63","35","16","47","6","0","0","Good","14.2227","13.2","30.87","0","","","","50.0","44.0","44.0","44.0","46.0","2.83","45.0","44.25","50.0","6.0","1.0","0.25","50","0","63","63","0","0","1"
"2026-05-02T02:00:00+00:00","Lahore","2","5","5","122","0.5","0.866025","0.5","-0.866025","0.863142","-0.504961","1","0","1","1","27.1","46","3.8","109","11.9","1002.1","0","14.6","0","","0.0","0.0","27.27","","0.9","0","50","pm25","63","35","16","47","6","0","0","Good","24.2053","7.6","28.98","0","","","","50.0","44.0","44.0","44.0","48.0","2.83","46.0","44.5","50.0","0.0","1.0","0.25","50","0","63","63","0","0","0"
"2026-05-02T03:00:00+00:00","Lahore","3","5","5","122","0.707107","0.707107","0.5","-0.866025","0.863142","-0.504961","1","0","1","1","30.3","39","2.4","132","11.5","1002.6","0","14.9","0","","0.0","0.0","29.92","","1.3","0","50","pm25","63","35","16","47","6","0","0","Good","36.4875","4.8","24.57","0","","","","50.0","50.0","44.0","44.0","50.0","0.0","47.0","44.75","50.0","0.0","1.0","0.25","50","0","63","63","0","0","0"
"2026-05-02T04:00:00+00:00","Lahore","4","5","5","122","0.866025","0.5","0.5","-0.866025","0.863142","-0.504961","1","0","1","1","33.5","31","2.4","153","13.7","1002.9","0","14.0","0","","0.0","0.0","32.79","","0.9","0","50","pm25","63","35","16","47","6","0","0","Good","34.3875","4.8","19.53","0","","","","50.0","50.0","44.0","44.0","50.0","0.0","48.0","45.0","50.0","0.0","1.0","0.25","50","0","63","63","0","0","0"
"2026-05-02T05:00:00+00:00","Lahore","5","5","5","122","0.965926","0.258819","0.5","-0.866025","0.863142","-0.504961","1","0","1","1","35.6","23","1.8","174","15.8","1002.7","0","11.6","0","","0.0","0.0","34.17","","1.1","0","50","pm25","63","35","16","47","6","0","0","Good","43.05","3.6","14.49","0","","","","50.0","50.0","44.0","44.0","50.0","0.0","49.0","45.25","50.0","0.0","1.0","0.25","50","0","63","63","0","0","0"
"2026-05-02T06:00:00+00:00","Lahore","6","5","5","122","1.0","0.0","0.5","-0.866025","0.863142","-0.504961","1","0","0","1","35.3","23","2.0","5","15.8","1002.7","0","10.9","2","","0.0","0.0","33.8","","1.7","0","50","pm25","63","35","16","47","6","0","0","Good","38.745","4.0","14.49","0","","","","50.0","50.0","50.0","44.0","50.0","0.0","50.0","45.5","50.0","0.0","0.0","0.25","50","0","63","63","0","0","0"
"2026-05-02T07:00:00+00:00","Lahore","7","5","5","122","0.965926","-0.258819","0.5","-0.866025","0.863142","-0.504961","1","1","0","1","37.1","20","3.1","21","19.4","1002.1","0","10.4","20","","0.0","0.0","35.52","","1.7","1","50","pm25","63","35","16","47","6","0","0","Good","24.3871","6.2","12.6","0","","","","50.0","50.0","50.0","44.0","50.0","0.0","50.0","45.75","50.0","0.0","0.0","0.25","50","0","63","63","0","0","0"
"2026-05-02T08:00:00+00:00","Lahore","8","5","5","122","0.866025","-0.5","0.5","-0.866025","0.863142","-0.504961","1","1","0","1","37.8","19","5.0","15","22.0","1001.0","0","10.3","11","","0.0","0.0","36.2","","1.2","0","50","pm25","63","35","16","47","6","0","0","Good","14.994","10.0","11.97","0","","","","50.0","50.0","50.0","44.0","50.0","0.0","50.0","46.0","50.0","0.0","0.0","0.25","50","0","63","63","0","0","0"
"2026-05-02T09:00:00+00:00","Lahore","9","5","5","122","0.707107","-0.707107","0.5","-0.866025","0.863142","-0.504961","1","1","0","1","38.2","19","6.5","13","23.8","999.9","0","10.1","6","","0.0","0.0","36.7","","0.5","0","50","pm25","63","35","16","47","6","0","0","Good","11.5338","13.0","11.97","0","","","","50.0","50.0","50.0","44.0","50.0","0.0","50.0","46.25","50.0","0.0","0.0","0.25","50","0","63","63","0","0","0"
"2026-05-02T10:00:00+00:00","Lahore","10","5","5","122","0.5","-0.866025","0.5","-0.866025","0.863142","-0.504961","1","0","0","1","38.3","18","5.1","356","23.8","998.9","0","9.9","23","","0.0","0.0","36.62","","-0.2","1","50","pm25","63","35","16","47","6","0","0","Good","14.5765","10.2","11.34","0","","","","50.0","50.0","50.0","44.0","50.0","0.0","50.0","46.5","50.0","0.0","0.0","0.25","50","0","63","63","0","0","0"
"2026-05-02T11:00:00+00:00","Lahore","11","5","5","122","0.258819","-0.965926","0.5","-0.866025","0.863142","-0.504961","1","0","0","1","38.2","18","3.8","315","21.6","998.1","0","9.9","43","","0.0","0.0","36.49","","-0.6","1","50","pm25","63","35","16","47","6","0","0","Good","19.5632","7.6","11.34","0","","","","50.0","50.0","50.0","44.0","50.0","0.0","50.0","46.75","50.0","0.0","0.0","0.25","50","0","63","63","0","0","0"
"2026-05-02T12:00:00+00:00","Lahore","12","5","5","122","0.0","-1.0","0.5","-0.866025","0.863142","-0.504961","1","0","0","1","37.9","13","2.8","281","18.0","997.2","0","5.2","27","","0.0","0.0","35.32","","-1.6","1","50","pm25","63","35","16","47","6","0","0","Good","25.425","5.6","8.19","0","","","","50.0","50.0","50.0","44.0","50.0","0.0","50.0","47.0","50.0","0.0","0.0","0.25","50","0","63","63","0","0","0"
"2026-05-02T13:00:00+00:00","Lahore","13","5","5","122","-0.258819","-0.965926","0.5","-0.866025","0.863142","-0.504961","1","0","0","1","36.4","18","6.9","39","15.5","997.4","0","8.3","8","","0.0","0.0","34.37","","-1.5","0","50","pm25","63","35","16","47","6","0","0","Good","10.7739","13.8","11.34","0","","","","50.0","50.0","50.0","44.0","50.0","0.0","50.0","47.25","50.0","0.0","0.0","0.25","50","0","63","63","0","0","0"
"2026-05-02T14:00:00+00:00","Lahore","14","5","5","122","-0.5","-0.866025","0.5","-0.866025","0.863142","-0.504961","1","0","0","1","34.1","23","5.9","45","14.8","998.3","0","10.4","1","","0.0","0.0","32.39","","-0.7","0","50","pm25","63","35","16","47","6","0","0","Good","13.1339","11.8","14.49","0","","","","50.0","50.0","50.0","44.0","50.0","0.0","50.0","47.5","50.0","0.0","0.0","0.25","50","0","63","63","0","0","0"
"2026-05-02T15:00:00+00:00","Lahore","15","5","5","122","-0.707107","-0.707107","0.5","-0.866025","0.863142","-0.504961","1","0","0","1","33.2","23","4.8","63","10.8","998.5","0","9.4","2","","0.0","0.0","31.39","","-0.9","0","50","pm25","63","35","16","47","6","0","0","Good","16.1438","9.6","14.49","0","","","","50.0","50.0","50.0","44.0","50.0","0.0","50.0","47.75","50.0","0.0","0.0","0.25","50","0","63","63","0","0","0"
"2026-05-02T16:00:00+00:00","Lahore","16","5","5","122","-0.866025","-0.5","0.5","-0.866025","0.863142","-0.504961","1","0","0","1","32.3","24","7.4","64","11.5","999.1","0","9.1","2","","0.0","0.0","30.54","","-1.3","0","50","pm25","63","35","16","47","6","0","0","Good","10.5568","14.8","15.12","0","","","","50.0","50.0","50.0","44.0","50.0","0.0","50.0","48.0","50.0","0.0","0.0","0.25","50","0","63","63","0","0","0"
"2026-05-02T17:00:00+00:00","Lahore","17","5","5","122","-0.965926","-0.258819","0.5","-0.866025","0.863142","-0.504961","1","1","0","1","30.6","27","10.8","79","20.5","999.5","0","9.6","0","","0.0","0.0","29.1","","-1.6","0","50","pm25","63","35","16","47","6","0","0","Good","7.4083","21.6","17.01","0","","","","50.0","50.0","50.0","44.0","50.0","0.0","50.0","48.25","50.0","0.0","0.0","0.25","50","0","63","63","0","0","0"
"2026-05-02T18:00:00+00:00","Lahore","18","5","5","122","-1.0","-0.0","0.5","-0.866025","0.863142","-0.504961","1","1","0","1","29.5","33","9.7","45","20.9","999.5","0","11.4","0","","0.0","0.0","28.51","","-0.9","0","50","pm25","63","35","16","47","6","0","0","Good","8.6381","19.4","20.79","0","","","","50.0","50.0","50.0","44.0","50.0","0.0","50.0","48.5","50.0","0.0","0.0","0.25","50","0","63","63","0","0","0"
"2026-05-02T19:00:00+00:00","Lahore","19","5","5","122","-0.965926","0.258819","0.5","-0.866025","0.863142","-0.504961","1","1","0","1","29.0","37","10.7","61","20.9","999.4","0","12.7","0","","0.0","0.0","28.35","","-0.7","0","50","pm25","63","35","16","47","6","0","0","Good","8.0664","21.4","23.31","0","","","","50.0","50.0","50.0","44.0","50.0","0.0","50.0","48.75","50.0","0.0","0.0","0.25","50","0","63","63","0","0","0"
"2026-05-02T20:00:00+00:00","Lahore","20","5","5","122","-0.866025","0.5","0.5","-0.866025","0.863142","-0.504961","1","0","0","1","28.5","38","10.5","63","20.9","999.0","0","12.8","8","","0.0","0.0","27.97","","-0.6","0","50","pm25","63","35","16","47","6","0","0","Good","8.28","21.0","23.94","0","","","","50.0","50.0","50.0","44.0","50.0","0.0","50.0","49.0","50.0","0.0","0.0","0.25","50","0","63","63","0","0","0"
"2026-05-02T21:00:00+00:00","Lahore","21","5","5","122","-0.707107","0.707107","0.5","-0.866025","0.863142","-0.504961","1","0","0","1","27.2","42","2.4","36","19.8","1000.1","0","13.1","27","","0.0","0.0","27.12","","0.7","1","50","pm25","63","35","16","47","6","0","0","Good","37.275","4.8","26.46","0","","","","50.0","50.0","50.0","44.0","50.0","0.0","50.0","49.25","50.0","0.0","0.0","0.25","50","0","63","63","0","0","0"
"2026-05-02T22:00:00+00:00","Lahore","22","5","5","122","-0.5","0.866025","0.5","-0.866025","0.863142","-0.504961","1","0","1","1","26.6","43","6.3","18","14.0","999.9","0","13.1","1","","0.0","0.0","","","0.1","0","50","pm25","63","35","16","47","6","0","0","Good","14.3","12.6","27.09","0","","","","50.0","50.0","50.0","44.0","50.0","0.0","50.0","49.5","50.0","0.0","0.0","0.25","50","0","63","63","0","0","0"
"2026-05-02T23:00:00+00:00","Lahore","23","5","5","122","-0.258819","0.965926","0.5","-0.866025","0.863142","-0.504961","1","0","1","1","26.0","46","6.1","47","11.9","999.9","0","13.3","31","","0.0","0.0","","","0.1","1","50","pm25","63","35","16","47","6","0","0","Good","15.0787","12.2","28.98","0","","","","50.0","50.0","50.0","44.0","50.0","0.0","50.0","49.75","50.0","0.0","0.0","0.25","50","0","63","63","0","0","0"
"2026-05-03T00:00:00+00:00","Lahore","0","6","5","123","0.0","1.0","0.5","-0.866025","0.854322","-0.519744","1","0","1","1","23.8","57","21.0","20","19.4","1003.0","0","14.7","97","","0.0","0.0","","","-1.5","3","40","pm25","75","16","13","59","3","2","0","Good","5.6071","52.5","42.75","0","","","","50.0","50.0","50.0","50.0","50.0","0.0","50.0","50.0","50.0","0.0","0.0","0.0","40","0","75","75","0","0","0"
"2026-05-03T01:00:00+00:00","Lahore","1","6","5","123","0.258819","0.965926","0.5","-0.866025","0.854322","-0.519744","1","0","1","1","23.5","59","15.9","45","49.7","1002.9","0","15.0","18","","0.0","0.0","","","-0.7","0","40","pm25","75","16","13","59","3","2","0","Good","7.5","39.75","44.25","0","","","","40.0","50.0","50.0","50.0","46.67","4.71","48.33","49.58","50.0","-10.0","-1.6667","-0.4167","40","0","75","75","0","0","-1"
"2026-05-03T02:00:00+00:00","Lahore","2","6","5","123","0.5","0.866025","0.5","-0.866025","0.854322","-0.519744","1","0","1","1","24.8","55","13.5","65","33.1","1002.7","0","15.0","2","","0.0","0.0","","","-0.3","0","40","pm25","75","16","13","59","3","2","0","Good","8.6111","33.75","41.25","0","","","","40.0","50.0","50.0","50.0","43.33","4.71","46.67","49.17","50.0","0.0","-1.6667","-0.4167","40","0","75","75","0","0","0"
"2026-05-03T03:00:00+00:00","Lahore","3","6","5","123","0.707107","0.707107","0.5","-0.866025","0.854322","-0.519744","1","0","1","1","27.0","48","16.5","84","35.6","1002.9","0","15.1","0","","0.0","0.0","","","-0.7","0","40","pm25","75","16","13","59","3","2","0","Good","6.7273","41.25","36.0","0","","","","40.0","40.0","50.0","50.0","40.0","0.0","45.0","48.75","50.0","0.0","-1.6667","-0.4167","40","0","75","75","0","0","0"
"2026-05-03T04:00:00+00:00","Lahore","4","6","5","123","0.866025","0.5","0.5","-0.866025","0.854322","-0.519744","1","0","1","1","29.3","41","17.6","98","41.0","1003.2","0","14.8","0","","0.0","0.0","29.01","","-1.0","0","40","pm25","75","16","13","59","3","2","0","Good","6.0085","44.0","30.75","0","","","","40.0","40.0","50.0","50.0","40.0","0.0","43.33","48.33","50.0","0.0","-1.6667","-0.4167","40","0","75","75","0","0","0"
"2026-05-03T05:00:00+00:00","Lahore","5","6","5","123","0.965926","0.258819","0.5","-0.866025","0.854322","-0.519744","1","0","1","1","31.9","34","19.5","110","45.0","1003.0","0","13.9","0","","0.0","0.0","31.2","","-0.9","0","40","pm25","75","16","13","59","3","2","0","Good","5.1538","48.75","25.5","0","","","","40.0","40.0","50.0","50.0","40.0","0.0","41.67","47.92","50.0","0.0","-1.6667","-0.4167","40","0","75","75","0","0","0"
"2026-05-03T06:00:00+00:00","Lahore","6","6","5","123","1.0","0.0","0.5","-0.866025","0.854322","-0.519744","1","0","0","1","31.4","33","18.6","113","45.4","1003.8","0","13.4","34","","0.0","0.0","30.48","","-0.4","1","40","pm25","75","16","13","59","3","2","0","Good","5.3629","46.5","24.75","0","","","","40.0","40.0","40.0","50.0","40.0","0.0","40.0","47.5","50.0","0.0","0.0","-0.4167","40","0","75","75","0","0","0"
"2026-05-03T07:00:00+00:00","Lahore","7","6","5","123","0.965926","-0.258819","0.5","-0.866025","0.854322","-0.519744","1","1","0","1","32.7","32","17.4","117","43.9","1003.9","0","13.8","48","","0.0","0.0","31.91","","-0.2","1","40","pm25","75","16","13","59","3","2","0","Good","5.6897","43.5","24.0","0","","","","40.0","40.0","40.0","50.0","40.0","0.0","40.0","47.08","50.0","0.0","0.0","-0.4167","40","0","75","75","0","0","0"
"2026-05-03T08:00:00+00:00","Lahore","8","6","5","123","0.866025","-0.5","0.5","-0.866025","0.854322","-0.519744","1","1","0","1","34.0","30","13.9","121","41.8","1003.6","0","13.9","19","","0.0","0.0","33.29","","0.5","0","40","pm25","75","16","13","59","3","2","0","Good","7.0144","34.75","22.5","0","","","","40.0","40.0","40.0","50.0","40.0","0.0","40.0","46.67","50.0","0.0","0.0","-0.4167","40","0","75","75","0","0","0"
"2026-05-03T09:00:00+00:00","Lahore","9","6","5","123","0.707107","-0.707107","0.5","-0.866025","0.854322","-0.519744","1","1","0","1","33.4","28","5.7","189","34.9","1003.8","0","12.4","73","","0.0","0.0","32.21","","0.8","2","40","pm25","75","16","13","59","3","2","0","Good","16.8421","14.25","21.0","0","","","","40.0","40.0","40.0","50.0","40.0","0.0","40.0","46.25","50.0","0.0","0.0","-0.4167","40","0","75","75","0","0","0"
"2026-05-03T10:00:00+00:00","Lahore","10","6","5","123","0.5","-0.866025","0.5","-0.866025","0.854322","-0.519744","1","0","0","1","33.5","28","7.0","93","22.3","1002.7","0","12.6","77","","0.0","0.0","32.33","","-0.2","2","40","pm25","75","16","13","59","3","2","0","Good","13.7143","17.5","21.0","0","","","","40.0","40.0","40.0","50.0","40.0","0.0","40.0","45.83","50.0","0.0","0.0","-0.4167","40","0","75","75","0","0","0"
"2026-05-03T11:00:00+00:00","Lahore","11","6","5","123","0.258819","-0.965926","0.5","-0.866025","0.854322","-0.519744","1","0","0","1","33.3","28","10.2","138","27.4","1002.1","0","12.3","98","","0.0","0.0","32.09","","-0.8","3","40","pm25","75","16","13","59","3","2","0","Good","9.4118","25.5","21.0","0","","","","40.0","40.0","40.0","50.0","40.0","0.0","40.0","45.42","50.0","0.0","0.0","-0.4167","40","0","75","75","0","0","0"
"2026-05-03T12:00:00+00:00","Lahore","12","6","5","123","0.0","-1.0","0.5","-0.866025","0.854322","-0.519744","1","0","0","1","31.4","34","4.2","175","25.6","1002.2","0","13.6","77","","0.0","0.0","30.6","","0.5","2","40","pm25","75","16","13","59","3","2","0","Good","23.9286","10.5","25.5","0","","","","40.0","40.0","40.0","50.0","40.0","0.0","40.0","45.0","50.0","0.0","0.0","-0.4167","40","0","75","75","0","0","0"
"2026-05-03T13:00:00+00:00","Lahore","13","6","5","123","-0.258819","-0.965926","0.5","-0.866025","0.854322","-0.519744","1","0","0","1","31.0","34","15.3","36","34.2","1001.6","0","13.2","74","","0.0","0.0","30.14","","-1.3","2","40","pm25","75","16","13","59","3","2","0","Good","6.5686","38.25","25.5","0","","","","40.0","40.0","40.0","50.0","40.0","0.0","40.0","44.58","50.0","0.0","0.0","-0.4167","40","0","75","75","0","0","0"
"2026-05-03T14:00:00+00:00","Lahore","14","6","5","123","-0.5","-0.866025","0.5","-0.866025","0.854322","-0.519744","1","0","0","1","29.1","39","8.9","66","34.2","1001.6","0","13.8","20","","0.0","0.0","28.62","","0.0","1","40","pm25","75","16","13","59","3","2","0","Good","11.7135","22.25","29.25","0","","","","40.0","40.0","40.0","50.0","40.0","0.0","40.0","44.17","50.0","0.0","0.0","-0.4167","40","0","75","75","0","0","0"
"2026-05-03T15:00:00+00:00","Lahore","15","6","5","123","-0.707107","-0.707107","0.5","-0.866025","0.854322","-0.519744","1","0","0","1","28.5","42","7.8","124","17.3","1003.0","0","14.4","100","","0.0","0.0","28.28","","0.3","3","40","pm25","75","16","13","59","3","2","0","Good","13.6538","19.5","31.5","0","","","","40.0","40.0","40.0","50.0","40.0","0.0","40.0","43.75","50.0","0.0","0.0","-0.4167","40","0","75","75","0","0","0"
"2026-05-03T16:00:00+00:00","Lahore","16","6","5","123","-0.866025","-0.5","0.5","-0.866025","0.854322","-0.519744","1","0","0","1","28.2","42","8.9","115","16.2","1003.7","0","14.3","16","","0.0","0.0","27.99","","0.1","0","40","pm25","75","16","13","59","3","2","0","Good","11.9663","22.25","31.5","0","","","","40.0","40.0","40.0","50.0","40.0","0.0","40.0","43.33","50.0","0.0","0.0","-0.4167","40","0","75","75","0","0","0"
"2026-05-03T17:00:00+00:00","Lahore","17","6","5","123","-0.965926","-0.258819","0.5","-0.866025","0.854322","-0.519744","1","1","0","1","28.0","42","8.8","90","16.6","1003.7","0","13.9","2","","0.0","0.0","27.8","","-0.1","0","40","pm25","75","16","13","59","3","2","0","Good","12.1023","22.0","31.5","0","","","","40.0","40.0","40.0","50.0","40.0","0.0","40.0","42.92","50.0","0.0","0.0","-0.4167","40","0","75","75","0","0","0"
"2026-05-03T18:00:00+00:00","Lahore","18","6","5","123","-1.0","-0.0","0.5","-0.866025","0.854322","-0.519744","1","1","0","1","26.7","47","12.0","17","17.6","1002.8","0","14.4","14","","0.0","0.0","","","-0.3","0","40","pm25","75","16","13","59","3","2","0","Good","9.1875","30.0","35.25","0","","","","40.0","40.0","40.0","50.0","40.0","0.0","40.0","42.5","50.0","0.0","0.0","-0.4167","40","0","75","75","0","0","0"
"2026-05-03T19:00:00+00:00","Lahore","19","6","5","123","-0.965926","0.258819","0.5","-0.866025","0.854322","-0.519744","1","1","0","1","27.0","43","7.4","6","27.7","1002.6","0","13.2","100","","0.0","0.0","","","-0.1","3","40","pm25","75","16","13","59","3","2","0","Good","14.4932","18.5","32.25","0","","","","40.0","40.0","40.0","50.0","40.0","0.0","40.0","42.08","50.0","0.0","0.0","-0.4167","40","0","75","75","0","0","0"
"2026-05-03T20:00:00+00:00","Lahore","20","6","5","123","-0.866025","0.5","0.5","-0.866025","0.854322","-0.519744","1","0","0","1","23.3","62","14.3","129","41.0","1003.8","0","15.6","72","","0.1","0.1","","","-0.2","51","40","pm25","75","16","13","59","3","2","0","Good","8.4965","35.75","46.5","0","","","","40.0","40.0","40.0","50.0","40.0","0.0","40.0","41.67","50.0","0.0","0.0","-0.4167","40","0","75","75","0","0","0"
"2026-05-03T21:00:00+00:00","Lahore","21","6","5","123","-0.707107","0.707107","0.5","-0.866025","0.854322","-0.519744","1","0","0","1","23.3","63","13.5","142","24.8","1003.0","0","15.8","50","","0.0","0.0","","","0.0","2","40","pm25","75","16","13","59","3","2","0","Good","9.0556","33.75","47.25","0","","","","40.0","40.0","40.0","50.0","40.0","0.0","40.0","41.25","50.0","0.0","0.0","-0.4167","40","0","75","75","0","0","0"
"2026-05-03T22:00:00+00:00","Lahore","22","6","5","123","-0.5","0.866025","0.5","-0.866025","0.854322","-0.519744","1","0","1","1","23.8","62","6.6","131","21.6","1003.2","0","15.9","27","","0.0","0.0","","","1.0","1","40","pm25","75","16","13","59","3","2","0","Good","18.4091","16.5","46.5","0","","","","40.0","40.0","40.0","50.0","40.0","0.0","40.0","40.83","50.0","0.0","0.0","-0.4167","40","0","75","75","0","0","0"
"2026-05-03T23:00:00+00:00","Lahore","23","6","5","123","-0.258819","0.965926","0.5","-0.866025","0.854322","-0.519744","1","0","1","1","23.3","64","5.1","72","10.4","1003.7","0","16.1","2","","0.0","0.0","","","1.4","0","40","pm25","75","16","13","59","3","2","0","Good","24.1176","12.75","48.0","0","","","","40.0","40.0","40.0","50.0","40.0","0.0","40.0","40.42","50.0","0.0","0.0","-0.4167","40","0","75","75","0","0","0"
"2026-05-04T00:00:00+00:00","Lahore","0","0","5","124","0.0","1.0","0.5","-0.866025","0.845249","-0.534373","0","0","1","1","24.5","65","2.9","150","17.3","1003.0","0","17.4","66","","0.0","0.0","","","2.2","2","50","pm25","94","15","11","58","2","1","0","Good","53.4828","5.8","61.1","0","","","","40.0","40.0","40.0","40.0","40.0","0.0","40.0","40.0","40.0","0.0","0.0","0.0","50","0","94","94","0","0","0"
"2026-05-04T01:00:00+00:00","Lahore","1","0","5","124","0.258819","0.965926","0.5","-0.866025","0.845249","-0.534373","0","0","1","1","25.5","53","12.6","95","23.4","1004.4","0","15.4","25","","0.0","0.0","","","0.0","1","50","pm25","94","15","11","58","2","1","0","Good","11.4143","25.2","49.82","0","","","","50.0","40.0","40.0","40.0","43.33","4.71","41.67","40.42","50.0","10.0","1.6667","0.4167","50","0","94","94","0","0","1"
"2026-05-04T02:00:00+00:00","Lahore","2","0","5","124","0.5","0.866025","0.5","-0.866025","0.845249","-0.534373","0","0","1","1","25.9","59","13.2","154","27.0","1005.6","0","17.2","41","","0.0","0.0","","","0.7","1","50","pm25","94","15","11","58","2","1","0","Good","11.3227","26.4","55.46","0","","","","50.0","40.0","40.0","40.0","46.67","4.71","43.33","40.83","50.0","0.0","1.6667","0.4167","50","0","94","94","0","0","0"
"2026-05-04T03:00:00+00:00","Lahore","3","0","5","124","0.707107","0.707107","0.5","-0.866025","0.845249","-0.534373","0","0","1","1","27.1","53","9.9","127","28.8","1006.4","0","16.6","2","","0.0","0.0","27.71","","0.9","0","50","pm25","94","15","11","58","2","1","0","Good","14.5273","19.8","49.82","0","","","","50.0","50.0","40.0","40.0","50.0","0.0","45.0","41.25","50.0","0.0","1.6667","0.4167","50","0","94","94","0","0","0"
"2026-05-04T04:00:00+00:00","Lahore","4","0","5","124","0.866025","0.5","0.5","-0.866025","0.845249","-0.534373","0","0","1","1","29.1","45","10.7","95","27.4","1006.8","0","16.0","9","","0.0","0.0","29.21","","0.5","0","50","pm25","94","15","11","58","2","1","0","Good","12.7383","21.4","42.3","0","","","","50.0","50.0","40.0","40.0","50.0","0.0","46.67","41.67","50.0","0.0","1.6667","0.4167","50","0","94","94","0","0","0"
"2026-05-04T05:00:00+00:00","Lahore","5","0","5","124","0.965926","0.258819","0.5","-0.866025","0.845249","-0.534373","0","0","1","1","30.8","39","15.0","93","36.7","1006.9","0","15.2","42","","0.0","0.0","30.52","","0.2","1","50","pm25","94","15","11","58","2","1","0","Good","8.7107","30.0","36.66","0","","","","50.0","50.0","40.0","40.0","50.0","0.0","48.33","42.08","50.0","0.0","1.6667","0.4167","50","0","94","94","0","0","0"
"2026-05-04T06:00:00+00:00","Lahore","6","0","5","124","1.0","0.0","0.5","-0.866025","0.845249","-0.534373","0","0","0","1","31.6","34","14.6","112","40.7","1006.3","0","14.1","54","","0.0","0.0","30.84","","0.5","2","50","pm25","94","15","11","58","2","1","0","Good","8.6274","29.2","31.96","0","","","","50.0","50.0","50.0","40.0","50.0","0.0","50.0","42.5","50.0","0.0","0.0","0.4167","50","0","94","94","0","0","0"
"2026-05-04T07:00:00+00:00","Lahore","7","0","5","124","0.965926","-0.258819","0.5","-0.866025","0.845249","-0.534373","0","1","0","1","32.7","30","14.8","116","36.7","1005.3","0","12.9","16","","0.0","0.0","31.63","","0.4","0","50","pm25","94","15","11","58","2","1","0","Good","8.2568","29.6","28.2","0","","","","50.0","50.0","50.0","40.0","50.0","0.0","50.0","42.92","50.0","0.0","0.0","0.4167","50","0","94","94","0","0","0"
"2026-05-04T08:00:00+00:00","Lahore","8","0","5","124","0.866025","-0.5","0.5","-0.866025","0.845249","-0.534373","0","1","0","1","33.8","26","14.1","106","37.4","1004.8","0","11.8","70","","0.0","0.0","32.42","","0.2","2","50","pm25","94","15","11","58","2","1","0","Good","8.4","28.2","24.44","0","","","","50.0","50.0","50.0","40.0","50.0","0.0","50.0","43.33","50.0","0.0","0.0","0.4167","50","0","94","94","0","0","0"
"2026-05-04T09:00:00+00:00","Lahore","9","0","5","124","0.707107","-0.707107","0.5","-0.866025","0.845249","-0.534373","0","1","0","1","30.0","32","20.5","66","47.9","1006.2","0","11.6","100","","1.1","1.1","28.91","","-2.4","55","50","pm25","94","15","11","58","2","1","0","Good","6.0527","41.0","30.08","0","","","","50.0","50.0","50.0","40.0","50.0","0.0","50.0","43.75","50.0","0.0","0.0","0.4167","50","0","94","94","0","0","0"
"2026-05-04T10:00:00+00:00","Lahore","10","0","5","124","0.5","-0.866025","0.5","-0.866025","0.845249","-0.534373","0","0","0","1","25.2","58","10.4","293","47.5","1008.0","0","16.3","100","","1.8","1.8","","","0.7","61","50","pm25","94","15","11","58","2","1","0","Good","14.2808","20.8","54.52","0","","","","50.0","50.0","50.0","40.0","50.0","0.0","50.0","44.17","50.0","0.0","0.0","0.4167","50","0","94","94","0","0","0"
"2026-05-04T11:00:00+00:00","Lahore","11","0","5","124","0.258819","-0.965926","0.5","-0.866025","0.845249","-0.534373","0","0","0","1","24.6","67","14.6","176","31.0","1006.7","0","18.0","100","","0.0","0.0","","","0.8","3","50","pm25","94","15","11","58","2","1","0","Good","10.7521","29.2","62.98","0","","","","50.0","50.0","50.0","40.0","50.0","0.0","50.0","44.58","50.0","0.0","0.0","0.4167","50","0","94","94","0","0","0"
"2026-05-04T12:00:00+00:00","Lahore","12","0","5","124","0.0","-1.0","0.5","-0.866025","0.845249","-0.534373","0","0","0","1","28.5","43","9.4","315","31.0","1004.3","0","14.9","100","","0.0","0.0","28.36","","0.3","3","50","pm25","94","15","11","58","2","1","0","Good","14.3","18.8","40.42","0","","","","50.0","50.0","50.0","40.0","50.0","0.0","50.0","45.0","50.0","0.0","0.0","0.4167","50","0","94","94","0","0","0"
"2026-05-04T13:00:00+00:00","Lahore","13","0","5","124","-0.258819","-0.965926","0.5","-0.866025","0.845249","-0.534373","0","0","0","1","25.0","53","25.8","17","49.3","1005.5","0","14.6","48","","0.0","0.0","","","-2.3","1","50","pm25","94","15","11","58","2","1","0","Good","5.5744","51.6","49.82","0","","","","50.0","50.0","50.0","40.0","50.0","0.0","50.0","45.42","50.0","0.0","0.0","0.4167","50","0","94","94","0","0","0"
"2026-05-04T14:00:00+00:00","Lahore","14","0","5","124","-0.5","-0.866025","0.5","-0.866025","0.845249","-0.534373","0","0","0","1","23.1","62","14.6","39","58.0","1005.7","0","15.5","62","","0.0","0.0","","","-0.3","2","50","pm25","94","15","11","58","2","1","0","Good","10.4301","29.2","58.28","0","","","","50.0","50.0","50.0","40.0","50.0","0.0","50.0","45.83","50.0","0.0","0.0","0.4167","50","0","94","94","0","0","0"
"2026-05-04T15:00:00+00:00","Lahore","15","0","5","124","-0.707107","-0.707107","0.5","-0.866025","0.845249","-0.534373","0","0","0","1","22.9","61","9.7","66","28.8","1006.8","0","15.1","100","","0.0","0.0","","","0.3","3","50","pm25","94","15","11","58","2","1","0","Good","15.6021","19.4","57.34","0","","","","50.0","50.0","50.0","40.0","50.0","0.0","50.0","46.25","50.0","0.0","0.0","0.4167","50","0","94","94","0","0","0"
"2026-05-04T16:00:00+00:00","Lahore","16","0","5","124","-0.866025","-0.5","0.5","-0.866025","0.845249","-0.534373","0","0","0","1","23.0","60","9.5","75","18.4","1007.5","0","14.8","100","","0.0","0.0","","","0.2","3","50","pm25","94","15","11","58","2","1","0","Good","15.8316","19.0","56.4","0","","","","50.0","50.0","50.0","40.0","50.0","0.0","50.0","46.67","50.0","0.0","0.0","0.4167","50","0","94","94","0","0","0"
"2026-05-04T17:00:00+00:00","Lahore","17","0","5","124","-0.965926","-0.258819","0.5","-0.866025","0.845249","-0.534373","0","1","0","1","22.8","59","9.8","77","19.1","1008.0","0","14.4","97","","0.0","0.0","","","0.0","3","50","pm25","94","15","11","58","2","1","0","Good","15.251","19.6","55.46","0","","","","50.0","50.0","50.0","40.0","50.0","0.0","50.0","47.08","50.0","0.0","0.0","0.4167","50","0","94","94","0","0","0"
"2026-05-04T18:00:00+00:00","Lahore","18","0","5","124","-1.0","-0.0","0.5","-0.866025","0.845249","-0.534373","0","1","0","1","20.0","89","3.1","114","18.7","1008.7","0","18.0","100","","0.0","0.0","","","2.4","3","50","pm25","94","15","11","58","2","1","0","Good","57.3097","6.2","83.66","0","","","","50.0","50.0","50.0","40.0","50.0","0.0","50.0","47.5","50.0","0.0","0.0","0.4167","50","0","94","94","0","0","0"
"2026-05-04T19:00:00+00:00","Lahore","19","0","5","124","-0.965926","0.258819","0.5","-0.866025","0.845249","-0.534373","0","1","0","1","19.9","85","5.5","79","10.8","1008.2","0","17.2","100","","0.3","0.3","","","1.8","51","50","pm25","94","15","11","58","2","1","0","Good","31.6182","11.0","79.9","0","","","","50.0","50.0","50.0","40.0","50.0","0.0","50.0","47.92","50.0","0.0","0.0","0.4167","50","0","94","94","0","0","0"
"2026-05-04T20:00:00+00:00","Lahore","20","0","5","124","-0.866025","0.5","0.5","-0.866025","0.845249","-0.534373","0","0","0","1","19.9","83","5.1","39","10.1","1008.1","0","17.0","100","","0.4","0.4","","","1.7","51","50","pm25","94","15","11","58","2","1","0","Good","33.7294","10.2","78.02","0","","","","50.0","50.0","50.0","40.0","50.0","0.0","50.0","48.33","50.0","0.0","0.0","0.4167","50","0","94","94","0","0","0"
"2026-05-04T21:00:00+00:00","Lahore","21","0","5","124","-0.707107","0.707107","0.5","-0.866025","0.845249","-0.534373","0","0","0","1","19.9","82","5.4","92","9.0","1008.3","0","16.8","100","","0.0","0.0","","","1.6","3","50","pm25","94","15","11","58","2","1","0","Good","31.6815","10.8","77.08","0","","","","50.0","50.0","50.0","40.0","50.0","0.0","50.0","48.75","50.0","0.0","0.0","0.4167","50","0","94","94","0","0","0"
"2026-05-04T22:00:00+00:00","Lahore","22","0","5","124","-0.5","0.866025","0.5","-0.866025","0.845249","-0.534373","0","0","1","1","19.9","81","8.3","92","13.7","1008.8","0","16.6","100","","0.0","0.0","","","1.1","3","50","pm25","94","15","11","58","2","1","0","Good","20.4988","16.6","76.14","0","","","","50.0","50.0","50.0","40.0","50.0","0.0","50.0","49.17","50.0","0.0","0.0","0.4167","50","0","94","94","0","0","0"
"2026-05-04T23:00:00+00:00","Lahore","23","0","5","124","-0.258819","0.965926","0.5","-0.866025","0.845249","-0.534373","0","0","1","1","19.9","79","5.6","75","15.8","1009.5","0","16.1","26","","0.0","0.0","","","1.3","1","50","pm25","94","15","11","58","2","1","0","Good","30.0464","11.2","74.26","0","","","","50.0","50.0","50.0","40.0","50.0","0.0","50.0","49.58","50.0","0.0","0.0","0.4167","50","0","94","94","0","0","0"
"2026-05-05T00:00:00+00:00","Lahore","0","1","5","125","0.0","1.0","0.5","-0.866025","0.835925","-0.548843","0","0","1","1","20.6","77","8.0","355","12.2","1009.5","0","16.5","11","","0.0","0.0","","","1.1","0","45","pm25","72","31","11","40","6","2","0","Good","15.93","17.7778","55.44","0","","","","50.0","50.0","50.0","50.0","50.0","0.0","50.0","50.0","50.0","0.0","0.0","0.0","45","0","72","72","0","0","0"
"2026-05-05T01:00:00+00:00","Lahore","1","1","5","125","0.258819","0.965926","0.5","-0.866025","0.835925","-0.548843","0","0","1","1","20.6","76","10.8","44","20.5","1010.7","0","16.2","0","","0.0","0.0","","","0.6","0","45","pm25","72","31","11","40","6","2","0","Good","11.7333","24.0","54.72","0","","","","45.0","50.0","50.0","50.0","48.33","2.36","49.17","49.79","50.0","-5.0","-0.8333","-0.2083","45","0","72","72","0","0","0"
"2026-05-05T02:00:00+00:00","Lahore","2","1","5","125","0.5","0.866025","0.5","-0.866025","0.835925","-0.548843","0","0","1","1","21.4","71","12.2","77","30.2","1012.0","0","15.9","1","","0.0","0.0","","","0.2","0","45","pm25","72","31","11","40","6","2","0","Good","10.0918","27.1111","51.12","0","","","","45.0","50.0","50.0","50.0","46.67","2.36","48.33","49.58","50.0","0.0","-0.8333","-0.2083","45","0","72","72","0","0","0"
"2026-05-05T03:00:00+00:00","Lahore","3","1","5","125","0.707107","0.707107","0.5","-0.866025","0.835925","-0.548843","0","0","1","1","22.7","69","7.4","113","24.8","1012.4","0","16.6","2","","0.0","0.0","","","1.2","0","45","pm25","72","31","11","40","6","2","0","Good","16.4432","16.4444","49.68","0","","","","45.0","45.0","50.0","50.0","45.0","0.0","47.5","49.38","50.0","0.0","-0.8333","-0.2083","45","0","72","72","0","0","0"
"2026-05-05T04:00:00+00:00","Lahore","4","1","5","125","0.866025","0.5","0.5","-0.866025","0.835925","-0.548843","0","0","1","1","24.6","67","6.7","124","18.7","1012.2","0","18.1","0","","0.0","0.0","","","2.0","0","45","pm25","72","31","11","40","6","2","0","Good","17.9463","14.8889","48.24","0","","","","45.0","45.0","50.0","50.0","45.0","0.0","46.67","49.17","50.0","0.0","-0.8333","-0.2083","45","0","72","72","0","0","0"
"2026-05-05T05:00:00+00:00","Lahore","5","1","5","125","0.965926","0.258819","0.5","-0.866025","0.835925","-0.548843","0","0","1","1","26.8","62","6.3","156","18.7","1012.1","0","19.0","0","","0.0","0.0","","","3.1","0","45","pm25","72","31","11","40","6","2","0","Good","18.5143","14.0","44.64","0","","","","45.0","45.0","50.0","50.0","45.0","0.0","45.83","48.96","50.0","0.0","-0.8333","-0.2083","45","0","72","72","0","0","0"
"2026-05-05T06:00:00+00:00","Lahore","6","1","5","125","1.0","0.0","0.5","-0.866025","0.835925","-0.548843","0","0","0","1","28.2","51","3.2","199","18.7","1012.3","0","17.0","11","","0.0","0.0","28.77","","3.7","0","45","pm25","72","31","11","40","6","2","0","Good","33.975","7.1111","36.72","0","","","","45.0","45.0","45.0","50.0","45.0","0.0","45.0","48.75","50.0","0.0","0.0","-0.2083","45","0","72","72","0","0","0"
"2026-05-05T07:00:00+00:00","Lahore","7","1","5","125","0.965926","-0.258819","0.5","-0.866025","0.835925","-0.548843","0","1","0","1","29.6","44","1.1","189","19.1","1011.8","0","15.9","9","","0.0","0.0","29.69","","4.0","0","45","pm25","72","31","11","40","6","2","0","Good","94.2545","2.4444","31.68","0","","","","45.0","45.0","45.0","50.0","45.0","0.0","45.0","48.54","50.0","0.0","0.0","-0.2083","45","0","72","72","0","0","0"
"2026-05-05T08:00:00+00:00","Lahore","8","1","5","125","0.866025","-0.5","0.5","-0.866025","0.835925","-0.548843","0","1","0","1","30.6","38","0.2","270","15.8","1011.1","0","14.6","12","","0.0","0.0","30.15","","3.6","0","45","pm25","72","31","11","40","6","2","0","Good","496.8","0.4444","27.36","0","","","","45.0","45.0","45.0","50.0","45.0","0.0","45.0","48.33","50.0","0.0","0.0","-0.2083","45","0","72","72","0","0","0"
"2026-05-05T09:00:00+00:00","Lahore","9","1","5","125","0.707107","-0.707107","0.5","-0.866025","0.835925","-0.548843","0","1","0","1","31.0","36","1.0","225","12.6","1010.0","0","14.1","12","","0.0","0.0","30.38","","2.7","0","45","pm25","72","31","11","40","6","2","0","Good","97.92","2.2222","25.92","0","","","","45.0","45.0","45.0","50.0","45.0","0.0","45.0","48.12","50.0","0.0","0.0","-0.2083","45","0","72","72","0","0","0"
"2026-05-05T10:00:00+00:00","Lahore","10","1","5","125","0.5","-0.866025","0.5","-0.866025","0.835925","-0.548843","0","0","0","1","31.1","35","2.5","270","12.2","1009.3","0","13.9","21","","0.0","0.0","30.37","","1.5","1","45","pm25","72","31","11","40","6","2","0","Good","38.88","5.5556","25.2","0","","","","45.0","45.0","45.0","50.0","45.0","0.0","45.0","47.92","50.0","0.0","0.0","-0.2083","45","0","72","72","0","0","0"
"2026-05-05T11:00:00+00:00","Lahore","11","1","5","125","0.258819","-0.965926","0.5","-0.866025","0.835925","-0.548843","0","0","0","1","30.9","36","4.0","278","13.0","1008.7","0","14.0","28","","0.0","0.0","30.26","","0.7","1","45","pm25","72","31","11","40","6","2","0","Good","24.48","8.8889","25.92","0","","","","45.0","45.0","45.0","50.0","45.0","0.0","45.0","47.71","50.0","0.0","0.0","-0.2083","45","0","72","72","0","0","0"
"2026-05-05T12:00:00+00:00","Lahore","12","1","5","125","0.0","-1.0","0.5","-0.866025","0.835925","-0.548843","0","0","0","1","29.9","38","9.5","284","13.3","1008.5","0","14.1","64","","0.0","0.0","29.36","","-0.1","2","45","pm25","72","31","11","40","6","2","0","Good","10.4589","21.1111","27.36","0","","","","45.0","45.0","45.0","50.0","45.0","0.0","45.0","47.5","50.0","0.0","0.0","-0.2083","45","0","72","72","0","0","0"
"2026-05-05T13:00:00+00:00","Lahore","13","1","5","125","-0.258819","-0.965926","0.5","-0.866025","0.835925","-0.548843","0","0","0","1","28.0","46","9.4","283","19.1","1008.4","0","15.3","16","","0.0","0.0","28.11","","0.4","0","45","pm25","72","31","11","40","6","2","0","Good","11.183","20.8889","33.12","0","","","","45.0","45.0","45.0","50.0","45.0","0.0","45.0","47.29","50.0","0.0","0.0","-0.2083","45","0","72","72","0","0","0"
"2026-05-05T14:00:00+00:00","Lahore","14","1","5","125","-0.5","-0.866025","0.5","-0.866025","0.835925","-0.548843","0","0","0","1","26.3","54","5.8","286","19.1","1008.7","0","16.3","4","","0.0","0.0","","","1.3","0","45","pm25","72","31","11","40","6","2","0","Good","19.1172","12.8889","38.88","0","","","","45.0","45.0","45.0","50.0","45.0","0.0","45.0","47.08","50.0","0.0","0.0","-0.2083","45","0","72","72","0","0","0"
"2026-05-05T15:00:00+00:00","Lahore","15","1","5","125","-0.707107","-0.707107","0.5","-0.866025","0.835925","-0.548843","0","0","0","1","26.1","57","3.3","315","10.4","1008.8","0","16.9","0","","0.0","0.0","","","2.0","0","45","pm25","72","31","11","40","6","2","0","Good","34.2545","7.3333","41.04","0","","","","45.0","45.0","45.0","50.0","45.0","0.0","45.0","46.88","50.0","0.0","0.0","-0.2083","45","0","72","72","0","0","0"
"2026-05-05T16:00:00+00:00","Lahore","16","1","5","125","-0.866025","-0.5","0.5","-0.866025","0.835925","-0.548843","0","0","0","1","25.5","57","2.0","360","5.0","1009.1","0","16.5","0","","0.0","0.0","","","2.0","0","45","pm25","72","31","11","40","6","2","0","Good","56.52","4.4444","41.04","0","","","","45.0","45.0","45.0","50.0","45.0","0.0","45.0","46.67","50.0","0.0","0.0","-0.2083","45","0","72","72","0","0","0"
"2026-05-05T17:00:00+00:00","Lahore","17","1","5","125","-0.965926","-0.258819","0.5","-0.866025","0.835925","-0.548843","0","1","0","1","24.9","58","2.2","256","3.2","1009.1","0","16.2","0","","0.0","0.0","","","1.8","0","45","pm25","72","31","11","40","6","2","0","Good","51.7091","4.8889","41.76","0","","","","45.0","45.0","45.0","50.0","45.0","0.0","45.0","46.46","50.0","0.0","0.0","-0.2083","45","0","72","72","0","0","0"
"2026-05-05T18:00:00+00:00","Lahore","18","1","5","125","-1.0","-0.0","0.5","-0.866025","0.835925","-0.548843","0","1","0","1","24.4","61","6.1","275","7.2","1008.9","0","16.5","0","","0.0","0.0","","","1.4","0","45","pm25","72","31","11","40","6","2","0","Good","19.0033","13.5556","43.92","0","","","","45.0","45.0","45.0","50.0","45.0","0.0","45.0","46.25","50.0","0.0","0.0","-0.2083","45","0","72","72","0","0","0"
"2026-05-05T19:00:00+00:00","Lahore","19","1","5","125","-0.965926","0.258819","0.5","-0.866025","0.835925","-0.548843","0","1","0","1","24.5","62","5.7","294","10.1","1008.5","0","16.8","0","","0.0","0.0","","","1.5","0","45","pm25","72","31","11","40","6","2","0","Good","20.4632","12.6667","44.64","0","","","","45.0","45.0","45.0","50.0","45.0","0.0","45.0","46.04","50.0","0.0","0.0","-0.2083","45","0","72","72","0","0","0"
"2026-05-05T20:00:00+00:00","Lahore","20","1","5","125","-0.866025","0.5","0.5","-0.866025","0.835925","-0.548843","0","0","0","1","23.6","64","5.5","308","8.6","1008.3","0","16.5","0","","0.0","0.0","","","1.5","0","45","pm25","72","31","11","40","6","2","0","Good","21.4691","12.2222","46.08","0","","","","45.0","45.0","45.0","50.0","45.0","0.0","45.0","45.83","50.0","0.0","0.0","-0.2083","45","0","72","72","0","0","0"
"2026-05-05T21:00:00+00:00","Lahore","21","1","5","125","-0.707107","0.707107","0.5","-0.866025","0.835925","-0.548843","0","0","0","1","23.1","65","4.4","291","8.3","1007.8","0","16.1","0","","0.0","0.0","","","1.5","0","45","pm25","72","31","11","40","6","2","0","Good","27.0","9.7778","46.8","0","","","","45.0","45.0","45.0","50.0","45.0","0.0","45.0","45.62","50.0","0.0","0.0","-0.2083","45","0","72","72","0","0","0"
"2026-05-05T22:00:00+00:00","Lahore","22","1","5","125","-0.5","0.866025","0.5","-0.866025","0.835925","-0.548843","0","0","1","1","22.5","66","2.4","312","6.8","1007.8","0","15.9","0","","0.0","0.0","","","1.7","0","45","pm25","72","31","11","40","6","2","0","Good","49.8","5.3333","47.52","0","","","","45.0","45.0","45.0","50.0","45.0","0.0","45.0","45.42","50.0","0.0","0.0","-0.2083","45","0","72","72","0","0","0"
"2026-05-05T23:00:00+00:00","Lahore","23","1","5","125","-0.258819","0.965926","0.5","-0.866025","0.835925","-0.548843","0","0","1","1","21.7","70","0.8","333","3.6","1007.8","0","15.9","0","","0.0","0.0","","","1.9","0","45","pm25","72","31","11","40","6","2","0","Good","153.0","1.7778","50.4","0","","","","45.0","45.0","45.0","50.0","45.0","0.0","45.0","45.21","50.0","0.0","0.0","-0.2083","45","0","72","72","0","0","0"
"2026-05-06T00:00:00+00:00","Lahore","0","2","5","126","0.0","1.0","0.5","-0.866025","0.826354","-0.563151","0","0","1","1","20.9","80","3.6","72","5.8","1007.8","0","17.2","0","","0.0","0.0","","","2.0","0","58","pm25","71","19","12","53","6","0","1","Moderate","35.5","6.2069","56.8","0","","","","45.0","45.0","45.0","45.0","45.0","0.0","45.0","45.0","45.0","0.0","0.0","0.0","58","1","71","71","1","1","0"
"2026-05-06T01:00:00+00:00","Lahore","1","2","5","126","0.258819","0.965926","0.5","-0.866025","0.826354","-0.563151","0","0","1","1","21.9","76","3.5","81","6.1","1008.2","0","17.4","0","","0.0","0.0","","","2.1","0","58","pm25","71","19","12","53","6","0","1","Moderate","35.7029","6.0345","53.96","0","","","","58.0","45.0","45.0","45.0","49.33","6.13","47.17","45.54","58.0","13.0","2.1667","0.5417","58","1","71","71","1","1","1"
"2026-05-06T02:00:00+00:00","Lahore","2","2","5","126","0.5","0.866025","0.5","-0.866025","0.826354","-0.563151","0","0","1","1","23.5","71","3.2","109","7.9","1008.6","0","18.0","0","","0.0","0.0","","","2.4","0","58","pm25","71","19","12","53","6","0","1","Moderate","37.9406","5.5172","50.41","0","","","","58.0","45.0","45.0","45.0","53.67","6.13","49.33","46.08","58.0","0.0","2.1667","0.5417","58","1","71","71","1","1","0"
"2026-05-06T03:00:00+00:00","Lahore","3","2","5","126","0.707107","0.707107","0.5","-0.866025","0.826354","-0.563151","0","0","1","1","26.3","59","1.9","112","8.3","1009.0","0","17.7","0","","0.0","0.0","","","2.5","0","58","pm25","71","19","12","53","6","0","1","Moderate","59.4158","3.2759","41.89","0","","","","58.0","58.0","45.0","45.0","58.0","0.0","51.5","46.62","58.0","0.0","2.1667","0.5417","58","1","71","71","1","1","0"
"2026-05-06T04:00:00+00:00","Lahore","4","2","5","126","0.866025","0.5","0.5","-0.866025","0.826354","-0.563151","0","0","1","1","28.5","49","0.3","135","8.6","1009.0","0","16.6","0","","0.0","0.0","28.93","","2.2","0","58","pm25","71","19","12","53","6","0","1","Moderate","352.6333","0.5172","34.79","0","","","","58.0","58.0","45.0","45.0","58.0","0.0","53.67","47.17","58.0","0.0","2.1667","0.5417","58","1","71","71","1","1","0"
"2026-05-06T05:00:00+00:00","Lahore","5","2","5","126","0.965926","0.258819","0.5","-0.866025","0.826354","-0.563151","0","0","1","1","30.1","39","2.5","274","12.6","1008.8","0","14.8","0","","0.0","0.0","29.69","","2.1","0","58","pm25","71","19","12","53","6","0","1","Moderate","39.476","4.3103","27.69","0","","","","58.0","58.0","45.0","45.0","58.0","0.0","55.83","47.71","58.0","0.0","2.1667","0.5417","58","1","71","71","1","1","0"
"2026-05-06T06:00:00+00:00","Lahore","6","2","5","126","1.0","0.0","0.5","-0.866025","0.826354","-0.563151","0","0","0","1","31.0","34","3.3","283","15.5","1008.4","0","13.4","0","","0.0","0.0","30.14","","2.3","0","58","pm25","71","19","12","53","6","0","1","Moderate","28.8303","5.6897","24.14","0","","","","58.0","58.0","58.0","45.0","58.0","0.0","58.0","48.25","58.0","0.0","0.0","0.5417","58","1","71","71","1","1","0"
"2026-05-06T07:00:00+00:00","Lahore","7","2","5","126","0.965926","-0.258819","0.5","-0.866025","0.826354","-0.563151","0","1","0","1","31.9","33","3.9","254","15.8","1007.6","0","13.6","5","","0.0","0.0","31.07","","2.6","0","58","pm25","71","19","12","53","6","0","1","Moderate","24.2128","6.7241","23.43","0","","","","58.0","58.0","58.0","45.0","58.0","0.0","58.0","48.79","58.0","0.0","0.0","0.5417","58","1","71","71","1","1","0"
"2026-05-06T08:00:00+00:00","Lahore","8","2","5","126","0.866025","-0.5","0.5","-0.866025","0.826354","-0.563151","0","1","0","1","32.3","31","4.6","288","18.0","1007.0","0","12.8","38","","0.0","0.0","31.29","","2.1","1","58","pm25","71","19","12","53","6","0","1","Moderate","20.2196","7.931","22.01","0","","","","58.0","58.0","58.0","45.0","58.0","0.0","58.0","49.33","58.0","0.0","0.0","0.5417","58","1","71","71","1","1","0"
"2026-05-06T09:00:00+00:00","Lahore","9","2","5","126","0.707107","-0.707107","0.5","-0.866025","0.826354","-0.563151","0","1","0","1","32.6","31","3.3","264","18.0","1006.1","0","13.1","27","","0.0","0.0","31.65","","1.7","1","58","pm25","71","19","12","53","6","0","1","Moderate","28.1848","5.6897","22.01","0","","","","58.0","58.0","58.0","45.0","58.0","0.0","58.0","49.88","58.0","0.0","0.0","0.5417","58","1","71","71","1","1","0"
"2026-05-06T10:00:00+00:00","Lahore","10","2","5","126","0.5","-0.866025","0.5","-0.866025","0.826354","-0.563151","0","0","0","1","33.0","30","2.8","259","15.5","1005.0","0","13.1","52","","0.0","0.0","32.0","","1.2","2","58","pm25","71","19","12","53","6","0","1","Moderate","32.9643","4.8276","21.3","0","","","","58.0","58.0","58.0","45.0","58.0","0.0","58.0","50.42","58.0","0.0","0.0","0.5417","58","1","71","71","1","1","0"
"2026-05-06T11:00:00+00:00","Lahore","11","2","5","126","0.258819","-0.965926","0.5","-0.866025","0.826354","-0.563151","0","0","0","1","32.6","30","6.4","306","18.4","1004.4","0","12.6","88","","0.0","0.0","31.51","","-0.2","3","58","pm25","71","19","12","53","6","0","1","Moderate","14.4219","11.0345","21.3","0","","","","58.0","58.0","58.0","45.0","58.0","0.0","58.0","50.96","58.0","0.0","0.0","0.5417","58","1","71","71","1","1","0"
"2026-05-06T12:00:00+00:00","Lahore","12","2","5","126","0.0","-1.0","0.5","-0.866025","0.826354","-0.563151","0","0","0","1","31.9","32","11.0","230","18.7","1003.5","0","13.0","78","","0.0","0.0","30.94","","-0.7","2","58","pm25","71","19","12","53","6","0","1","Moderate","8.52","18.9655","22.72","0","","","","58.0","58.0","58.0","45.0","58.0","0.0","58.0","51.5","58.0","0.0","0.0","0.5417","58","1","71","71","1","1","0"
"2026-05-06T13:00:00+00:00","Lahore","13","2","5","126","-0.258819","-0.965926","0.5","-0.866025","0.826354","-0.563151","0","0","0","1","29.5","37","8.9","234","21.2","1003.6","0","13.3","5","","0.0","0.0","28.84","","-0.2","0","58","pm25","71","19","12","53","6","0","1","Moderate","10.9292","15.3448","26.27","0","","","","58.0","58.0","58.0","45.0","58.0","0.0","58.0","52.04","58.0","0.0","0.0","0.5417","58","1","71","71","1","1","0"
"2026-05-06T14:00:00+00:00","Lahore","14","2","5","126","-0.5","-0.866025","0.5","-0.866025","0.826354","-0.563151","0","0","0","1","27.0","46","6.6","259","17.6","1004.0","0","14.3","4","","0.0","0.0","","","0.5","0","58","pm25","71","19","12","53","6","0","1","Moderate","15.7061","11.3793","32.66","0","","","","58.0","58.0","58.0","45.0","58.0","0.0","58.0","52.58","58.0","0.0","0.0","0.5417","58","1","71","71","1","1","0"
"2026-05-06T15:00:00+00:00","Lahore","15","2","5","126","-0.707107","-0.707107","0.5","-0.866025","0.826354","-0.563151","0","0","0","1","26.5","50","5.8","304","11.5","1004.3","0","15.1","0","","0.0","0.0","","","0.9","0","58","pm25","71","19","12","53","6","0","1","Moderate","18.3621","10.0","35.5","0","","","","58.0","58.0","58.0","45.0","58.0","0.0","58.0","53.12","58.0","0.0","0.0","0.5417","58","1","71","71","1","1","0"
"2026-05-06T16:00:00+00:00","Lahore","16","2","5","126","-0.866025","-0.5","0.5","-0.866025","0.826354","-0.563151","0","0","0","1","26.0","53","5.4","272","9.4","1004.4","0","15.8","0","","0.0","0.0","","","1.1","0","58","pm25","71","19","12","53","6","0","1","Moderate","20.1167","9.3103","37.63","0","","","","58.0","58.0","58.0","45.0","58.0","0.0","58.0","53.67","58.0","0.0","0.0","0.5417","58","1","71","71","1","1","0"
"2026-05-06T17:00:00+00:00","Lahore","17","2","5","126","-0.965926","-0.258819","0.5","-0.866025","0.826354","-0.563151","0","1","0","1","25.8","56","1.4","203","9.4","1004.6","0","16.3","0","","0.0","0.0","","","1.9","0","58","pm25","71","19","12","53","6","0","1","Moderate","79.1143","2.4138","39.76","0","","","","58.0","58.0","58.0","45.0","58.0","0.0","58.0","54.21","58.0","0.0","0.0","0.5417","58","1","71","71","1","1","0"
"2026-05-06T18:00:00+00:00","Lahore","18","2","5","126","-1.0","-0.0","0.5","-0.866025","0.826354","-0.563151","0","1","0","1","26.9","50","0.7","14","18.7","1004.4","0","15.4","0","","0.0","0.0","","","1.7","0","58","pm25","71","19","12","53","6","0","1","Moderate","152.1429","1.2069","35.5","0","","","","58.0","58.0","58.0","45.0","58.0","0.0","58.0","54.75","58.0","0.0","0.0","0.5417","58","1","71","71","1","1","0"
"2026-05-06T19:00:00+00:00","Lahore","19","2","5","126","-0.965926","0.258819","0.5","-0.866025","0.826354","-0.563151","0","1","0","1","24.5","57","5.4","110","7.9","1004.2","0","15.5","0","","0.0","0.0","","","1.1","0","58","pm25","71","19","12","53","6","0","1","Moderate","20.6426","9.3103","40.47","0","","","","58.0","58.0","58.0","45.0","58.0","0.0","58.0","55.29","58.0","0.0","0.0","0.5417","58","1","71","71","1","1","0"
"2026-05-06T20:00:00+00:00","Lahore","20","2","5","126","-0.866025","0.5","0.5","-0.866025","0.826354","-0.563151","0","0","0","1","23.3","61","8.3","120","15.8","1004.0","0","15.4","0","","0.0","0.0","","","0.6","0","58","pm25","71","19","12","53","6","0","1","Moderate","13.7723","14.3103","43.31","0","","","","58.0","58.0","58.0","45.0","58.0","0.0","58.0","55.83","58.0","0.0","0.0","0.5417","58","1","71","71","1","1","0"
"2026-05-06T21:00:00+00:00","Lahore","21","2","5","126","-0.707107","0.707107","0.5","-0.866025","0.826354","-0.563151","0","0","0","1","22.8","66","8.1","111","15.5","1004.1","0","16.0","0","","0.0","0.0","","","0.9","0","58","pm25","71","19","12","53","6","0","1","Moderate","14.5506","13.9655","46.86","0","","","","58.0","58.0","58.0","45.0","58.0","0.0","58.0","56.38","58.0","0.0","0.0","0.5417","58","1","71","71","1","1","0"
"2026-05-06T22:00:00+00:00","Lahore","22","2","5","126","-0.5","0.866025","0.5","-0.866025","0.826354","-0.563151","0","0","1","1","22.4","70","7.3","132","15.5","1004.7","0","16.5","0","","0.0","0.0","","","1.2","0","58","pm25","71","19","12","53","6","0","1","Moderate","16.5342","12.5862","49.7","0","","","","58.0","58.0","58.0","45.0","58.0","0.0","58.0","56.92","58.0","0.0","0.0","0.5417","58","1","71","71","1","1","0"
"2026-05-06T23:00:00+00:00","Lahore","23","2","5","126","-0.258819","0.965926","0.5","-0.866025","0.826354","-0.563151","0","0","1","1","21.9","72","6.9","137","13.3","1005.0","0","16.6","0","","0.0","0.0","","","1.3","0","58","pm25","71","19","12","53","6","0","1","Moderate","17.6986","11.8966","51.12","0","","","","58.0","58.0","58.0","45.0","58.0","0.0","58.0","57.46","58.0","0.0","0.0","0.5417","58","1","71","71","1","1","0"
"2026-05-07T00:00:00+00:00","Lahore","0","3","5","127","0.0","1.0","0.5","-0.866025","0.816538","-0.577292","0","0","1","1","20.9","75","6.1","76","12.2","1005.3","0","16.4","0","","0.0","0.0","","","1.3","0","52","pm25","67","26","2","51","3","1","1","Moderate","19.2213","11.7308","50.25","0","","","","58.0","58.0","58.0","58.0","58.0","0.0","58.0","58.0","58.0","0.0","0.0","0.0","52","1","67","67","1","1","0"
"2026-05-07T01:00:00+00:00","Lahore","1","3","5","127","0.258819","0.965926","0.5","-0.866025","0.816538","-0.577292","0","0","1","1","21.5","73","6.8","87","12.6","1005.7","0","16.4","0","","0.0","0.0","","","1.2","0","52","pm25","67","26","2","51","3","1","1","Moderate","17.0456","13.0769","48.91","0","","","","52.0","58.0","58.0","58.0","56.0","2.83","57.0","57.75","58.0","-6.0","-1.0","-0.25","52","1","67","67","1","1","-1"
"2026-05-07T02:00:00+00:00","Lahore","2","3","5","127","0.5","0.866025","0.5","-0.866025","0.816538","-0.577292","0","0","1","1","23.3","68","7.4","94","14.0","1006.4","0","17.0","0","","0.0","0.0","","","1.4","0","52","pm25","67","26","2","51","3","1","1","Moderate","15.2108","14.2308","45.56","0","","","","52.0","58.0","58.0","58.0","54.0","2.83","56.0","57.5","58.0","0.0","-1.0","-0.25","52","1","67","67","1","1","0"
"2026-05-07T03:00:00+00:00","Lahore","3","3","5","127","0.707107","0.707107","0.5","-0.866025","0.816538","-0.577292","0","0","1","1","26.0","59","6.0","100","15.5","1006.9","0","17.3","0","","0.0","0.0","","","1.7","0","52","pm25","67","26","2","51","3","1","1","Moderate","17.755","11.5385","39.53","0","","","","52.0","52.0","58.0","58.0","52.0","0.0","55.0","57.25","58.0","0.0","-1.0","-0.25","52","1","67","67","1","1","0"
"2026-05-07T04:00:00+00:00","Lahore","4","3","5","127","0.866025","0.5","0.5","-0.866025","0.816538","-0.577292","0","0","1","1","29.0","48","6.8","101","18.4","1007.1","0","16.8","0","","0.0","0.0","29.42","","1.3","0","52","pm25","67","26","2","51","3","1","1","Moderate","14.5824","13.0769","32.16","0","","","","52.0","52.0","58.0","58.0","52.0","0.0","54.0","57.0","58.0","0.0","-1.0","-0.25","52","1","67","67","1","1","0"
"2026-05-07T05:00:00+00:00","Lahore","5","3","5","127","0.965926","0.258819","0.5","-0.866025","0.816538","-0.577292","0","0","1","1","31.1","38","9.7","109","24.5","1007.3","0","15.1","0","","0.0","0.0","30.76","","1.1","0","52","pm25","67","26","2","51","3","1","1","Moderate","9.532","18.6538","25.46","0","","","","52.0","52.0","58.0","58.0","52.0","0.0","53.0","56.75","58.0","0.0","-1.0","-0.25","52","1","67","67","1","1","0"
"2026-05-07T06:00:00+00:00","Lahore","6","3","5","127","1.0","0.0","0.5","-0.866025","0.816538","-0.577292","0","0","0","1","32.0","35","9.7","109","27.7","1007.2","0","14.6","0","","0.0","0.0","31.47","","1.6","0","52","pm25","67","26","2","51","3","1","1","Moderate","9.3247","18.6538","23.45","0","","","","52.0","52.0","52.0","58.0","52.0","0.0","52.0","56.5","58.0","0.0","0.0","-0.25","52","1","67","67","1","1","0"
"2026-05-07T07:00:00+00:00","Lahore","7","3","5","127","0.965926","-0.258819","0.5","-0.866025","0.816538","-0.577292","0","1","0","1","32.9","32","9.1","104","25.6","1006.7","0","14.1","1","","0.0","0.0","32.17","","1.8","0","52","pm25","67","26","2","51","3","1","1","Moderate","9.7187","17.5","21.44","0","","","","52.0","52.0","52.0","58.0","52.0","0.0","52.0","56.25","58.0","0.0","0.0","-0.25","52","1","67","67","1","1","0"
"2026-05-07T08:00:00+00:00","Lahore","8","3","5","127","0.866025","-0.5","0.5","-0.866025","0.816538","-0.577292","0","1","0","1","33.7","30","7.8","97","24.5","1006.2","0","13.8","6","","0.0","0.0","32.89","","2.0","0","52","pm25","67","26","2","51","3","1","1","Moderate","11.1667","15.0","20.1","0","","","","52.0","52.0","52.0","58.0","52.0","0.0","52.0","56.0","58.0","0.0","0.0","-0.25","52","1","67","67","1","1","0"
"2026-05-07T09:00:00+00:00","Lahore","9","3","5","127","0.707107","-0.707107","0.5","-0.866025","0.816538","-0.577292","0","1","0","1","34.2","27","6.6","57","22.3","1005.7","0","12.6","76","","0.0","0.0","33.05","","1.1","2","52","pm25","67","26","2","51","3","1","1","Moderate","12.8924","12.6923","18.09","0","","","","52.0","52.0","52.0","58.0","52.0","0.0","52.0","55.75","58.0","0.0","0.0","-0.25","52","1","67","67","1","1","0"
"2026-05-07T10:00:00+00:00","Lahore","10","3","5","127","0.5","-0.866025","0.5","-0.866025","0.816538","-0.577292","0","0","0","1","34.0","27","8.4","81","21.6","1005.4","0","12.2","32","","0.0","0.0","32.8","","-0.5","1","52","pm25","67","26","2","51","3","1","1","Moderate","10.1298","16.1538","18.09","0","","","","52.0","52.0","52.0","58.0","52.0","0.0","52.0","55.5","58.0","0.0","0.0","-0.25","52","1","67","67","1","1","0"
"2026-05-07T11:00:00+00:00","Lahore","11","3","5","127","0.258819","-0.965926","0.5","-0.866025","0.816538","-0.577292","0","0","0","1","33.7","27","8.3","79","21.6","1005.5","0","11.9","63","","0.0","0.0","32.43","","-0.7","2","52","pm25","67","26","2","51","3","1","1","Moderate","10.2518","15.9615","18.09","0","","","","52.0","52.0","52.0","58.0","52.0","0.0","52.0","55.25","58.0","0.0","0.0","-0.25","52","1","67","67","1","1","0"
"2026-05-07T12:00:00+00:00","Lahore","12","3","5","127","0.0","-1.0","0.5","-0.866025","0.816538","-0.577292","0","0","0","1","34.4","18","0.6","34","20.2","1004.6","0","6.9","66","","0.0","0.0","32.2","","-0.9","2","52","pm25","67","26","2","51","3","1","1","Moderate","131.7667","1.1538","12.06","0","","","","52.0","52.0","52.0","58.0","52.0","0.0","52.0","55.0","58.0","0.0","0.0","-0.25","52","1","67","67","1","1","0"
"2026-05-07T13:00:00+00:00","Lahore","13","3","5","127","-0.258819","-0.965926","0.5","-0.866025","0.816538","-0.577292","0","0","0","1","31.5","32","4.9","62","9.4","1005.0","0","12.8","39","","0.0","0.0","30.48","","0.2","1","52","pm25","67","26","2","51","3","1","1","Moderate","18.049","9.4231","21.44","0","","","","52.0","52.0","52.0","58.0","52.0","0.0","52.0","54.75","58.0","0.0","0.0","-0.25","52","1","67","67","1","1","0"
"2026-05-07T14:00:00+00:00","Lahore","14","3","5","127","-0.5","-0.866025","0.5","-0.866025","0.816538","-0.577292","0","0","0","1","28.9","36","11.2","89","20.2","1005.5","0","12.4","2","","0.0","0.0","28.18","","-0.9","0","52","pm25","67","26","2","51","3","1","1","Moderate","8.1357","21.5385","24.12","0","","","","52.0","52.0","52.0","58.0","52.0","0.0","52.0","54.5","58.0","0.0","0.0","-0.25","52","1","67","67","1","1","0"
"2026-05-07T15:00:00+00:00","Lahore","15","3","5","127","-0.707107","-0.707107","0.5","-0.866025","0.816538","-0.577292","0","0","0","1","27.7","39","11.0","101","23.0","1006.1","0","12.4","0","","0.0","0.0","27.35","","-0.9","0","52","pm25","67","26","2","51","3","1","1","Moderate","8.4664","21.1538","26.13","0","","","","52.0","52.0","52.0","58.0","52.0","0.0","52.0","54.25","58.0","0.0","0.0","-0.25","52","1","67","67","1","1","0"
"2026-05-07T16:00:00+00:00","Lahore","16","3","5","127","-0.866025","-0.5","0.5","-0.866025","0.816538","-0.577292","0","0","0","1","26.5","42","10.4","99","20.9","1007.0","0","12.8","0","","0.0","0.0","","","-0.6","0","52","pm25","67","26","2","51","3","1","1","Moderate","9.1481","20.0","28.14","0","","","","52.0","52.0","52.0","58.0","52.0","0.0","52.0","54.0","58.0","0.0","0.0","-0.25","52","1","67","67","1","1","0"
"2026-05-07T17:00:00+00:00","Lahore","17","3","5","127","-0.965926","-0.258819","0.5","-0.866025","0.816538","-0.577292","0","1","0","1","25.6","48","10.6","111","20.9","1007.4","0","13.6","0","","0.0","0.0","","","-0.4","0","52","pm25","67","26","2","51","3","1","1","Moderate","9.3547","20.3846","32.16","0","","","","52.0","52.0","52.0","58.0","52.0","0.0","52.0","53.75","58.0","0.0","0.0","-0.25","52","1","67","67","1","1","0"
"2026-05-07T18:00:00+00:00","Lahore","18","3","5","127","-1.0","-0.0","0.5","-0.866025","0.816538","-0.577292","0","1","0","1","25.5","54","10.3","126","21.2","1007.4","0","15.4","0","","0.0","0.0","","","0.3","0","52","pm25","67","26","2","51","3","1","1","Moderate","10.0175","19.8077","36.18","0","","","","52.0","52.0","52.0","58.0","52.0","0.0","52.0","53.5","58.0","0.0","0.0","-0.25","52","1","67","67","1","1","0"
"2026-05-07T19:00:00+00:00","Lahore","19","3","5","127","-0.965926","0.258819","0.5","-0.866025","0.816538","-0.577292","0","1","0","1","25.5","56","9.9","134","19.1","1007.4","0","16.1","0","","0.0","0.0","","","0.7","0","52","pm25","67","26","2","51","3","1","1","Moderate","10.5576","19.0385","37.52","0","","","","52.0","52.0","52.0","58.0","52.0","0.0","52.0","53.25","58.0","0.0","0.0","-0.25","52","1","67","67","1","1","0"
"2026-05-07T20:00:00+00:00","Lahore","20","3","5","127","-0.866025","0.5","0.5","-0.866025","0.816538","-0.577292","0","0","0","1","25.0","60","10.4","134","19.4","1007.2","0","16.8","0","","0.0","0.0","","","0.9","0","52","pm25","67","26","2","51","3","1","1","Moderate","10.3077","20.0","40.2","0","","","","52.0","52.0","52.0","58.0","52.0","0.0","52.0","53.0","58.0","0.0","0.0","-0.25","52","1","67","67","1","1","0"
"2026-05-07T21:00:00+00:00","Lahore","21","3","5","127","-0.707107","0.707107","0.5","-0.866025","0.816538","-0.577292","0","0","0","1","24.5","64","9.7","135","19.4","1007.0","0","17.2","0","","0.0","0.0","","","1.2","0","52","pm25","67","26","2","51","3","1","1","Moderate","11.3278","18.6538","42.88","0","","","","52.0","52.0","52.0","58.0","52.0","0.0","52.0","52.75","58.0","0.0","0.0","-0.25","52","1","67","67","1","1","0"
"2026-05-07T22:00:00+00:00","Lahore","22","3","5","127","-0.5","0.866025","0.5","-0.866025","0.816538","-0.577292","0","0","1","1","24.0","67","8.7","128","18.0","1007.1","0","17.5","0","","0.0","0.0","","","1.4","0","52","pm25","67","26","2","51","3","1","1","Moderate","12.8609","16.7308","44.89","0","","","","52.0","52.0","52.0","58.0","52.0","0.0","52.0","52.5","58.0","0.0","0.0","-0.25","52","1","67","67","1","1","0"
"2026-05-07T23:00:00+00:00","Lahore","23","3","5","127","-0.258819","0.965926","0.5","-0.866025","0.816538","-0.577292","0","0","1","1","23.5","69","8.0","124","15.8","1007.3","0","17.5","0","","0.0","0.0","","","1.4","0","52","pm25","67","26","2","51","3","1","1","Moderate","14.1537","15.3846","46.23","0","","","","52.0","52.0","52.0","58.0","52.0","0.0","52.0","52.25","58.0","0.0","0.0","-0.25","52","1","67","67","1","1","0"
"2026-05-08T00:00:00+00:00","Lahore","0","4","5","128","0.0","1.0","0.5","-0.866025","0.80648","-0.591261","0","0","1","1","22.6","73","6.8","90","14.4","1007.7","0","17.6","0","","0.0","0.0","","","1.8","0","54","pm25","80","20","17","46","5","4","1","Moderate","20.3529","12.5926","58.4","0","","","","52.0","52.0","52.0","52.0","52.0","0.0","52.0","52.0","52.0","0.0","0.0","0.0","54","1","80","80","1","1","0"
"2026-05-08T01:00:00+00:00","Lahore","1","4","5","128","0.258819","0.965926","0.5","-0.866025","0.80648","-0.591261","0","0","1","1","22.9","73","8.5","84","15.5","1008.5","0","17.7","0","","0.0","0.0","","","1.5","0","54","pm25","80","20","17","46","5","4","1","Moderate","16.2824","15.7407","58.4","0","","","","54.0","52.0","52.0","52.0","52.67","0.94","52.33","52.08","54.0","2.0","0.3333","0.0833","54","1","80","80","1","1","0"
"2026-05-08T02:00:00+00:00","Lahore","2","4","5","128","0.5","0.866025","0.5","-0.866025","0.80648","-0.591261","0","0","1","1","24.0","68","8.3","94","18.4","1009.0","0","17.9","0","","0.0","0.0","","","1.7","0","54","pm25","80","20","17","46","5","4","1","Moderate","16.1928","15.3704","54.4","0","","","","54.0","52.0","52.0","52.0","53.33","0.94","52.67","52.17","54.0","0.0","0.3333","0.0833","54","1","80","80","1","1","0"
"2026-05-08T03:00:00+00:00","Lahore","3","4","5","128","0.707107","0.707107","0.5","-0.866025","0.80648","-0.591261","0","0","1","1","26.0","62","9.2","110","22.7","1009.3","0","18.1","0","","0.0","0.0","","","1.6","0","54","pm25","80","20","17","46","5","4","1","Moderate","14.087","17.037","49.6","0","","","","54.0","54.0","52.0","52.0","54.0","0.0","53.0","52.25","54.0","0.0","0.3333","0.0833","54","1","80","80","1","1","0"
"2026-05-08T04:00:00+00:00","Lahore","4","4","5","128","0.866025","0.5","0.5","-0.866025","0.80648","-0.591261","0","0","1","1","28.3","54","9.5","119","24.5","1009.5","0","18.1","0","","0.0","0.0","29.21","","1.6","0","54","pm25","80","20","17","46","5","4","1","Moderate","12.9684","17.5926","43.2","0","","","","54.0","54.0","52.0","52.0","54.0","0.0","53.33","52.33","54.0","0.0","0.3333","0.0833","54","1","80","80","1","1","0"
"2026-05-08T05:00:00+00:00","Lahore","5","4","5","128","0.965926","0.258819","0.5","-0.866025","0.80648","-0.591261","0","0","1","1","30.5","44","9.8","122","26.6","1009.4","0","17.0","0","","0.0","0.0","30.84","","1.8","0","54","pm25","80","20","17","46","5","4","1","Moderate","11.7551","18.1481","35.2","0","","","","54.0","54.0","52.0","52.0","54.0","0.0","53.67","52.42","54.0","0.0","0.3333","0.0833","54","1","80","80","1","1","0"
"2026-05-08T06:00:00+00:00","Lahore","6","4","5","128","1.0","0.0","0.5","-0.866025","0.80648","-0.591261","0","0","0","1","31.6","41","8.0","118","26.3","1009.2","0","16.7","0","","0.0","0.0","31.88","","2.6","0","54","pm25","80","20","17","46","5","4","1","Moderate","14.1","14.8148","32.8","0","","","","54.0","54.0","54.0","52.0","54.0","0.0","54.0","52.5","54.0","0.0","0.0","0.0833","54","1","80","80","1","1","0"
"2026-05-08T07:00:00+00:00","Lahore","7","4","5","128","0.965926","-0.258819","0.5","-0.866025","0.80648","-0.591261","0","1","0","1","32.8","37","6.6","119","22.7","1008.7","0","16.2","0","","0.0","0.0","32.88","","3.1","0","54","pm25","80","20","17","46","5","4","1","Moderate","16.6061","12.2222","29.6","0","","","","54.0","54.0","54.0","52.0","54.0","0.0","54.0","52.58","54.0","0.0","0.0","0.0833","54","1","80","80","1","1","0"
"2026-05-08T08:00:00+00:00","Lahore","8","4","5","128","0.866025","-0.5","0.5","-0.866025","0.80648","-0.591261","0","1","0","1","33.8","34","5.0","120","21.2","1008.1","0","15.6","5","","0.0","0.0","33.75","","3.0","0","54","pm25","80","20","17","46","5","4","1","Moderate","21.44","9.2593","27.2","0","","","","54.0","54.0","54.0","52.0","54.0","0.0","54.0","52.67","54.0","0.0","0.0","0.0833","54","1","80","80","1","1","0"
"2026-05-08T09:00:00+00:00","Lahore","9","4","5","128","0.707107","-0.707107","0.5","-0.866025","0.80648","-0.591261","0","1","0","1","34.3","32","2.6","74","18.7","1007.4","0","15.1","30","","0.0","0.0","34.08","","2.8","1","54","pm25","80","20","17","46","5","4","1","Moderate","40.6154","4.8148","25.6","0","","","","54.0","54.0","54.0","52.0","54.0","0.0","54.0","52.75","54.0","0.0","0.0","0.0833","54","1","80","80","1","1","0"
"2026-05-08T10:00:00+00:00","Lahore","10","4","5","128","0.5","-0.866025","0.5","-0.866025","0.80648","-0.591261","0","0","0","1","34.0","32","3.7","47","15.8","1007.0","0","15.1","30","","0.0","0.0","33.65","","1.4","1","54","pm25","80","20","17","46","5","4","1","Moderate","28.5405","6.8519","25.6","0","","","","54.0","54.0","54.0","52.0","54.0","0.0","54.0","52.83","54.0","0.0","0.0","0.0833","54","1","80","80","1","1","0"
"2026-05-08T11:00:00+00:00","Lahore","11","4","5","128","0.258819","-0.965926","0.5","-0.866025","0.80648","-0.591261","0","0","0","1","33.0","34","4.2","355","17.3","1006.8","0","15.3","84","","0.1","0.1","32.63","","1.2","51","54","pm25","80","20","17","46","5","4","1","Moderate","25.5238","7.7778","27.2","0","","","","54.0","54.0","54.0","52.0","54.0","0.0","54.0","52.92","54.0","0.0","0.0","0.0833","54","1","80","80","1","1","0"
"2026-05-08T12:00:00+00:00","Lahore","12","4","5","128","0.0","-1.0","0.5","-0.866025","0.80648","-0.591261","0","0","0","1","34.0","28","4.8","79","16.6","1006.1","0","12.8","66","","0.0","0.0","32.96","","0.2","2","54","pm25","80","20","17","46","5","4","1","Moderate","21.3333","8.8889","22.4","0","","","","54.0","54.0","54.0","52.0","54.0","0.0","54.0","53.0","54.0","0.0","0.0","0.0833","54","1","80","80","1","1","0"
"2026-05-08T13:00:00+00:00","Lahore","13","4","5","128","-0.258819","-0.965926","0.5","-0.866025","0.80648","-0.591261","0","0","0","1","33.2","30","5.2","56","13.3","1006.6","0","13.4","42","","0.0","0.0","32.25","","0.4","1","54","pm25","80","20","17","46","5","4","1","Moderate","20.0","9.6296","24.0","0","","","","54.0","54.0","54.0","52.0","54.0","0.0","54.0","53.08","54.0","0.0","0.0","0.0833","54","1","80","80","1","1","0"
"2026-05-08T14:00:00+00:00","Lahore","14","4","5","128","-0.5","-0.866025","0.5","-0.866025","0.80648","-0.591261","0","0","0","1","31.1","36","8.1","78","14.0","1006.7","0","14.5","11","","0.0","0.0","30.5","","0.3","0","54","pm25","80","20","17","46","5","4","1","Moderate","13.4321","15.0","28.8","0","","","","54.0","54.0","54.0","52.0","54.0","0.0","54.0","53.17","54.0","0.0","0.0","0.0833","54","1","80","80","1","1","0"
"2026-05-08T15:00:00+00:00","Lahore","15","4","5","128","-0.707107","-0.707107","0.5","-0.866025","0.80648","-0.591261","0","0","0","1","29.9","40","11.3","88","21.2","1007.1","0","14.9","2","","0.0","0.0","29.57","","-0.1","0","54","pm25","80","20","17","46","5","4","1","Moderate","9.9115","20.9259","32.0","0","","","","54.0","54.0","54.0","52.0","54.0","0.0","54.0","53.25","54.0","0.0","0.0","0.0833","54","1","80","80","1","1","0"
"2026-05-08T16:00:00+00:00","Lahore","16","4","5","128","-0.866025","-0.5","0.5","-0.866025","0.80648","-0.591261","0","0","0","1","28.7","43","9.4","91","21.6","1007.8","0","14.9","0","","0.0","0.0","28.57","","0.3","0","54","pm25","80","20","17","46","5","4","1","Moderate","12.1702","17.4074","34.4","0","","","","54.0","54.0","54.0","52.0","54.0","0.0","54.0","53.33","54.0","0.0","0.0","0.0833","54","1","80","80","1","1","0"
"2026-05-08T17:00:00+00:00","Lahore","17","4","5","128","-0.965926","-0.258819","0.5","-0.866025","0.80648","-0.591261","0","1","0","1","27.8","46","7.2","93","16.9","1007.7","0","15.1","0","","0.0","0.0","27.91","","0.6","0","54","pm25","80","20","17","46","5","4","1","Moderate","16.2222","13.3333","36.8","0","","","","54.0","54.0","54.0","52.0","54.0","0.0","54.0","53.42","54.0","0.0","0.0","0.0833","54","1","80","80","1","1","0"
"2026-05-08T18:00:00+00:00","Lahore","18","4","5","128","-1.0","-0.0","0.5","-0.866025","0.80648","-0.591261","0","1","0","1","27.6","50","6.3","97","12.6","1007.8","0","16.1","0","","0.0","0.0","28.01","","1.2","0","54","pm25","80","20","17","46","5","4","1","Moderate","19.0476","11.6667","40.0","0","","","","54.0","54.0","54.0","52.0","54.0","0.0","54.0","53.5","54.0","0.0","0.0","0.0833","54","1","80","80","1","1","0"
"2026-05-08T19:00:00+00:00","Lahore","19","4","5","128","-0.965926","0.258819","0.5","-0.866025","0.80648","-0.591261","0","1","0","1","26.9","52","5.8","126","11.2","1007.5","0","16.3","0","","0.0","0.0","","","1.3","0","54","pm25","80","20","17","46","5","4","1","Moderate","20.9655","10.7407","41.6","0","","","","54.0","54.0","54.0","52.0","54.0","0.0","54.0","53.58","54.0","0.0","0.0","0.0833","54","1","80","80","1","1","0"
"2026-05-08T20:00:00+00:00","Lahore","20","4","5","128","-0.866025","0.5","0.5","-0.866025","0.80648","-0.591261","0","0","0","1","25.9","60","3.6","123","10.1","1007.5","0","17.5","0","","0.0","0.0","","","2.1","0","54","pm25","80","20","17","46","5","4","1","Moderate","35.5556","6.6667","48.0","0","","","","54.0","54.0","54.0","52.0","54.0","0.0","54.0","53.67","54.0","0.0","0.0","0.0833","54","1","80","80","1","1","0"
"2026-05-08T21:00:00+00:00","Lahore","21","4","5","128","-0.707107","0.707107","0.5","-0.866025","0.80648","-0.591261","0","0","0","1","25.5","58","3.5","69","6.1","1007.2","0","16.5","0","","0.0","0.0","","","1.8","0","54","pm25","80","20","17","46","5","4","1","Moderate","36.1143","6.4815","46.4","0","","","","54.0","54.0","54.0","52.0","54.0","0.0","54.0","53.75","54.0","0.0","0.0","0.0833","54","1","80","80","1","1","0"
"2026-05-08T22:00:00+00:00","Lahore","22","4","5","128","-0.5","0.866025","0.5","-0.866025","0.80648","-0.591261","0","0","1","1","24.8","61","4.1","103","7.6","1007.3","0","16.7","0","","0.0","0.0","","","1.8","0","54","pm25","80","20","17","46","5","4","1","Moderate","31.4146","7.5926","48.8","0","","","","54.0","54.0","54.0","52.0","54.0","0.0","54.0","53.83","54.0","0.0","0.0","0.0833","54","1","80","80","1","1","0"
"2026-05-08T23:00:00+00:00","Lahore","23","4","5","128","-0.258819","0.965926","0.5","-0.866025","0.80648","-0.591261","0","0","1","1","24.3","63","4.6","129","7.9","1007.5","0","16.7","0","","0.0","0.0","","","1.7","0","54","pm25","80","20","17","46","5","4","1","Moderate","28.3478","8.5185","50.4","0","","","","54.0","54.0","54.0","52.0","54.0","0.0","54.0","53.92","54.0","0.0","0.0","0.0833","54","1","80","80","1","1","0"
"2026-05-09T00:00:00+00:00","Lahore","0","5","5","129","0.0","1.0","0.5","-0.866025","0.796183","-0.605056","1","0","1","1","24.5","65","6.4","82","10.8","1007.5","0","17.4","0","","0.0","0.0","","","1.7","0","44","pm25","82","20","8","56","3","0","0","Good","21.1406","14.5455","53.3","0","","","","54.0","54.0","54.0","54.0","54.0","0.0","54.0","54.0","54.0","0.0","0.0","0.0","44","0","82","82","0","0","0"
"2026-05-09T01:00:00+00:00","Lahore","1","5","5","129","0.258819","0.965926","0.5","-0.866025","0.796183","-0.605056","1","0","1","1","24.8","64","6.6","103","12.2","1008.2","0","17.5","0","","0.0","0.0","","","1.7","0","44","pm25","82","20","8","56","3","0","0","Good","20.3758","15.0","52.48","0","","","","44.0","54.0","54.0","54.0","50.67","4.71","52.33","53.58","54.0","-10.0","-1.6667","-0.4167","44","0","82","82","0","0","-1"
"2026-05-09T02:00:00+00:00","Lahore","2","5","5","129","0.5","0.866025","0.5","-0.866025","0.796183","-0.605056","1","0","1","1","26.2","60","5.5","117","13.3","1008.8","0","18.0","0","","0.0","0.0","","","2.1","0","44","pm25","82","20","8","56","3","0","0","Good","23.8545","12.5","49.2","0","","","","44.0","54.0","54.0","54.0","47.33","4.71","50.67","53.17","54.0","0.0","-1.6667","-0.4167","44","0","82","82","0","0","0"
"2026-05-09T03:00:00+00:00","Lahore","3","5","5","129","0.707107","0.707107","0.5","-0.866025","0.796183","-0.605056","1","0","1","1","28.9","53","4.8","127","15.1","1009.3","0","18.2","0","","0.0","0.0","29.9","","2.3","0","44","pm25","82","20","8","56","3","0","0","Good","26.1375","10.9091","43.46","0","","","","44.0","44.0","54.0","54.0","44.0","0.0","49.0","52.75","54.0","0.0","-1.6667","-0.4167","44","0","82","82","0","0","0"
"2026-05-09T04:00:00+00:00","Lahore","4","5","5","129","0.866025","0.5","0.5","-0.866025","0.796183","-0.605056","1","0","1","1","31.5","45","5.1","138","17.6","1009.5","0","18.1","0","","0.0","0.0","32.45","","2.3","0","44","pm25","82","20","8","56","3","0","0","Good","23.3137","11.5909","36.9","0","","","","44.0","44.0","54.0","54.0","44.0","0.0","47.33","52.33","54.0","0.0","-1.6667","-0.4167","44","0","82","82","0","0","0"
"2026-05-09T05:00:00+00:00","Lahore","5","5","5","129","0.965926","0.258819","0.5","-0.866025","0.796183","-0.605056","1","0","1","1","33.8","36","5.3","142","19.4","1009.1","0","16.5","0","","0.0","0.0","34.17","","2.2","0","44","pm25","82","20","8","56","3","0","0","Good","21.0415","12.0455","29.52","0","","","","44.0","44.0","54.0","54.0","44.0","0.0","45.67","51.92","54.0","0.0","-1.6667","-0.4167","44","0","82","82","0","0","0"
"2026-05-09T06:00:00+00:00","Lahore","6","5","5","129","1.0","0.0","0.5","-0.866025","0.796183","-0.605056","1","0","0","1","34.0","36","4.8","117","19.4","1009.0","0","16.7","0","","0.0","0.0","34.47","","3.2","0","44","pm25","82","20","8","56","3","0","0","Good","23.2333","10.9091","29.52","0","","","","44.0","44.0","44.0","54.0","44.0","0.0","44.0","51.5","54.0","0.0","0.0","-0.4167","44","0","82","82","0","0","0"
"2026-05-09T07:00:00+00:00","Lahore","7","5","5","129","0.965926","-0.258819","0.5","-0.866025","0.796183","-0.605056","1","1","0","1","35.7","32","3.1","93","19.1","1008.3","0","16.4","0","","0.0","0.0","36.2","","3.7","0","44","pm25","82","20","8","56","3","0","0","Good","34.9161","7.0455","26.24","0","","","","44.0","44.0","44.0","54.0","44.0","0.0","44.0","51.08","54.0","0.0","0.0","-0.4167","44","0","82","82","0","0","0"
"2026-05-09T08:00:00+00:00","Lahore","8","5","5","129","0.866025","-0.5","0.5","-0.866025","0.796183","-0.605056","1","1","0","1","36.4","30","3.3","68","19.1","1007.5","0","15.9","0","","0.0","0.0","36.79","","3.3","0","44","pm25","82","20","8","56","3","0","0","Good","32.303","7.5","24.6","0","","","","44.0","44.0","44.0","54.0","44.0","0.0","44.0","50.67","54.0","0.0","0.0","-0.4167","44","0","82","82","0","0","0"
"2026-05-09T09:00:00+00:00","Lahore","9","5","5","129","0.707107","-0.707107","0.5","-0.866025","0.796183","-0.605056","1","1","0","1","36.9","28","3.6","53","19.4","1006.5","0","15.6","9","","0.0","0.0","37.04","","2.7","0","44","pm25","82","20","8","56","3","0","0","Good","29.1556","8.1818","22.96","0","","","","44.0","44.0","44.0","54.0","44.0","0.0","44.0","50.25","54.0","0.0","0.0","-0.4167","44","0","82","82","0","0","0"
"2026-05-09T10:00:00+00:00","Lahore","10","5","5","129","0.5","-0.866025","0.5","-0.866025","0.796183","-0.605056","1","0","0","1","37.1","27","5.1","39","19.8","1005.7","0","15.2","9","","0.0","0.0","37.08","","1.3","0","44","pm25","82","20","8","56","3","0","0","Good","20.4196","11.5909","22.14","0","","","","44.0","44.0","44.0","54.0","44.0","0.0","44.0","49.83","54.0","0.0","0.0","-0.4167","44","0","82","82","0","0","0"
"2026-05-09T11:00:00+00:00","Lahore","11","5","5","129","0.258819","-0.965926","0.5","-0.866025","0.796183","-0.605056","1","0","0","1","37.0","28","7.2","28","22.3","1005.2","0","15.4","11","","0.0","0.0","37.19","","0.8","0","44","pm25","82","20","8","56","3","0","0","Good","14.5778","16.3636","22.96","0","","","","44.0","44.0","44.0","54.0","44.0","0.0","44.0","49.42","54.0","0.0","0.0","-0.4167","44","0","82","82","0","0","0"
"2026-05-09T12:00:00+00:00","Lahore","12","5","5","129","0.0","-1.0","0.5","-0.866025","0.796183","-0.605056","1","0","0","1","36.7","27","6.7","24","23.0","1004.9","0","14.8","14","","0.0","0.0","36.48","","0.5","0","44","pm25","82","20","8","56","3","0","0","Good","15.5433","15.2273","22.14","0","","","","44.0","44.0","44.0","54.0","44.0","0.0","44.0","49.0","54.0","0.0","0.0","-0.4167","44","0","82","82","0","0","0"
"2026-05-09T13:00:00+00:00","Lahore","13","5","5","129","-0.258819","-0.965926","0.5","-0.866025","0.796183","-0.605056","1","0","0","1","35.7","29","6.6","13","19.4","1005.0","0","14.9","17","","0.0","0.0","35.47","","0.6","0","44","pm25","82","20","8","56","3","0","0","Good","16.0273","15.0","23.78","0","","","","44.0","44.0","44.0","54.0","44.0","0.0","44.0","48.58","54.0","0.0","0.0","-0.4167","44","0","82","82","0","0","0"
"2026-05-09T14:00:00+00:00","Lahore","14","5","5","129","-0.5","-0.866025","0.5","-0.866025","0.796183","-0.605056","1","0","0","1","33.9","33","5.2","29","16.6","1005.2","0","15.6","1","","0.0","0.0","33.7","","1.1","0","44","pm25","82","20","8","56","3","0","0","Good","20.9731","11.8182","27.06","0","","","","44.0","44.0","44.0","54.0","44.0","0.0","44.0","48.17","54.0","0.0","0.0","-0.4167","44","0","82","82","0","0","0"
"2026-05-09T15:00:00+00:00","Lahore","15","5","5","129","-0.707107","-0.707107","0.5","-0.866025","0.796183","-0.605056","1","0","0","1","33.0","36","7.3","36","14.0","1005.5","0","16.0","0","","0.0","0.0","32.98","","0.9","0","44","pm25","82","20","8","56","3","0","0","Good","15.2767","16.5909","29.52","0","","","","44.0","44.0","44.0","54.0","44.0","0.0","44.0","47.75","54.0","0.0","0.0","-0.4167","44","0","82","82","0","0","0"
"2026-05-09T16:00:00+00:00","Lahore","16","5","5","129","-0.866025","-0.5","0.5","-0.866025","0.796183","-0.605056","1","0","0","1","32.1","38","6.7","63","14.8","1006.1","0","15.8","0","","0.0","0.0","32.07","","1.0","0","44","pm25","82","20","8","56","3","0","0","Good","16.8896","15.2273","31.16","0","","","","44.0","44.0","44.0","54.0","44.0","0.0","44.0","47.33","54.0","0.0","0.0","-0.4167","44","0","82","82","0","0","0"
"2026-05-09T17:00:00+00:00","Lahore","17","5","5","129","-0.965926","-0.258819","0.5","-0.866025","0.796183","-0.605056","1","1","0","1","30.2","43","7.5","138","14.4","1006.7","0","16.4","0","","0.0","0.0","30.3","","1.2","0","44","pm25","82","20","8","56","3","0","0","Good","15.6347","17.0455","35.26","0","","","","44.0","44.0","44.0","54.0","44.0","0.0","44.0","46.92","54.0","0.0","0.0","-0.4167","44","0","82","82","0","0","0"
"2026-05-09T18:00:00+00:00","Lahore","18","5","5","129","-1.0","-0.0","0.5","-0.866025","0.796183","-0.605056","1","1","0","1","29.7","48","4.6","144","14.4","1007.0","0","17.6","0","","0.0","0.0","30.33","","2.0","0","44","pm25","82","20","8","56","3","0","0","Good","26.3826","10.4545","39.36","0","","","","44.0","44.0","44.0","54.0","44.0","0.0","44.0","46.5","54.0","0.0","0.0","-0.4167","44","0","82","82","0","0","0"
"2026-05-09T19:00:00+00:00","Lahore","19","5","5","129","-0.965926","0.258819","0.5","-0.866025","0.796183","-0.605056","1","1","0","1","29.3","49","6.4","101","11.2","1006.5","0","17.6","0","","0.0","0.0","29.93","","1.8","0","44","pm25","82","20","8","56","3","0","0","Good","19.0906","14.5455","40.18","0","","","","44.0","44.0","44.0","54.0","44.0","0.0","44.0","46.08","54.0","0.0","0.0","-0.4167","44","0","82","82","0","0","0"
"2026-05-09T20:00:00+00:00","Lahore","20","5","5","129","-0.866025","0.5","0.5","-0.866025","0.796183","-0.605056","1","0","0","1","28.5","51","5.8","99","11.9","1006.3","0","17.5","0","","0.0","0.0","29.14","","1.9","0","44","pm25","82","20","8","56","3","0","0","Good","21.3483","13.1818","41.82","0","","","","44.0","44.0","44.0","54.0","44.0","0.0","44.0","45.67","54.0","0.0","0.0","-0.4167","44","0","82","82","0","0","0"
"2026-05-09T21:00:00+00:00","Lahore","21","5","5","129","-0.707107","0.707107","0.5","-0.866025","0.796183","-0.605056","1","0","0","1","28.0","53","4.1","105","10.1","1005.9","0","17.5","0","","0.0","0.0","28.73","","2.1","0","44","pm25","82","20","8","56","3","0","0","Good","30.6","9.3182","43.46","0","","","","44.0","44.0","44.0","54.0","44.0","0.0","44.0","45.25","54.0","0.0","0.0","-0.4167","44","0","82","82","0","0","0"
"2026-05-09T22:00:00+00:00","Lahore","22","5","5","129","-0.5","0.866025","0.5","-0.866025","0.796183","-0.605056","1","0","1","1","27.5","54","5.9","142","9.7","1006.0","0","17.5","27","","0.0","0.0","28.22","","1.9","1","44","pm25","82","20","8","56","3","0","0","Good","21.4034","13.4091","44.28","0","","","","44.0","44.0","44.0","54.0","44.0","0.0","44.0","44.83","54.0","0.0","0.0","-0.4167","44","0","82","82","0","0","0"
"2026-05-09T23:00:00+00:00","Lahore","23","5","5","129","-0.258819","0.965926","0.5","-0.866025","0.796183","-0.605056","1","0","1","1","27.2","55","5.9","160","11.5","1006.2","0","17.5","3","","0.0","0.0","27.96","","1.9","0","44","pm25","82","20","8","56","3","0","0","Good","21.5424","13.4091","45.1","0","","","","44.0","44.0","44.0","54.0","44.0","0.0","44.0","44.42","54.0","0.0","0.0","-0.4167","44","0","82","82","0","0","0"
"2026-05-10T00:00:00+00:00","Lahore","0","6","5","130","0.0","1.0","0.5","-0.866025","0.78565","-0.618671","1","0","1","1","27.0","59","3.7","157","10.4","1006.3","0","18.5","0","","0.0","0.0","","","2.6","0","60","pm25","103","21","0","47","4","3","1","Moderate","44.2622","6.1667","60.77","0","","","","44.0","44.0","44.0","44.0","44.0","0.0","44.0","44.0","44.0","0.0","0.0","0.0","60","1","103","103","1","1","0"
"2026-05-10T01:00:00+00:00","Lahore","1","6","5","130","0.258819","0.965926","0.5","-0.866025","0.78565","-0.618671","1","0","1","1","27.4","57","6.9","95","11.9","1006.9","0","18.0","24","","0.0","0.0","28.35","","1.9","1","60","pm25","103","21","0","47","4","3","1","Moderate","23.4362","11.5","58.71","0","","","","60.0","44.0","44.0","44.0","49.33","7.54","46.67","44.67","60.0","16.0","2.6667","0.6667","60","1","103","103","1","1","1"
"2026-05-10T02:00:00+00:00","Lahore","2","6","5","130","0.5","0.866025","0.5","-0.866025","0.78565","-0.618671","1","0","1","1","28.6","53","7.2","104","16.6","1007.4","0","18.2","56","","0.0","0.0","29.49","","2.0","2","60","pm25","103","21","0","47","4","3","1","Moderate","21.8875","12.0","54.59","0","","","","60.0","44.0","44.0","44.0","54.67","7.54","49.33","45.33","60.0","0.0","2.6667","0.6667","60","1","103","103","1","1","0"
"2026-05-10T03:00:00+00:00","Lahore","3","6","5","130","0.707107","0.707107","0.5","-0.866025","0.78565","-0.618671","1","0","1","1","30.9","47","7.5","123","20.2","1007.9","0","18.1","92","","0.0","0.0","31.9","","1.9","3","60","pm25","103","21","0","47","4","3","1","Moderate","20.188","12.5","48.41","0","","","","60.0","60.0","44.0","44.0","60.0","0.0","52.0","46.0","60.0","0.0","2.6667","0.6667","60","1","103","103","1","1","0"
"2026-05-10T04:00:00+00:00","Lahore","4","6","5","130","0.866025","0.5","0.5","-0.866025","0.78565","-0.618671","1","0","1","1","33.3","41","6.9","139","20.9","1008.3","0","18.1","50","","0.0","0.0","34.49","","2.0","2","60","pm25","103","21","0","47","4","3","1","Moderate","21.0478","11.5","42.23","0","","","","60.0","60.0","44.0","44.0","60.0","0.0","54.67","46.67","60.0","0.0","2.6667","0.6667","60","1","103","103","1","1","0"
"2026-05-10T05:00:00+00:00","Lahore","5","6","5","130","0.965926","0.258819","0.5","-0.866025","0.78565","-0.618671","1","0","1","1","35.7","33","6.9","152","22.3","1008.0","0","17.0","77","","0.0","0.0","36.46","","2.2","2","60","pm25","103","21","0","47","4","3","1","Moderate","19.8536","11.5","33.99","0","","","","60.0","60.0","44.0","44.0","60.0","0.0","57.33","47.33","60.0","0.0","2.6667","0.6667","60","1","103","103","1","1","0"
"2026-05-10T06:00:00+00:00","Lahore","6","6","5","130","1.0","0.0","0.5","-0.866025","0.78565","-0.618671","1","0","0","1","36.3","32","5.4","150","22.3","1007.7","0","16.9","98","","0.0","0.0","37.17","","3.1","3","60","pm25","103","21","0","47","4","3","1","Moderate","25.1778","9.0","32.96","0","","","","60.0","60.0","60.0","44.0","60.0","0.0","60.0","48.0","60.0","0.0","0.0","0.6667","60","1","103","103","1","1","0"
"2026-05-10T07:00:00+00:00","Lahore","7","6","5","130","0.965926","-0.258819","0.5","-0.866025","0.78565","-0.618671","1","1","0","1","37.8","29","4.4","125","20.5","1007.0","0","16.6","76","","0.0","0.0","38.78","","3.5","2","60","pm25","103","21","0","47","4","3","1","Moderate","30.1977","7.3333","29.87","0","","","","60.0","60.0","60.0","44.0","60.0","0.0","60.0","48.67","60.0","0.0","0.0","0.6667","60","1","103","103","1","1","0"
"2026-05-10T08:00:00+00:00","Lahore","8","6","5","130","0.866025","-0.5","0.5","-0.866025","0.78565","-0.618671","1","1","0","1","38.6","27","4.9","90","20.5","1006.3","0","16.1","48","","0.0","0.0","39.46","","3.0","1","60","pm25","103","21","0","47","4","3","1","Moderate","26.6959","8.1667","27.81","0","","","","60.0","60.0","60.0","44.0","60.0","0.0","60.0","49.33","60.0","0.0","0.0","0.6667","60","1","103","103","1","1","0"
"2026-05-10T09:00:00+00:00","Lahore","9","6","5","130","0.707107","-0.707107","0.5","-0.866025","0.78565","-0.618671","1","1","0","1","38.9","26","7.3","74","23.8","1005.5","0","15.6","40","","0.0","0.0","39.62","","1.6","1","60","pm25","103","21","0","47","4","3","1","Moderate","17.7781","12.1667","26.78","0","","","","60.0","60.0","60.0","44.0","60.0","0.0","60.0","50.0","60.0","0.0","0.0","0.6667","60","1","103","103","1","1","0"
"2026-05-10T10:00:00+00:00","Lahore","10","6","5","130","0.5","-0.866025","0.5","-0.866025","0.78565","-0.618671","1","0","0","1","38.5","26","11.0","52","29.9","1004.8","0","15.6","83","","0.0","0.0","38.98","","0.3","3","60","pm25","103","21","0","47","4","3","1","Moderate","11.7982","18.3333","26.78","0","","","","60.0","60.0","60.0","44.0","60.0","0.0","60.0","50.67","60.0","0.0","0.0","0.6667","60","1","103","103","1","1","0"
"2026-05-10T11:00:00+00:00","Lahore","11","6","5","130","0.258819","-0.965926","0.5","-0.866025","0.78565","-0.618671","1","0","0","1","37.4","27","10.8","58","30.2","1003.5","0","15.1","48","","0.0","0.0","37.54","","0.1","1","60","pm25","103","21","0","47","4","3","1","Moderate","12.112","18.0","27.81","0","","","","60.0","60.0","60.0","44.0","60.0","0.0","60.0","51.33","60.0","0.0","0.0","0.6667","60","1","103","103","1","1","0"
"2026-05-10T12:00:00+00:00","Lahore","12","6","5","130","0.0","-1.0","0.5","-0.866025","0.78565","-0.618671","1","0","0","1","38.4","23","9.7","93","30.6","1002.6","0","13.6","41","","0.0","0.0","37.95","","-0.3","1","60","pm25","103","21","0","47","4","3","1","Moderate","13.0608","16.1667","23.69","0","","","","60.0","60.0","60.0","44.0","60.0","0.0","60.0","52.0","60.0","0.0","0.0","0.6667","60","1","103","103","1","1","0"
"2026-05-10T13:00:00+00:00","Lahore","13","6","5","130","-0.258819","-0.965926","0.5","-0.866025","0.78565","-0.618671","1","0","0","1","37.2","25","10.6","87","25.2","1002.9","0","13.6","41","","0.0","0.0","36.72","","-0.4","1","60","pm25","103","21","0","47","4","3","1","Moderate","12.1462","17.6667","25.75","0","","","","60.0","60.0","60.0","44.0","60.0","0.0","60.0","52.67","60.0","0.0","0.0","0.6667","60","1","103","103","1","1","0"
"2026-05-10T14:00:00+00:00","Lahore","14","6","5","130","-0.5","-0.866025","0.5","-0.866025","0.78565","-0.618671","1","0","0","1","35.5","28","7.8","116","23.4","1003.2","0","14.3","15","","0.0","0.0","34.97","","0.3","0","60","pm25","103","21","0","47","4","3","1","Moderate","16.9026","13.0","28.84","0","","","","60.0","60.0","60.0","44.0","60.0","0.0","60.0","53.33","60.0","0.0","0.0","0.6667","60","1","103","103","1","1","0"
"2026-05-10T15:00:00+00:00","Lahore","15","6","5","130","-0.707107","-0.707107","0.5","-0.866025","0.78565","-0.618671","1","0","0","1","33.8","36","8.3","124","16.6","1003.7","0","16.9","58","","0.0","0.0","34.17","","1.2","2","60","pm25","103","21","0","47","4","3","1","Moderate","16.8771","13.8333","37.08","0","","","","60.0","60.0","60.0","44.0","60.0","0.0","60.0","54.0","60.0","0.0","0.0","0.6667","60","1","103","103","1","1","0"
"2026-05-10T16:00:00+00:00","Lahore","16","6","5","130","-0.866025","-0.5","0.5","-0.866025","0.78565","-0.618671","1","0","0","1","32.3","43","7.7","90","16.2","1004.8","0","18.2","99","","0.0","0.0","33.31","","1.9","3","60","pm25","103","21","0","47","4","3","1","Moderate","19.1286","12.8333","44.29","0","","","","60.0","60.0","60.0","44.0","60.0","0.0","60.0","54.67","60.0","0.0","0.0","0.6667","60","1","103","103","1","1","0"
"2026-05-10T17:00:00+00:00","Lahore","17","6","5","130","-0.965926","-0.258819","0.5","-0.866025","0.78565","-0.618671","1","1","0","1","31.5","46","8.7","72","17.6","1005.3","0","18.5","100","","0.0","0.0","32.64","","1.9","3","60","pm25","103","21","0","47","4","3","1","Moderate","17.2851","14.5","47.38","0","","","","60.0","60.0","60.0","44.0","60.0","0.0","60.0","55.33","60.0","0.0","0.0","0.6667","60","1","103","103","1","1","0"
"2026-05-10T18:00:00+00:00","Lahore","18","6","5","130","-1.0","-0.0","0.5","-0.866025","0.78565","-0.618671","1","1","0","1","31.0","47","10.0","70","16.2","1006.6","0","18.5","100","","0.0","0.0","32.05","","1.7","3","60","pm25","103","21","0","47","4","3","1","Moderate","15.141","16.6667","48.41","0","","","","60.0","60.0","60.0","44.0","60.0","0.0","60.0","56.0","60.0","0.0","0.0","0.6667","60","1","103","103","1","1","0"
"2026-05-10T19:00:00+00:00","Lahore","19","6","5","130","-0.965926","0.258819","0.5","-0.866025","0.78565","-0.618671","1","1","0","1","30.2","53","4.5","247","19.1","1008.0","0","19.6","100","","0.3","0.3","31.86","","3.0","51","60","pm25","103","21","0","47","4","3","1","Moderate","35.02","7.5","54.59","0","","","","60.0","60.0","60.0","44.0","60.0","0.0","60.0","56.67","60.0","0.0","0.0","0.6667","60","1","103","103","1","1","0"
"2026-05-10T20:00:00+00:00","Lahore","20","6","5","130","-0.866025","0.5","0.5","-0.866025","0.78565","-0.618671","1","0","0","1","27.5","66","12.6","336","22.7","1007.6","0","20.6","100","","0.6","0.6","29.31","","2.3","53","60","pm25","103","21","0","47","4","3","1","Moderate","13.5698","21.0","67.98","0","","","","60.0","60.0","60.0","44.0","60.0","0.0","60.0","57.33","60.0","0.0","0.0","0.6667","60","1","103","103","1","1","0"
"2026-05-10T21:00:00+00:00","Lahore","21","6","5","130","-0.707107","0.707107","0.5","-0.866025","0.78565","-0.618671","1","0","0","1","25.5","79","8.6","23","29.5","1007.0","0","21.5","100","","0.1","0.1","","","3.5","51","60","pm25","103","21","0","47","4","3","1","Moderate","21.4384","14.3333","81.37","0","","","","60.0","60.0","60.0","44.0","60.0","0.0","60.0","58.0","60.0","0.0","0.0","0.6667","60","1","103","103","1","1","0"
"2026-05-10T22:00:00+00:00","Lahore","22","6","5","130","-0.5","0.866025","0.5","-0.866025","0.78565","-0.618671","1","0","1","1","25.8","77","9.2","118","17.6","1005.6","0","21.5","100","","0.0","0.0","","","3.3","3","60","pm25","103","21","0","47","4","3","1","Moderate","19.8163","15.3333","79.31","0","","","","60.0","60.0","60.0","44.0","60.0","0.0","60.0","58.67","60.0","0.0","0.0","0.6667","60","1","103","103","1","1","0"
"2026-05-10T23:00:00+00:00","Lahore","23","6","5","130","-0.258819","0.965926","0.5","-0.866025","0.78565","-0.618671","1","0","1","1","25.8","76","9.3","53","18.7","1006.6","0","21.2","38","","0.0","0.0","","","3.1","1","60","pm25","103","21","0","47","4","3","1","Moderate","19.4925","15.5","78.28","0","","","","60.0","60.0","60.0","44.0","60.0","0.0","60.0","59.33","60.0","0.0","0.0","0.6667","60","1","103","103","1","1","0"
